Nation,Total Units,Total Fatalities,Total Serious Injuries,Total Minor Injuries,Year,Month,Day,Time,Speed Limit,Moisture,Adverse Weather Conditions,DayNight,Crash Type,Crash Severity,Alcohol Related ,Drug Related
AUS,3,0,0,0,2017, February, Wednesday,21:20,60, Dry, N, Night, Hit Fixed Object, Not Injured, N, N
AUS,2,0,0,0,2017, February, Thursday,16:00,60, Dry, N, Daylight, Rear End, Not Injured, N, N
AUS,3,0,0,1,2017, February, Thursday,15:10,100, Dry, N, Daylight, Hit Fixed Object, Minor Injury, N, N
AUS,3,0,0,2,2017, February, Thursday,17:20,50, Dry, N, Daylight, Hit Pedestrian, Minor Injury, N, N
AUS,2,0,0,0,2017, February, Thursday,16:20,50, Dry, N, Daylight, Side Swipe, Not Injured, N, N
AUS,2,0,0,0,2017, February, Thursday,19:30,50, Dry, N, Daylight, Right Angle, Not Injured, N, N
AUS,2,0,0,0,2017, February, Friday,8:30,70, Dry, N, Daylight, Side Swipe, Not Injured, N, N
AUS,2,0,0,0,2017, February, Friday,7:20,60, Dry, N, Daylight, Rear End, Not Injured, N, N
AUS,2,0,0,0,2017, February, Thursday,11:10,50, Dry, N, Daylight, Rear End, Not Injured, N, N
AUS,2,0,0,1,2017, February, Thursday,8:50,50, Dry, N, Daylight, Right Angle, Minor Injury, N, N
AUS,2,0,0,0,2017, February, Friday,8:10,50, Dry, N, Daylight, Right Angle, Not Injured, N, N
AUS,2,0,0,0,2017, February, Friday,10:20,60, Dry, N, Daylight, Rear End, Not Injured, N, N
AUS,2,0,0,0,2017, February, Friday,9:30,100, Dry, N, Daylight, Rear End, Not Injured, N, N
AUS,3,0,0,0,2017, February, Friday,8:30,40, Dry, N, Daylight, Rear End, Not Injured, N, N
AUS,2,0,0,1,2017, February, Sunday,17:40,60, Wet, Y, Daylight, Rear End, Minor Injury, N, N
AUS,3,0,0,1,2017, February, Thursday,9:10,60, Dry, N, Daylight, Hit Fixed Object, Minor Injury, N, N
AUS,4,0,0,1,2017, February, Friday,13:00,60, Dry, N, Daylight, Rear End, Minor Injury, N, N
AUS,2,0,0,1,2017, February, Thursday,20:10,50, Dry, N, Daylight, Right Angle, Minor Injury, N, N
AUS,2,0,0,0,2017, February, Thursday,16:20,90, Dry, N, Daylight, Right Angle, Not Injured, N, N
AUS,4,0,0,0,2017, February, Thursday,18:20,60, Dry, N, Daylight, Rear End, Not Injured, N, N
AUS,2,0,0,0,2017, February, Friday,14:20,60, Dry, N, Daylight, Rear End, Not Injured, N, N
AUS,2,0,0,0,2017, February, Thursday,20:20,60, Dry, N, Night, Rear End, Not Injured, N, N
AUS,2,0,0,1,2017, February, Friday,12:00,60, Dry, N, Daylight, Rear End, Minor Injury, N, N
AUS,2,0,0,0,2017, February, Friday,16:00,60, Dry, N, Daylight, Side Swipe, Not Injured, N, N
AUS,2,0,0,0,2017, February, Friday,15:40,60, Dry, N, Daylight, Rear End, Not Injured, N, N
AUS,2,0,0,1,2017, February, Friday,15:50,60, Dry, N, Daylight, Rear End, Minor Injury, N, N
AUS,4,0,0,0,2017, February, Friday,15:10,80, Dry, N, Daylight, Rear End, Not Injured, N, N
AUS,2,0,0,0,2017, February, Friday,16:10,110, Dry, N, Daylight, Hit Fixed Object, Not Injured, Y, N
AUS,4,0,0,1,2017, February, Friday,20:00,70, Dry, N, Daylight, Rear End, Minor Injury, Y, N
AUS,2,0,0,0,2017, February, Friday,20:50,100, Dry, N, Night, Rear End, Not Injured, N, N
AUS,2,1,1,0,2017, February, Friday,16:20,110, Dry, N, Daylight, Head On, Fatal, Y, N
AUS,4,0,0,0,2017, February, Friday,23:30,50, Dry, N, Night, Hit Fixed Object, Not Injured, Y, N
AUS,2,0,0,1,2017, February, Saturday,5:50,80, Dry, N, Night, Hit Fixed Object, Minor Injury, N, N
AUS,2,0,0,1,2017, February, Friday,10:00,60, Dry, N, Daylight, Rear End, Minor Injury, N, N
AUS,2,0,0,1,2017, February, Friday,21:10,60, Dry, N, Night, Rear End, Minor Injury, N, N
AUS,3,0,0,1,2017, February, Saturday,11:30,50, Dry, N, Daylight, Side Swipe, Minor Injury, N, N
AUS,2,0,0,0,2017, February, Saturday,12:20,60, Dry, N, Daylight, Rear End, Not Injured, N, N
AUS,2,0,0,1,2017, February, Friday,19:30,50, Dry, N, Daylight, Hit Pedestrian, Minor Injury, N, N
AUS,2,0,0,1,2017, February, Saturday,8:40,50, Dry, N, Daylight, Hit Fixed Object, Minor Injury, N, Y
AUS,2,0,0,0,2017, February, Friday,15:50,60, Dry, N, Daylight, Side Swipe, Not Injured, N, N
AUS,3,0,1,1,2017, February, Friday,19:40,60, Dry, N, Daylight, Side Swipe, Major Injury, N, N
AUS,5,0,0,0,2017, February, Thursday,16:30,50, Dry, N, Daylight, Rear End, Not Injured, N, N
AUS,2,0,0,0,2017, February, Friday,20:40,60, Dry, N, Night, Hit Fixed Object, Not Injured, N, N
AUS,2,0,0,0,2017, February, Saturday,16:00,50, Dry, N, Daylight, Right Angle, Not Injured, N, N
AUS,2,0,1,0,2017, February, Saturday,13:30,50, Dry, N, Daylight, Hit Pedestrian, Major Injury, N, N
AUS,2,0,0,1,2017, February, Saturday,15:10,50, Dry, N, Daylight, Rear End, Minor Injury, N, N
AUS,2,0,1,0,2017, February, Wednesday,15:00,50, Dry, N, Daylight, Right Angle, Major Injury, N, N
AUS,2,0,0,1,2017, February, Saturday,22:00,50, Dry, N, Night, Hit Fixed Object, Minor Injury, N, Y
AUS,4,0,0,0,2017, February, Saturday,12:30,50, Dry, N, Daylight, Hit Fixed Object, Not Injured, N, N
AUS,2,0,0,0,2017, February, Sunday,7:00,60, Dry, N, Daylight, Hit Fixed Object, Not Injured, N, N
AUS,2,0,0,1,2017, February, Saturday,11:40,100, Dry, N, Daylight, Hit Fixed Object, Minor Injury, N, N
AUS,2,0,0,0,2017, February, Saturday,18:20,40, Dry, N, Daylight, Right Angle, Not Injured, N, N
AUS,2,0,0,1,2017, February, Sunday,8:40,60, Dry, N, Daylight, Rear End, Minor Injury, N, N
AUS,2,0,0,0,2017, February, Saturday,19:10,50, Dry, N, Daylight, Hit Fixed Object, Not Injured, N, N
AUS,3,0,0,1,2017, February, Saturday,21:00,60, Dry, N, Night, Rear End, Minor Injury, N, N
AUS,2,0,1,0,2017, February, Sunday,10:20,50, Dry, N, Daylight, Side Swipe, Major Injury, N, N
AUS,2,0,0,0,2017, February, Saturday,18:20,50, Dry, N, Daylight, Right Angle, Not Injured, N, N
AUS,2,0,0,0,2017, February, Sunday,11:20,60, Dry, N, Daylight, Right Angle, Not Injured, N, N
AUS,2,0,0,0,2017, February, Saturday,22:50,50, Dry, N, Night, Side Swipe, Not Injured, N, N
AUS,2,0,0,1,2017, February, Saturday,19:00,60, Dry, N, Daylight, Right Angle, Minor Injury, N, N
AUS,2,0,0,1,2017, February, Sunday,13:40,80, Dry, N, Daylight, Rear End, Minor Injury, N, N
AUS,2,0,0,1,2017, February, Sunday,4:40,100, Dry, N, Night, Hit Fixed Object, Minor Injury, N, N
AUS,3,0,0,2,2017, February, Sunday,15:20,60, Dry, N, Daylight, Head On, Minor Injury, N, N
AUS,2,0,0,0,2017, February, Sunday,15:00,50, Dry, N, Daylight, Right Angle, Not Injured, N, N
AUS,2,0,0,1,2017, February, Sunday,16:50,50, Dry, N, Daylight, Head On, Minor Injury, N, N
AUS,3,0,0,1,2017, February, Sunday,18:20,60, Dry, N, Daylight, Rear End, Minor Injury, N, N
AUS,2,0,0,1,2017, February, Sunday,20:30,50, Dry, N, Night, Hit Fixed Object, Minor Injury, Y, N
AUS,2,0,0,0,2017, February, Sunday,20:50,50, Dry, N, Night, Right Angle, Not Injured, N, N
AUS,2,1,0,0,2017, February, Sunday,20:10,50, Dry, N, Daylight, Hit Pedestrian, Fatal, N, N
AUS,3,0,0,0,2017, February, Sunday,22:40,50, Dry, N, Night, Right Angle, Not Injured, N, N
AUS,2,0,0,0,2017, February, Monday,1:40,60, Dry, N, Night, Hit Fixed Object, Not Injured, N, Y
AUS,2,0,0,1,2017, February, Sunday,12:10,60, Dry, N, Daylight, Rear End, Minor Injury, N, N
AUS,2,0,0,3,2017, February, Monday,13:10,50, Dry, N, Daylight, Rear End, Minor Injury, N, N
AUS,3,0,0,0,2017, February, Monday,11:50,60, Dry, N, Daylight, Rear End, Not Injured, N, N
AUS,2,0,0,0,2017, February, Monday,15:00,60, Dry, N, Daylight, Right Angle, Not Injured, N, N
AUS,2,0,0,1,2017, February, Monday,7:20,90, Dry, N, Daylight, Rear End, Minor Injury, N, N
AUS,2,0,0,0,2017, February, Monday,16:00,60, Dry, N, Daylight, Right Angle, Not Injured, N, N
AUS,2,0,1,1,2017, February, Saturday,19:30,60, Dry, N, Daylight, Right Angle, Major Injury, Y, N
AUS,2,0,0,0,2017, February, Monday,7:30,60, Dry, N, Daylight, Rear End, Not Injured, N, N
AUS,2,0,0,0,2017, February, Monday,10:30,50, Dry, N, Daylight, Rear End, Not Injured, N, N
AUS,2,0,0,0,2017, February, Monday,16:30,50, Dry, N, Daylight, Hit Fixed Object, Not Injured, N, N
AUS,2,0,0,0,2017, February, Monday,16:50,60, Dry, N, Daylight, Right Angle, Not Injured, N, N
AUS,2,0,0,1,2017, February, Monday,15:20,50, Dry, N, Daylight, Rear End, Minor Injury, N, N
AUS,2,0,0,0,2017, February, Monday,18:00,60, Dry, N, Daylight, Hit Fixed Object, Not Injured, N, N
AUS,3,0,0,0,2017, February, Monday,16:30,90, Dry, N, Daylight, Rear End, Not Injured, N, N
AUS,2,0,0,0,2017, February, Monday,17:30,60, Dry, N, Daylight, Rear End, Not Injured, N, N
AUS,2,0,0,1,2017, February, Monday,17:00,50, Dry, N, Daylight, Side Swipe, Minor Injury, N, N
AUS,2,0,0,0,2017, February, Monday,15:20,60, Dry, N, Daylight, Right Angle, Not Injured, N, N
AUS,3,0,0,0,2017, February, Monday,15:20,50, Dry, N, Daylight, Hit Fixed Object, Not Injured, Y, N
AUS,2,0,0,0,2017, February, Monday,17:40,50, Dry, N, Daylight, Right Angle, Not Injured, N, N
AUS,2,0,0,0,2017, February, Tuesday,2:40,60, Dry, N, Night, Right Angle, Not Injured, N, N
AUS,4,0,0,0,2017, February, Monday,12:50,60, Dry, N, Daylight, Rear End, Not Injured, N, N
AUS,2,0,0,1,2017, February, Tuesday,8:30,50, Dry, N, Daylight, Side Swipe, Minor Injury, N, N
AUS,2,0,0,1,2017, February, Monday,12:20,60, Dry, N, Daylight, Right Angle, Minor Injury, N, N
AUS,2,0,0,1,2017, February, Tuesday,7:40,60, Dry, N, Daylight, Right Angle, Minor Injury, N, N
AUS,2,0,0,0,2017, February, Tuesday,8:50,60, Dry, N, Daylight, Side Swipe, Not Injured, N, N
AUS,2,0,0,0,2017, February, Tuesday,8:20,80, Dry, N, Daylight, Rear End, Not Injured, N, N
AUS,2,0,0,0,2017, February, Tuesday,8:30,60, Dry, N, Daylight, Right Angle, Not Injured, N, N
AUS,2,0,0,1,2017, February, Tuesday,8:30,60, Dry, N, Daylight, Rear End, Minor Injury, N, N
AUS,2,0,0,0,2017, February, Saturday,7:40,50, Dry, N, Daylight, Side Swipe, Not Injured, N, N
AUS,3,0,0,1,2017, February, Tuesday,11:00,50, Dry, N, Daylight, Hit Pedestrian, Minor Injury, N, N
AUS,2,0,0,1,2017, February, Tuesday,13:30,60, Dry, N, Daylight, Right Angle, Minor Injury, N, N
AUS,2,0,0,1,2017, February, Tuesday,10:40,50, Dry, N, Daylight, Hit Pedestrian, Minor Injury, N, N
AUS,2,0,0,0,2017, February, Tuesday,12:20,60, Dry, N, Daylight, Rear End, Not Injured, N, N
AUS,2,0,0,0,2017, February, Tuesday,11:50,60, Dry, N, Daylight, Right Angle, Not Injured, N, N
AUS,2,0,0,0,2017, February, Tuesday,11:30,60, Dry, N, Daylight, Right Angle, Not Injured, N, N
AUS,2,0,0,0,2017, February, Tuesday,7:40,50, Dry, N, Daylight, Hit Fixed Object, Not Injured, N, N
AUS,2,0,0,0,2017, February, Tuesday,8:00,60, Dry, N, Daylight, Rear End, Not Injured, N, N
AUS,2,0,0,0,2017, February, Tuesday,14:00,60, Dry, N, Daylight, Side Swipe, Not Injured, N, N
AUS,2,0,0,0,2017, February, Monday,21:00,50, Dry, N, Night, Right Angle, Not Injured, N, N
AUS,2,0,0,0,2017, February, Monday,17:30,60, Dry, N, Daylight, Rear End, Not Injured, N, N
AUS,2,0,0,0,2017, February, Tuesday,14:40,70, Dry, N, Daylight, Head On, Not Injured, N, N
AUS,2,0,0,1,2017, February, Monday,18:50,60, Dry, N, Daylight, Right Angle, Minor Injury, N, N
AUS,2,0,0,1,2017, February, Tuesday,13:20,50, Dry, N, Daylight, Hit Fixed Object, Minor Injury, N, N
AUS,2,0,0,1,2017, February, Monday,16:40,60, Dry, N, Daylight, Rear End, Minor Injury, N, N
AUS,3,0,1,0,2017, February, Tuesday,15:20,60, Dry, N, Daylight, Rear End, Major Injury, N, N
AUS,2,0,0,2,2017, February, Monday,15:40,60, Dry, N, Daylight, Rear End, Minor Injury, N, N
AUS,2,0,0,1,2017, February, Tuesday,15:00,60, Dry, N, Daylight, Rear End, Minor Injury, N, N
AUS,2,0,0,0,2017, February, Tuesday,15:40,50, Dry, N, Daylight, Rear End, Not Injured, N, N
AUS,3,0,0,0,2017, February, Tuesday,15:00,60, Dry, N, Daylight, Rear End, Not Injured, N, N
AUS,2,0,0,0,2017, February, Monday,21:50,60, Dry, N, Night, Hit Fixed Object, Not Injured, N, N
AUS,4,0,0,0,2017, February, Tuesday,17:30,70, Dry, N, Daylight, Rear End, Not Injured, N, N
AUS,2,0,0,0,2017, February, Tuesday,16:00,60, Dry, N, Daylight, Rear End, Not Injured, N, N
AUS,2,0,0,1,2017, February, Tuesday,16:30,50, Dry, N, Daylight, Right Angle, Minor Injury, N, N
AUS,2,0,0,1,2017, February, Tuesday,18:30,60, Dry, N, Daylight, Rear End, Minor Injury, N, N
AUS,3,0,0,0,2017, February, Tuesday,17:30,60, Dry, N, Daylight, Rear End, Not Injured, N, N
AUS,2,0,0,0,2017, February, Wednesday,6:10,80, Dry, N, Night, Hit Fixed Object, Not Injured, N, Y
AUS,2,0,0,1,2017, February, Tuesday,7:00,50, Dry, N, Daylight, Right Angle, Minor Injury, N, N
AUS,2,0,0,1,2017, February, Tuesday,7:40,50, Dry, N, Daylight, Right Angle, Minor Injury, N, N
AUS,2,0,0,0,2017, February, Tuesday,9:00,60, Dry, N, Daylight, Rear End, Not Injured, N, N
AUS,2,0,0,3,2017, February, Wednesday,8:10,80, Dry, N, Daylight, Right Angle, Minor Injury, N, Y
AUS,2,0,0,1,2017, February, Wednesday,8:40,50, Dry, N, Daylight, Right Angle, Minor Injury, N, N
AUS,3,0,0,1,2017, February, Tuesday,12:00,60, Dry, N, Daylight, Rear End, Minor Injury, N, N
AUS,3,0,0,1,2017, February, Tuesday,15:30,60, Dry, N, Daylight, Rear End, Minor Injury, N, N
AUS,2,0,0,1,2017, February, Wednesday,9:20,60, Dry, N, Daylight, Rear End, Minor Injury, N, N
AUS,2,0,0,0,2017, February, Wednesday,10:50,60, Dry, N, Daylight, Rear End, Not Injured, N, N
AUS,2,0,0,0,2017, February, Wednesday,6:50,60, Dry, N, Daylight, Side Swipe, Not Injured, N, N
AUS,2,0,0,1,2017, February, Wednesday,12:20,50, Dry, N, Daylight, Right Angle, Minor Injury, N, N
AUS,2,0,0,0,2017, February, Wednesday,0:00,50, Dry, N, Daylight, Rear End, Not Injured, N, N
AUS,2,0,0,0,2017, February, Wednesday,8:30,60, Dry, N, Daylight, Rear End, Not Injured, N, N
AUS,3,0,0,1,2017, February, Wednesday,12:20,60, Dry, N, Daylight, Rear End, Minor Injury, N, N
AUS,2,0,0,1,2017, February, Wednesday,11:50,60, Dry, N, Daylight, Right Angle, Minor Injury, N, Y
AUS,2,0,1,0,2017, February, Wednesday,13:10,60, Dry, N, Daylight, Right Angle, Major Injury, N, N
AUS,2,0,0,1,2017, February, Tuesday,8:30,60, Dry, N, Daylight, Side Swipe, Minor Injury, N, N
AUS,3,0,0,0,2017, February, Tuesday,16:00,60, Dry, N, Daylight, Rear End, Not Injured, N, N
AUS,2,0,0,0,2017, February, Monday,4:00,100, Dry, N, Night, Hit Fixed Object, Not Injured, N, N
AUS,2,0,0,1,2017, February, Wednesday,14:50,60, Dry, N, Daylight, Rear End, Minor Injury, N, N
AUS,4,0,0,4,2017, February, Wednesday,15:30,60, Dry, N, Daylight, Rear End, Minor Injury, N, N
AUS,2,0,0,0,2017, February, Tuesday,11:00,60, Dry, N, Daylight, Side Swipe, Not Injured, N, N
AUS,2,0,0,1,2017, February, Wednesday,15:50,50, Dry, N, Daylight, Rear End, Minor Injury, Y, N
AUS,2,0,0,0,2017, February, Wednesday,14:50,110, Dry, N, Daylight, Hit Fixed Object, Not Injured, N, N
AUS,2,0,0,0,2017, February, Wednesday,18:20,50, Dry, N, Daylight, Rear End, Not Injured, N, N
AUS,2,0,0,0,2017, February, Tuesday,21:00,60, Dry, N, Night, Right Angle, Not Injured, N, N
AUS,3,0,0,0,2017, February, Monday,11:50,60, Dry, N, Daylight, Rear End, Not Injured, N, N
AUS,2,0,0,1,2017, February, Wednesday,14:30,50, Dry, N, Daylight, Hit Pedestrian, Minor Injury, N, N
AUS,2,0,0,1,2017, February, Wednesday,18:10,50, Dry, N, Daylight, Right Angle, Minor Injury, N, N
AUS,2,0,0,1,2017, February, Wednesday,16:40,60, Dry, N, Daylight, Right Angle, Minor Injury, N, N
AUS,2,0,0,1,2017, February, Wednesday,8:50,60, Dry, N, Daylight, Rear End, Minor Injury, N, N
AUS,4,0,0,1,2017, February, Wednesday,18:10,60, Dry, N, Daylight, Rear End, Minor Injury, N, N
AUS,3,0,0,1,2017, February, Wednesday,18:30,90, Dry, N, Daylight, Rear End, Minor Injury, N, N
AUS,2,0,0,0,2017, February, Wednesday,18:20,80, Dry, N, Daylight, Hit Fixed Object, Not Injured, N, N
AUS,8,0,0,3,2017, February, Wednesday,12:50,60, Dry, N, Daylight, Head On, Minor Injury, N, N
AUS,2,0,0,0,2017, February, Thursday,8:30,50, Dry, N, Daylight, Right Angle, Not Injured, N, N
AUS,2,0,0,0,2017, February, Thursday,8:10,70, Dry, N, Daylight, Rear End, Not Injured, N, N
AUS,2,0,0,1,2017, February, Wednesday,15:40,60, Dry, N, Daylight, Rear End, Minor Injury, N, N
AUS,2,0,0,0,2017, February, Thursday,8:20,60, Dry, N, Daylight, Right Angle, Not Injured, N, N
AUS,2,0,0,0,2017, February, Thursday,9:40,70, Dry, N, Daylight, Side Swipe, Not Injured, N, N
AUS,2,0,0,0,2017, February, Wednesday,17:30,50, Dry, N, Daylight, Side Swipe, Not Injured, N, N
AUS,2,0,0,0,2017, February, Tuesday,10:50,50, Dry, N, Daylight, Hit Fixed Object, Not Injured, N, N
AUS,2,0,0,1,2017, February, Thursday,9:00,60, Dry, N, Daylight, Hit Fixed Object, Minor Injury, N, N
AUS,2,0,0,2,2017, February, Wednesday,19:50,60, Dry, N, Daylight, Rear End, Minor Injury, Y, Y
AUS,2,0,0,0,2017, February, Thursday,10:40,60, Dry, N, Daylight, Right Angle, Not Injured, N, N
AUS,2,0,0,1,2017, February, Thursday,15:40,50, Dry, N, Daylight, Right Angle, Minor Injury, N, N
AUS,2,0,0,1,2017, February, Thursday,17:40,60, Dry, N, Daylight, Rear End, Minor Injury, N, N
AUS,2,0,0,1,2017, February, Thursday,16:30,50, Dry, N, Daylight, Hit Fixed Object, Minor Injury, N, N
AUS,3,0,0,0,2017, February, Thursday,16:30,60, Dry, N, Daylight, Rear End, Not Injured, N, N
AUS,2,0,0,0,2017, February, Thursday,14:30,60, Dry, N, Daylight, Rear End, Not Injured, N, N
AUS,3,0,0,1,2017, February, Thursday,16:40,60, Dry, N, Daylight, Rear End, Minor Injury, N, N
AUS,3,0,0,0,2017, February, Thursday,14:50,60, Dry, N, Daylight, Rear End, Not Injured, N, N
AUS,2,0,0,0,2017, February, Thursday,19:50,60, Dry, N, Daylight, Rear End, Not Injured, N, N
AUS,2,0,0,0,2017, February, Thursday,17:00,50, Dry, N, Daylight, Right Angle, Not Injured, Y, N
AUS,2,0,0,0,2017, February, Thursday,18:30,60, Dry, N, Daylight, Right Angle, Not Injured, N, N
AUS,2,0,0,0,2017, February, Wednesday,16:00,100, Dry, N, Daylight, Hit Fixed Object, Not Injured, N, N
AUS,2,0,0,1,2017, February, Thursday,17:10,60, Dry, N, Daylight, Rear End, Minor Injury, N, N
AUS,2,0,0,0,2017, February, Thursday,16:20,60, Dry, N, Daylight, Side Swipe, Not Injured, N, N
AUS,2,0,0,2,2017, February, Thursday,19:10,80, Dry, N, Daylight, Hit Fixed Object, Minor Injury, N, N
AUS,2,0,0,0,2017, February, Thursday,15:40,60, Dry, N, Daylight, Side Swipe, Not Injured, N, N
AUS,2,0,0,0,2017, February, Thursday,20:40,60, Dry, N, Night, Rear End, Not Injured, N, N
AUS,2,0,0,0,2017, February, Thursday,15:20,50, Dry, N, Daylight, Rear End, Not Injured, N, N
AUS,2,0,0,0,2017, February, Thursday,13:00,60, Dry, N, Daylight, Right Angle, Not Injured, N, N
AUS,3,0,0,2,2017, February, Monday,6:20,60, Dry, N, Night, Rear End, Minor Injury, N, N
AUS,2,0,0,0,2017, February, Friday,7:10,40, Dry, N, Daylight, Hit Pedestrian, Not Injured, N, N
AUS,2,0,0,0,2017, February, Friday,8:30,60, Dry, N, Daylight, Right Angle, Not Injured, N, N
AUS,2,0,0,1,2017, February, Friday,8:30,50, Wet, Y, Daylight, Right Angle, Minor Injury, N, N
AUS,2,0,0,0,2017, February, Friday,8:50,80, Dry, N, Daylight, Side Swipe, Not Injured, N, N
AUS,2,0,0,1,2017, February, Thursday,12:50,60, Dry, N, Daylight, Hit Fixed Object, Minor Injury, N, N
AUS,3,0,0,0,2017, February, Saturday,0:00,60, Dry, N, Night, Hit Fixed Object, Not Injured, N, N
AUS,2,0,0,1,2017, February, Friday,9:20,60, Dry, N, Daylight, Right Angle, Minor Injury, N, N
AUS,3,0,0,0,2017, February, Friday,8:50,60, Dry, N, Daylight, Rear End, Not Injured, N, N
AUS,2,0,0,1,2017, February, Friday,8:20,50, Dry, N, Daylight, Right Angle, Minor Injury, N, N
AUS,2,0,0,0,2017, February, Friday,11:00,60, Dry, N, Daylight, Rear End, Not Injured, N, N
AUS,2,0,0,0,2017, February, Friday,12:00,60, Dry, N, Daylight, Side Swipe, Not Injured, N, N
AUS,2,0,0,0,2017, February, Friday,9:00,60, Dry, N, Daylight, Rear End, Not Injured, N, N
AUS,2,0,0,0,2017, February, Wednesday,15:50,60, Dry, N, Daylight, Side Swipe, Not Injured, N, N
AUS,3,0,0,2,2017, February, Friday,8:30,60, Dry, N, Daylight, Rear End, Minor Injury, N, N
AUS,2,0,0,0,2017, February, Friday,7:40,60, Dry, N, Daylight, Side Swipe, Not Injured, N, N
AUS,3,0,0,1,2017, February, Friday,13:30,60, Dry, N, Daylight, Rear End, Minor Injury, N, N
AUS,2,0,0,0,2017, February, Friday,10:20,50, Dry, N, Daylight, Right Angle, Not Injured, N, N
AUS,2,0,0,0,2017, February, Friday,13:20,100, Dry, N, Daylight, Hit Fixed Object, Not Injured, N, N
AUS,2,0,0,0,2017, February, Friday,15:00,60, Dry, N, Daylight, Right Angle, Not Injured, N, N
AUS,2,0,1,0,2017, February, Friday,0:00,110, Dry, N, Daylight, Side Swipe, Major Injury, N, N
AUS,2,0,0,0,2017, February, Thursday,16:50,100, Dry, N, Daylight, Right Angle, Not Injured, N, N
AUS,2,0,0,0,2017, February, Wednesday,17:30,60, Dry, N, Daylight, Rear End, Not Injured, N, N
AUS,2,0,0,0,2017, February, Friday,9:30,50, Dry, N, Daylight, Right Angle, Not Injured, N, N
AUS,2,0,0,0,2017, February, Friday,7:30,60, Dry, N, Daylight, Right Angle, Not Injured, N, N
AUS,2,0,0,0,2017, February, Friday,16:30,50, Dry, N, Daylight, Right Angle, Not Injured, N, N
AUS,2,0,0,0,2017, February, Friday,16:10,60, Dry, N, Daylight, Rear End, Not Injured, N, N
AUS,3,0,1,1,2017, February, Friday,16:00,60, Dry, N, Daylight, Right Angle, Major Injury, N, N
AUS,3,0,0,0,2017, February, Thursday,17:00,60, Dry, N, Daylight, Right Angle, Not Injured, N, N
AUS,2,0,0,1,2017, February, Friday,20:00,50, Dry, N, Daylight, Hit Fixed Object, Minor Injury, N, N
AUS,2,0,0,0,2017, February, Friday,21:00,80, Dry, N, Night, Rear End, Not Injured, N, N
AUS,2,0,0,0,2017, February, Friday,22:40,50, Dry, N, Night, Hit Fixed Object, Not Injured, Y, N
AUS,2,0,0,0,2017, February, Friday,18:00,100, Dry, N, Daylight, Hit Fixed Object, Not Injured, N, N
AUS,2,0,0,1,2017, February, Saturday,7:10,60, Dry, N, Daylight, Hit Fixed Object, Minor Injury, N, N
AUS,2,0,0,1,2017, February, Friday,11:20,60, Dry, N, Daylight, Rear End, Minor Injury, N, N
AUS,2,0,0,0,2017, February, Friday,16:40,60, Dry, N, Daylight, Side Swipe, Not Injured, N, N
AUS,2,0,0,0,2017, February, Saturday,10:40,50, Dry, N, Daylight, Right Angle, Not Injured, N, N
AUS,3,0,0,0,2017, February, Saturday,10:20,60, Dry, N, Daylight, Rear End, Not Injured, N, N
AUS,2,0,0,0,2017, February, Saturday,10:30,60, Dry, N, Daylight, Side Swipe, Not Injured, N, N
AUS,4,0,0,0,2017, February, Saturday,11:20,60, Dry, N, Daylight, Right Angle, Not Injured, N, N
AUS,2,0,0,1,2017, February, Saturday,11:20,50, Dry, N, Daylight, Right Angle, Minor Injury, N, N
AUS,2,0,0,0,2017, February, Saturday,10:20,60, Dry, N, Daylight, Right Angle, Not Injured, N, N
AUS,2,0,0,1,2017, February, Saturday,12:50,60, Dry, N, Daylight, Side Swipe, Minor Injury, N, N
AUS,2,0,0,2,2017, February, Friday,20:10,60, Dry, N, Night, Rear End, Minor Injury, N, N
AUS,2,0,0,1,2017, February, Saturday,13:30,60, Dry, N, Daylight, Rear End, Minor Injury, N, N
AUS,2,0,0,0,2017, February, Saturday,17:20,60, Dry, N, Daylight, Right Angle, Not Injured, N, N
AUS,2,0,0,0,2017, February, Saturday,16:40,60, Dry, N, Daylight, Hit Fixed Object, Not Injured, N, N
AUS,2,0,0,0,2017, February, Saturday,18:30,60, Dry, N, Daylight, Rear End, Not Injured, N, N
AUS,2,0,0,1,2017, February, Saturday,20:00,60, Dry, N, Daylight, Right Angle, Minor Injury, N, N
AUS,2,0,0,0,2017, February, Saturday,22:00,60, Dry, N, Night, Hit Fixed Object, Not Injured, N, N
AUS,2,0,0,0,2017, February, Saturday,22:00,50, Dry, N, Night, Side Swipe, Not Injured, N, N
AUS,2,0,0,0,2017, February, Saturday,12:00,50, Dry, N, Daylight, Side Swipe, Not Injured, N, N
AUS,2,0,0,0,2017, February, Saturday,12:40,80, Dry, N, Daylight, Head On, Not Injured, N, N
AUS,2,0,0,0,2017, February, Saturday,13:50,50, Dry, N, Daylight, Rear End, Not Injured, N, N
AUS,2,0,0,0,2017, February, Sunday,10:20,60, Wet, Y, Daylight, Rear End, Not Injured, N, N
AUS,2,0,0,0,2017, February, Sunday,2:00,40, Wet, Y, Night, Hit Fixed Object, Not Injured, N, N