Nation,Total Units,Total Fatalities,Total Serious Injuries,Total Minor Injuries,Year,Month,Day,Time,Speed Limit,Moisture,Adverse Weather Conditions,DayNight,Crash Type,Crash Severity,Alcohol Related ,Drug Related
AUS,2,0,0,0,2017, April, Monday,15:50,60, Dry, N, Daylight, Rear End, Not Injured, N, N
AUS,2,0,0,0,2017, April, Monday,15:50,60, Dry, N, Daylight, Side Swipe, Not Injured, N, N
AUS,3,0,0,0,2017, April, Monday,18:30,60, Dry, N, Night, Hit Fixed Object, Not Injured, N, N
AUS,2,0,0,0,2017, April, Sunday,23:20,100, Dry, N, Night, Hit Fixed Object, Not Injured, N, N
AUS,2,0,0,0,2017, April, Tuesday,1:00,60, Dry, N, Night, Hit Fixed Object, Not Injured, N, Y
AUS,2,0,0,0,2017, April, Monday,7:00,100, Dry, N, Daylight, Hit Fixed Object, Not Injured, N, N
AUS,2,0,0,0,2017, April, Tuesday,7:20,90, Dry, N, Daylight, Rear End, Not Injured, N, N
AUS,4,0,0,3,2017, April, Tuesday,7:20,60, Dry, N, Daylight, Right Angle, Minor Injury, N, N
AUS,2,0,0,1,2017, April, Tuesday,7:40,50, Dry, N, Daylight, Right Angle, Minor Injury, N, N
AUS,2,0,0,1,2017, April, Tuesday,8:30,50, Dry, N, Daylight, Right Angle, Minor Injury, N, N
AUS,2,0,0,0,2017, April, Monday,15:00,60, Dry, N, Daylight, Right Angle, Not Injured, N, N
AUS,2,0,0,1,2017, April, Monday,16:10,60, Dry, N, Daylight, Rear End, Minor Injury, N, N
AUS,2,0,0,0,2017, April, Tuesday,9:00,60, Dry, N, Daylight, Side Swipe, Not Injured, N, N
AUS,2,0,0,0,2017, April, Tuesday,11:00,100, Dry, N, Daylight, Right Angle, Not Injured, N, N
AUS,2,0,0,1,2017, April, Tuesday,9:10,60, Dry, N, Daylight, Rear End, Minor Injury, N, N
AUS,2,0,0,2,2017, April, Tuesday,10:10,50, Dry, N, Daylight, Side Swipe, Minor Injury, N, N
AUS,2,0,0,0,2017, April, Tuesday,11:00,50, Dry, N, Daylight, Hit Fixed Object, Not Injured, N, N
AUS,2,0,0,1,2017, April, Tuesday,8:10,60, Dry, N, Daylight, Rear End, Minor Injury, N, N
AUS,4,0,0,0,2017, April, Tuesday,10:00,50, Dry, N, Daylight, Side Swipe, Not Injured, N, N
AUS,2,0,0,0,2017, April, Tuesday,10:50,50, Dry, N, Daylight, Right Angle, Not Injured, N, N
AUS,2,0,0,1,2017, April, Tuesday,9:10,50, Dry, N, Daylight, Right Angle, Minor Injury, N, N
AUS,2,0,0,2,2017, April, Tuesday,10:20,50, Dry, N, Daylight, Right Angle, Minor Injury, N, N
AUS,2,0,0,0,2017, April, Tuesday,10:40,60, Dry, N, Daylight, Side Swipe, Not Injured, N, N
AUS,2,0,0,0,2017, April, Monday,13:50,50, Dry, N, Daylight, Right Angle, Not Injured, N, N
AUS,2,0,0,1,2017, April, Tuesday,8:20,60, Dry, N, Daylight, Rear End, Minor Injury, N, N
AUS,3,0,0,1,2017, April, Tuesday,7:40,60, Dry, N, Daylight, Rear End, Minor Injury, N, N
AUS,2,0,0,1,2017, April, Tuesday,8:20,60, Dry, N, Daylight, Right Angle, Minor Injury, N, N
AUS,2,0,1,0,2017, April, Tuesday,7:40,60, Dry, N, Daylight, Hit Pedestrian, Major Injury, N, N
AUS,2,0,0,1,2017, April, Tuesday,6:50,60, Dry, N, Daylight, Rear End, Minor Injury, N, N
AUS,2,0,0,0,2017, March, Friday,15:40,50, Dry, N, Daylight, Head On, Not Injured, N, N
AUS,2,0,0,0,2017, April, Tuesday,14:30,50, Dry, N, Daylight, Side Swipe, Not Injured, N, N
AUS,2,0,0,1,2017, April, Tuesday,6:30,90, Dry, N, Daylight, Rear End, Minor Injury, N, N
AUS,2,0,0,1,2017, April, Sunday,10:00,60, Dry, N, Daylight, Rear End, Minor Injury, N, N
AUS,2,0,0,0,2017, March, Friday,11:00,60, Dry, N, Daylight, Hit Fixed Object, Not Injured, N, N
AUS,2,0,0,0,2017, April, Tuesday,17:40,60, Dry, N, Daylight, Side Swipe, Not Injured, N, N
AUS,2,0,0,0,2017, April, Monday,22:00,60, Dry, N, Night, Hit Fixed Object, Not Injured, N, N
AUS,2,0,0,1,2017, April, Tuesday,17:00,60, Dry, N, Daylight, Rear End, Minor Injury, N, N
AUS,2,0,0,1,2017, April, Monday,8:40,70, Dry, N, Daylight, Rear End, Minor Injury, N, N
AUS,2,0,0,1,2017, April, Sunday,20:50,50, Dry, N, Night, Hit Pedestrian, Minor Injury, N, N
AUS,2,0,0,0,2017, April, Tuesday,19:30,60, Dry, N, Night, Right Angle, Not Injured, N, N
AUS,2,0,0,1,2017, April, Tuesday,19:50,50, Dry, N, Night, Hit Fixed Object, Minor Injury, N, N
AUS,2,0,0,1,2017, April, Tuesday,19:10,80, Dry, N, Night, Right Angle, Minor Injury, N, N
AUS,3,0,0,0,2017, April, Tuesday,16:00,60, Dry, N, Daylight, Hit Fixed Object, Not Injured, N, N
AUS,2,0,0,0,2017, April, Wednesday,6:40,100, Dry, N, Daylight, Hit Fixed Object, Not Injured, N, N
AUS,2,1,0,0,2017, April, Wednesday,3:00,100, Dry, N, Night, Hit Fixed Object, Fatal, N, N
AUS,2,0,0,0,2017, April, Wednesday,7:40,60, Dry, N, Daylight, Side Swipe, Not Injured, N, N
AUS,2,0,0,1,2017, April, Saturday,10:50,60, Dry, N, Daylight, Rear End, Minor Injury, N, N
AUS,3,0,0,0,2017, April, Tuesday,8:00,80, Dry, N, Daylight, Rear End, Not Injured, N, N
AUS,2,0,0,1,2017, March, Sunday,18:00,60, Dry, N, Daylight, Rear End, Minor Injury, N, N
AUS,3,0,0,0,2017, April, Wednesday,9:10,60, Dry, N, Daylight, Rear End, Not Injured, N, N
AUS,2,0,0,0,2017, April, Wednesday,11:30,60, Dry, N, Daylight, Right Angle, Not Injured, N, N
AUS,2,0,0,1,2017, April, Tuesday,18:50,60, Dry, N, Night, Hit Fixed Object, Minor Injury, N, N
AUS,2,0,0,1,2017, April, Wednesday,10:20,60, Dry, N, Daylight, Hit Fixed Object, Minor Injury, N, N
AUS,2,0,0,3,2017, April, Wednesday,11:20,90, Dry, N, Daylight, Right Angle, Minor Injury, N, N
AUS,3,0,0,0,2017, April, Tuesday,16:20,60, Dry, N, Daylight, Rear End, Not Injured, N, N
AUS,2,0,0,0,2017, April, Wednesday,11:30,50, Dry, N, Daylight, Right Angle, Not Injured, N, N
AUS,2,0,0,1,2017, April, Sunday,15:00,60, Dry, N, Daylight, Rear End, Minor Injury, N, N
AUS,3,0,0,0,2017, April, Wednesday,13:00,70, Dry, N, Daylight, Rear End, Not Injured, N, N
AUS,2,0,0,0,2017, April, Wednesday,9:00,50, Dry, N, Daylight, Side Swipe, Not Injured, N, N
AUS,2,0,0,0,2017, April, Wednesday,15:20,60, Dry, N, Daylight, Rear End, Not Injured, N, N
AUS,5,0,0,1,2017, April, Wednesday,13:50,50, Dry, N, Daylight, Side Swipe, Minor Injury, N, N
AUS,2,0,0,1,2017, April, Wednesday,15:20,60, Dry, N, Daylight, Rear End, Minor Injury, N, N
AUS,2,0,0,0,2017, April, Wednesday,6:30,50, Dry, N, Night, Rear End, Not Injured, N, N
AUS,2,0,0,1,2017, April, Tuesday,21:30,50, Dry, N, Night, Hit Fixed Object, Minor Injury, Y, N
AUS,2,0,0,2,2017, April, Wednesday,15:50,80, Dry, N, Daylight, Head On, Minor Injury, N, N
AUS,2,0,0,0,2017, April, Wednesday,15:10,60, Dry, N, Daylight, Right Angle, Not Injured, N, N
AUS,2,0,0,0,2017, April, Wednesday,17:00,50, Dry, N, Daylight, Rear End, Not Injured, N, N
AUS,3,0,0,1,2017, April, Wednesday,17:30,60, Dry, N, Daylight, Rear End, Minor Injury, N, N
AUS,2,0,0,0,2017, April, Wednesday,17:00,50, Dry, N, Daylight, Right Angle, Not Injured, N, N
AUS,2,0,0,0,2017, April, Wednesday,17:50,100, Dry, N, Daylight, Right Angle, Not Injured, N, N
AUS,2,0,0,0,2017, April, Wednesday,15:40,60, Dry, N, Daylight, Right Angle, Not Injured, N, N
AUS,2,0,0,1,2017, April, Wednesday,17:00,50, Dry, N, Daylight, Right Angle, Minor Injury, N, N
AUS,2,0,0,1,2017, April, Wednesday,17:20,50, Dry, N, Daylight, Side Swipe, Minor Injury, N, N
AUS,2,0,0,1,2017, April, Wednesday,15:00,50, Dry, N, Daylight, Right Angle, Minor Injury, N, N
AUS,2,0,0,0,2017, April, Wednesday,16:20,60, Dry, N, Daylight, Rear End, Not Injured, N, N
AUS,2,1,0,1,2017, April, Wednesday,15:00,50, Dry, N, Daylight, Head On, Fatal, N, N
AUS,2,0,0,0,2017, April, Monday,6:30,60, Dry, N, Daylight, Hit Fixed Object, Not Injured, N, N
AUS,2,0,0,0,2017, April, Wednesday,22:50,60, Dry, N, Night, Hit Fixed Object, Not Injured, Y, N
AUS,2,0,0,0,2017, April, Thursday,5:30,60, Dry, N, Night, Rear End, Not Injured, N, N
AUS,2,0,0,0,2017, April, Wednesday,12:50,100, Dry, N, Daylight, Rear End, Not Injured, N, N
AUS,2,0,0,0,2017, April, Wednesday,10:00,70, Dry, N, Daylight, Side Swipe, Not Injured, N, N
AUS,2,0,0,1,2017, April, Thursday,6:20,60, Dry, N, Night, Right Angle, Minor Injury, N, N
AUS,2,0,0,0,2017, April, Tuesday,15:30,50, Dry, N, Daylight, Rear End, Not Injured, N, N
AUS,2,0,0,0,2017, April, Thursday,7:50,60, Dry, N, Daylight, Rear End, Not Injured, N, N
AUS,3,0,0,1,2017, April, Thursday,9:10,60, Dry, N, Daylight, Rear End, Minor Injury, N, N
AUS,2,0,0,2,2017, April, Thursday,9:00,50, Dry, N, Daylight, Rear End, Minor Injury, N, N
AUS,2,0,0,0,2017, April, Thursday,10:30,60, Dry, N, Daylight, Rear End, Not Injured, N, N
AUS,2,0,0,0,2017, April, Thursday,10:30,60, Dry, N, Daylight, Hit Fixed Object, Not Injured, N, N
AUS,3,0,0,1,2017, April, Thursday,11:30,60, Dry, N, Daylight, Rear End, Minor Injury, N, N
AUS,2,0,0,0,2017, April, Thursday,10:30,100, Dry, N, Daylight, Rear End, Not Injured, N, N
AUS,2,0,0,0,2017, April, Wednesday,21:10,50, Dry, N, Night, Hit Pedestrian, Not Injured, N, N
AUS,2,0,0,0,2017, April, Wednesday,16:10,50, Dry, N, Daylight, Right Angle, Not Injured, N, N
AUS,2,0,0,0,2017, April, Thursday,11:00,110, Dry, N, Daylight, Side Swipe, Not Injured, N, N
AUS,2,0,0,0,2017, April, Thursday,13:50,60, Dry, N, Daylight, Side Swipe, Not Injured, N, N
AUS,2,0,0,0,2017, April, Wednesday,17:20,50, Dry, N, Daylight, Right Angle, Not Injured, N, N
AUS,2,0,1,0,2017, April, Thursday,13:40,60, Dry, N, Daylight, Rear End, Major Injury, N, N
AUS,2,0,0,0,2017, April, Thursday,15:20,50, Dry, N, Daylight, Hit Pedestrian, Not Injured, N, N
AUS,2,0,0,0,2017, April, Thursday,4:50,60, Dry, N, Night, Rear End, Not Injured, N, N
AUS,2,0,0,0,2017, April, Thursday,16:10,50, Dry, N, Daylight, Right Angle, Not Injured, N, N
AUS,2,0,0,1,2017, April, Thursday,15:00,60, Dry, N, Daylight, Right Angle, Minor Injury, N, N
AUS,2,0,0,0,2017, April, Thursday,16:50,50, Dry, N, Daylight, Right Angle, Not Injured, N, N
AUS,2,0,0,1,2017, April, Thursday,17:40,50, Dry, N, Daylight, Hit Fixed Object, Minor Injury, N, N
AUS,2,0,0,1,2017, April, Thursday,17:00,50, Dry, N, Daylight, Rear End, Minor Injury, N, N
AUS,3,0,0,0,2017, April, Thursday,18:00,80, Dry, N, Daylight, Rear End, Not Injured, N, N
AUS,2,0,0,0,2017, April, Wednesday,14:00,60, Dry, N, Daylight, Rear End, Not Injured, N, N
AUS,2,0,0,0,2017, April, Thursday,21:00,50, Dry, N, Night, Right Angle, Not Injured, N, N
AUS,2,0,0,0,2017, April, Tuesday,11:30,90, Dry, N, Daylight, Side Swipe, Not Injured, N, N
AUS,2,0,0,0,2017, April, Thursday,20:50,70, Dry, N, Night, Rear End, Not Injured, N, N
AUS,2,0,0,1,2017, April, Friday,8:50,50, Dry, N, Daylight, Right Angle, Minor Injury, N, N
AUS,2,0,0,0,2017, April, Thursday,7:30,80, Dry, N, Daylight, Side Swipe, Not Injured, N, N
AUS,2,0,0,0,2017, April, Friday,8:20,60, Dry, N, Daylight, Rear End, Not Injured, N, N
AUS,2,0,0,1,2017, April, Thursday,20:30,110, Dry, N, Night, Hit Fixed Object, Minor Injury, N, N
AUS,3,0,0,0,2017, April, Thursday,7:40,60, Dry, N, Daylight, Rear End, Not Injured, N, N
AUS,2,0,0,1,2017, April, Friday,9:10,50, Dry, N, Daylight, Hit Pedestrian, Minor Injury, N, N
AUS,2,0,0,1,2017, April, Thursday,9:10,70, Dry, N, Daylight, Rear End, Minor Injury, N, N
AUS,4,0,0,1,2017, April, Thursday,19:00,60, Dry, N, Night, Rear End, Minor Injury, N, N
AUS,2,0,0,0,2017, April, Friday,9:20,60, Dry, N, Daylight, Hit Fixed Object, Not Injured, N, N
AUS,2,0,0,0,2017, April, Thursday,17:50,50, Dry, N, Daylight, Rear End, Not Injured, N, N
AUS,4,0,0,2,2017, April, Thursday,12:40,60, Dry, N, Daylight, Right Angle, Minor Injury, N, N
AUS,2,0,0,0,2017, April, Thursday,18:00,60, Dry, N, Daylight, Hit Pedestrian, Not Injured, N, N
AUS,2,0,0,0,2017, April, Friday,11:40,60, Dry, N, Daylight, Side Swipe, Not Injured, N, N
AUS,2,0,0,0,2017, April, Friday,11:20,50, Dry, N, Daylight, Side Swipe, Not Injured, N, N
AUS,2,0,0,1,2017, April, Friday,11:30,50, Dry, N, Daylight, Hit Fixed Object, Minor Injury, N, N
AUS,2,0,0,0,2017, April, Thursday,11:00,60, Dry, N, Daylight, Side Swipe, Not Injured, N, N
AUS,2,0,0,0,2017, April, Friday,14:00,60, Dry, N, Daylight, Rear End, Not Injured, N, N
AUS,2,0,0,1,2017, April, Friday,6:50,60, Dry, N, Daylight, Side Swipe, Minor Injury, N, N
AUS,3,0,0,0,2017, April, Wednesday,17:20,60, Dry, N, Daylight, Rear End, Not Injured, N, N
AUS,2,0,0,3,2017, April, Friday,12:30,60, Dry, N, Daylight, Head On, Minor Injury, N, Y
AUS,2,0,0,1,2017, April, Sunday,20:00,60, Dry, N, Night, Right Angle, Minor Injury, N, N
AUS,2,0,0,0,2017, April, Friday,16:00,60, Dry, N, Daylight, Rear End, Not Injured, N, N
AUS,2,0,0,0,2017, April, Friday,17:30,60, Dry, N, Daylight, Side Swipe, Not Injured, N, N
AUS,2,0,0,2,2017, April, Friday,16:00,60, Dry, N, Daylight, Right Angle, Minor Injury, N, N
AUS,2,0,0,0,2017, April, Friday,17:10,60, Dry, N, Daylight, Rear End, Not Injured, N, N
AUS,2,0,0,0,2017, April, Friday,18:30,60, Dry, N, Night, Rear End, Not Injured, N, N
AUS,2,0,0,0,2017, April, Friday,15:40,60, Dry, N, Daylight, Side Swipe, Not Injured, N, N
AUS,2,0,0,0,2017, April, Friday,8:50,60, Dry, N, Daylight, Rear End, Not Injured, N, N
AUS,2,0,0,2,2017, April, Friday,21:40,60, Dry, N, Night, Right Angle, Minor Injury, N, N
AUS,2,0,0,0,2017, April, Friday,22:10,80, Dry, N, Night, Hit Fixed Object, Not Injured, N, N
AUS,3,0,0,1,2017, April, Friday,22:40,60, Dry, N, Night, Hit Fixed Object, Minor Injury, N, N
AUS,2,0,0,0,2017, April, Saturday,7:20,60, Dry, N, Daylight, Right Angle, Not Injured, N, N
AUS,2,0,0,1,2017, April, Saturday,8:00,60, Dry, N, Daylight, Side Swipe, Minor Injury, N, N
AUS,2,0,0,0,2017, April, Saturday,8:00,60, Dry, N, Daylight, Right Angle, Not Injured, N, N
AUS,2,0,0,1,2017, April, Friday,6:00,70, Dry, N, Night, Right Angle, Minor Injury, N, N
AUS,2,0,0,2,2017, April, Saturday,8:20,50, Dry, N, Daylight, Right Angle, Minor Injury, N, N
AUS,2,0,0,0,2017, April, Saturday,10:30,60, Dry, N, Daylight, Right Angle, Not Injured, N, N
AUS,2,0,0,0,2017, April, Saturday,12:10,70, Dry, N, Daylight, Rear End, Not Injured, N, N
AUS,2,0,0,1,2017, April, Saturday,11:40,100, Dry, N, Daylight, Hit Fixed Object, Minor Injury, N, N
AUS,2,0,0,1,2017, April, Saturday,12:20,50, Dry, N, Daylight, Rear End, Minor Injury, N, N
AUS,2,0,0,1,2017, April, Saturday,9:20,80, Dry, N, Daylight, Right Angle, Minor Injury, N, N
AUS,4,0,0,1,2017, April, Friday,23:30,60, Dry, N, Night, Right Angle, Minor Injury, N, N
AUS,2,0,0,0,2017, April, Friday,18:00,50, Dry, N, Daylight, Rear End, Not Injured, N, N
AUS,2,0,0,3,2017, April, Saturday,13:50,60, Dry, N, Daylight, Side Swipe, Minor Injury, N, N
AUS,2,0,0,0,2017, April, Saturday,16:30,60, Dry, N, Daylight, Side Swipe, Not Injured, N, N
AUS,2,0,0,2,2017, April, Saturday,16:30,70, Dry, N, Daylight, Right Angle, Minor Injury, N, N
AUS,2,0,0,0,2017, April, Saturday,16:50,60, Dry, N, Daylight, Rear End, Not Injured, N, N
AUS,2,0,0,0,2017, April, Saturday,15:00,50, Dry, N, Daylight, Right Angle, Not Injured, N, N
AUS,2,0,0,0,2017, April, Saturday,17:20,60, Dry, N, Daylight, Rear End, Not Injured, N, N
AUS,2,0,0,1,2017, April, Saturday,20:30,60, Dry, N, Night, Hit Pedestrian, Minor Injury, N, N
AUS,2,0,3,1,2017, April, Friday,16:50,100, Dry, N, Daylight, Right Angle, Major Injury, N, N
AUS,2,0,0,2,2017, April, Saturday,18:50,110, Dry, N, Night, Hit Fixed Object, Minor Injury, N, N
AUS,2,0,0,1,2017, April, Saturday,23:40,50, Dry, N, Night, Hit Pedestrian, Minor Injury, N, N
AUS,2,0,0,2,2017, April, Saturday,5:20,110, Dry, N, Night, Hit Fixed Object, Minor Injury, Y, N
AUS,3,0,0,0,2017, April, Saturday,6:10,110, Dry, N, Night, Hit Fixed Object, Not Injured, N, N
AUS,2,0,0,1,2017, April, Saturday,12:50,50, Dry, N, Daylight, Rear End, Minor Injury, N, N
AUS,4,0,0,0,2017, April, Sunday,8:30,50, Wet, Y, Daylight, Right Angle, Not Injured, N, N
AUS,2,0,0,1,2017, April, Sunday,7:50,90, Dry, N, Daylight, Hit Fixed Object, Minor Injury, N, N
AUS,2,0,0,0,2017, April, Saturday,18:30,60, Dry, N, Daylight, Hit Fixed Object, Not Injured, N, Y
AUS,2,0,0,0,2017, April, Sunday,12:10,60, Dry, N, Daylight, Right Angle, Not Injured, N, N
AUS,2,0,0,0,2017, April, Sunday,14:00,60, Dry, N, Daylight, Rear End, Not Injured, N, N
AUS,2,0,0,0,2017, April, Sunday,12:20,60, Dry, N, Daylight, Hit Fixed Object, Not Injured, N, N
AUS,2,0,0,0,2017, April, Sunday,12:00,50, Dry, N, Daylight, Right Angle, Not Injured, N, N
AUS,2,0,0,0,2017, February, Saturday,23:50,50, Dry, N, Night, Hit Fixed Object, Not Injured, Y, N
AUS,2,0,0,1,2017, April, Sunday,14:40,80, Wet, Y, Daylight, Hit Fixed Object, Minor Injury, N, N
AUS,2,0,0,0,2017, April, Friday,18:50,60, Dry, N, Night, Hit Fixed Object, Not Injured, N, N
AUS,3,0,0,1,2017, April, Sunday,15:40,60, Dry, N, Daylight, Rear End, Minor Injury, N, N
AUS,2,0,0,0,2017, April, Sunday,18:00,80, Wet, Y, Daylight, Hit Fixed Object, Not Injured, N, N
AUS,2,0,0,0,2017, April, Sunday,11:30,110, Dry, N, Daylight, Hit Pedestrian, Not Injured, N, N
AUS,2,0,1,0,2017, April, Sunday,21:50,80, Dry, N, Night, Hit Fixed Object, Major Injury, N, N
AUS,2,0,0,1,2017, April, Sunday,23:00,50, Dry, N, Night, Hit Pedestrian, Minor Injury, N, N
AUS,2,0,0,0,2017, April, Monday,1:50,70, Dry, N, Night, Hit Fixed Object, Not Injured, N, N
AUS,3,0,0,0,2017, April, Monday,5:30,80, Dry, N, Night, Hit Fixed Object, Not Injured, N, N
AUS,2,0,0,2,2017, April, Saturday,22:10,80, Dry, N, Night, Hit Fixed Object, Minor Injury, N, N
AUS,2,0,0,1,2017, April, Sunday,12:00,80, Dry, N, Daylight, Side Swipe, Minor Injury, N, N
AUS,2,0,0,1,2017, April, Sunday,13:00,100, Wet, Y, Daylight, Hit Fixed Object, Minor Injury, N, N
AUS,2,0,0,0,2017, March, Thursday,8:00,50, Dry, N, Daylight, Side Swipe, Not Injured, N, N
AUS,2,0,0,0,2017, April, Friday,15:00,60, Dry, N, Daylight, Rear End, Not Injured, N, N
AUS,2,0,0,1,2017, April, Thursday,8:40,60, Dry, N, Daylight, Rear End, Minor Injury, N, N
AUS,2,0,0,0,2017, April, Friday,15:40,60, Dry, N, Daylight, Rear End, Not Injured, N, N
AUS,3,0,0,0,2017, April, Saturday,19:10,50, Dry, N, Night, Hit Fixed Object, Not Injured, Y, N
AUS,2,0,0,0,2017, April, Monday,8:40,60, Dry, N, Daylight, Right Angle, Not Injured, N, N
AUS,2,0,0,0,2017, April, Tuesday,7:00,100, Dry, N, Daylight, Hit Fixed Object, Not Injured, N, N
AUS,2,0,0,2,2017, April, Monday,8:30,100, Dry, N, Daylight, Hit Fixed Object, Minor Injury, N, N
AUS,2,0,0,0,2017, April, Monday,11:10,50, Dry, N, Daylight, Right Angle, Not Injured, N, N
AUS,2,0,0,0,2017, April, Monday,9:00,80, Dry, N, Daylight, Hit Fixed Object, Not Injured, N, N
AUS,2,0,0,1,2017, April, Monday,8:10,60, Dry, N, Daylight, Rear End, Minor Injury, N, N
AUS,2,0,0,1,2017, April, Monday,7:50,60, Dry, N, Daylight, Side Swipe, Minor Injury, N, N
AUS,3,0,0,0,2017, April, Friday,16:20,60, Dry, N, Daylight, Rear End, Not Injured, N, N
AUS,2,0,0,0,2017, April, Friday,12:40,80, Dry, N, Daylight, Right Angle, Not Injured, N, N
AUS,3,0,0,0,2017, April, Friday,5:40,80, Dry, N, Night, Side Swipe, Not Injured, N, N
AUS,2,0,0,0,2017, April, Monday,13:30,110, Wet, Y, Daylight, Rear End, Not Injured, N, N
AUS,2,0,0,0,2017, April, Monday,15:30,70, Dry, N, Daylight, Rear End, Not Injured, N, N
AUS,2,0,0,0,2017, April, Monday,17:20,60, Dry, N, Daylight, Rear End, Not Injured, N, N
AUS,3,0,0,0,2017, April, Monday,17:30,60, Dry, N, Daylight, Rear End, Not Injured, N, N
AUS,4,0,0,1,2017, April, Saturday,12:50,60, Dry, N, Daylight, Rear End, Minor Injury, N, N
AUS,2,0,0,0,2017, April, Monday,17:20,50, Dry, N, Daylight, Rear End, Not Injured, N, N
AUS,4,0,0,1,2017, April, Monday,18:50,80, Dry, N, Night, Right Angle, Minor Injury, N, N
AUS,2,0,0,1,2017, April, Monday,17:50,100, Dry, N, Daylight, Right Angle, Minor Injury, N, N
AUS,2,0,0,0,2017, April, Monday,6:40,60, Dry, N, Daylight, Hit Fixed Object, Not Injured, N, N
AUS,2,0,0,1,2017, April, Monday,20:50,110, Wet, Y, Night, Hit Fixed Object, Minor Injury, N, N
AUS,2,0,2,3,2017, April, Monday,19:30,100, Dry, N, Night, Right Angle, Major Injury, N, N
AUS,2,0,0,1,2017, April, Monday,14:00,50, Dry, N, Daylight, Rear End, Minor Injury, N, N
AUS,2,0,0,1,2017, April, Monday,17:10,50, Dry, N, Daylight, Side Swipe, Minor Injury, N, N
AUS,3,0,0,0,2017, April, Tuesday,6:50,80, Dry, N, Daylight, Rear End, Not Injured, N, N
AUS,2,0,0,0,2017, April, Tuesday,8:00,60, Dry, N, Daylight, Rear End, Not Injured, N, N
AUS,2,0,0,0,2017, April, Tuesday,7:30,60, Dry, N, Daylight, Side Swipe, Not Injured, N, N
AUS,2,0,0,1,2017, April, Sunday,12:10,100, Dry, N, Daylight, Hit Fixed Object, Minor Injury, Y, N
AUS,2,0,0,0,2017, April, Monday,15:30,50, Dry, N, Daylight, Hit Fixed Object, Not Injured, N, N
AUS,2,0,0,0,2017, April, Tuesday,11:00,60, Dry, N, Daylight, Side Swipe, Not Injured, N, N
AUS,2,0,0,1,2017, April, Friday,15:20,60, Dry, N, Daylight, Right Angle, Minor Injury, N, N
AUS,2,0,0,0,2017, April, Tuesday,7:00,110, Dry, N, Daylight, Hit Fixed Object, Not Injured, N, N
AUS,2,0,0,0,2017, April, Tuesday,8:50,80, Dry, N, Daylight, Rear End, Not Injured, N, N
AUS,2,0,0,2,2017, April, Tuesday,8:10,50, Dry, N, Daylight, Rear End, Minor Injury, N, N
AUS,2,0,0,1,2017, April, Monday,14:30,50, Dry, N, Daylight, Hit Pedestrian, Minor Injury, N, N
AUS,2,0,0,0,2017, April, Monday,20:50,60, Dry, N, Night, Hit Fixed Object, Not Injured, N, N
AUS,2,0,0,0,2017, April, Monday,21:50,50, Dry, N, Night, Hit Fixed Object, Not Injured, N, N
AUS,2,0,0,1,2017, April, Tuesday,11:30,50, Dry, N, Daylight, Side Swipe, Minor Injury, N, N
AUS,2,0,0,0,2017, April, Tuesday,15:30,50, Dry, N, Daylight, Rear End, Not Injured, N, N
AUS,2,0,0,2,2017, April, Sunday,16:00,60, Wet, Y, Daylight, Rear End, Minor Injury, N, N
AUS,2,0,0,1,2017, April, Monday,20:00,60, Dry, N, Night, Hit Fixed Object, Minor Injury, N, N
AUS,2,0,0,0,2017, April, Tuesday,17:00,50, Dry, N, Daylight, Side Swipe, Not Injured, N, N
AUS,2,0,0,0,2017, April, Tuesday,11:00,50, Dry, N, Daylight, Rear End, Not Injured, N, N
AUS,2,0,0,0,2017, April, Wednesday,6:30,60, Dry, N, Night, Right Angle, Not Injured, N, N
AUS,2,0,0,0,2017, April, Tuesday,14:40,50, Dry, N, Daylight, Rear End, Not Injured, N, N
AUS,3,0,0,4,2017, April, Tuesday,13:00,60, Dry, N, Daylight, Rear End, Minor Injury, N, N
AUS,2,0,0,0,2017, April, Wednesday,8:00,60, Dry, N, Daylight, Right Angle, Not Injured, N, N
AUS,2,0,0,0,2017, April, Wednesday,9:30,50, Dry, N, Daylight, Right Angle, Not Injured, N, N
AUS,2,0,0,1,2017, April, Wednesday,10:20,80, Dry, N, Daylight, Rear End, Minor Injury, N, N
AUS,2,0,0,0,2017, April, Monday,10:50,60, Dry, N, Daylight, Side Swipe, Not Injured, N, N
AUS,2,0,0,0,2017, April, Wednesday,8:40,70, Dry, N, Daylight, Rear End, Not Injured, N, N
AUS,2,0,0,0,2017, April, Tuesday,13:30,60, Dry, N, Daylight, Hit Fixed Object, Not Injured, N, N
AUS,2,0,0,0,2017, April, Wednesday,11:00,60, Dry, N, Daylight, Side Swipe, Not Injured, N, N
AUS,2,0,0,0,2017, April, Tuesday,17:20,110, Dry, N, Daylight, Rear End, Not Injured, N, N
AUS,3,0,0,0,2017, April, Wednesday,13:50,60, Dry, N, Daylight, Rear End, Not Injured, N, N
AUS,2,0,0,0,2017, April, Wednesday,15:20,60, Dry, N, Daylight, Side Swipe, Not Injured, N, N
AUS,3,0,0,0,2017, April, Wednesday,16:10,60, Dry, N, Daylight, Rear End, Not Injured, N, N
AUS,2,0,0,1,2017, April, Wednesday,16:30,80, Dry, N, Daylight, Right Angle, Minor Injury, N, N
AUS,2,0,0,1,2017, April, Wednesday,15:40,60, Dry, N, Daylight, Rear End, Minor Injury, N, N
AUS,3,0,0,1,2017, April, Wednesday,15:30,50, Dry, N, Daylight, Rear End, Minor Injury, N, N
AUS,2,0,0,0,2017, April, Wednesday,12:00,60, Dry, N, Daylight, Side Swipe, Not Injured, N, N
AUS,2,0,0,0,2017, April, Wednesday,16:10,60, Dry, N, Daylight, Right Angle, Not Injured, N, N
AUS,2,0,0,0,2017, April, Tuesday,15:00,60, Dry, N, Daylight, Hit Fixed Object, Not Injured, N, N
AUS,2,0,0,0,2017, April, Tuesday,13:40,80, Dry, N, Daylight, Side Swipe, Not Injured, N, N
AUS,2,0,0,1,2017, April, Wednesday,18:00,60, Dry, N, Daylight, Right Angle, Minor Injury, N, N