Nation,Total Units,Total Fatalities,Total Serious Injuries,Total Minor Injuries,Year,Month,Day,Time,Speed Limit,Moisture,Adverse Weather Conditions,DayNight,Crash Type,Crash Severity,Alcohol Related ,Drug Related
AUS,2,0,0,0,2017, April, Wednesday,20:10,60, Dry, N, Night, Right Angle, Not Injured, N, N
AUS,2,0,0,0,2017, April, Wednesday,16:50,50, Dry, N, Daylight, Rear End, Not Injured, N, N
AUS,2,0,0,0,2017, April, Wednesday,18:50,50, Dry, N, Night, Hit Pedestrian, Not Injured, N, N
AUS,2,0,0,0,2017, April, Thursday,4:20,60, Dry, N, Night, Right Angle, Not Injured, N, N
AUS,2,0,0,0,2017, April, Wednesday,17:20,60, Dry, N, Daylight, Side Swipe, Not Injured, N, N
AUS,2,0,0,0,2017, April, Thursday,6:30,60, Dry, N, Night, Right Angle, Not Injured, N, N
AUS,4,0,0,0,2017, April, Thursday,7:10,60, Dry, N, Daylight, Rear End, Not Injured, N, N
AUS,2,0,0,1,2017, April, Thursday,8:00,50, Dry, N, Daylight, Right Angle, Minor Injury, N, N
AUS,2,0,0,1,2017, April, Wednesday,12:50,50, Dry, N, Daylight, Rear End, Minor Injury, N, N
AUS,2,0,0,0,2017, April, Wednesday,15:20,60, Dry, N, Daylight, Rear End, Not Injured, N, N
AUS,2,0,0,1,2017, April, Wednesday,18:10,60, Dry, N, Daylight, Rear End, Minor Injury, N, N
AUS,2,0,0,5,2017, April, Thursday,9:40,50, Dry, N, Daylight, Right Angle, Minor Injury, N, N
AUS,2,0,0,1,2017, April, Thursday,8:30,70, Dry, N, Daylight, Side Swipe, Minor Injury, N, N
AUS,2,0,0,0,2017, April, Wednesday,13:20,60, Dry, N, Daylight, Hit Fixed Object, Not Injured, N, N
AUS,2,0,0,0,2017, April, Thursday,10:10,60, Dry, N, Daylight, Rear End, Not Injured, N, N
AUS,3,0,0,1,2017, April, Wednesday,19:10,60, Dry, N, Night, Rear End, Minor Injury, N, N
AUS,2,0,0,0,2017, April, Thursday,6:50,50, Dry, N, Daylight, Right Angle, Not Injured, N, N
AUS,2,0,0,0,2017, April, Wednesday,12:00,60, Dry, N, Daylight, Side Swipe, Not Injured, N, N
AUS,3,0,1,2,2017, April, Thursday,7:00,110, Dry, N, Daylight, Rear End, Major Injury, Y, N
AUS,2,0,0,0,2017, April, Wednesday,15:50,60, Dry, N, Daylight, Side Swipe, Not Injured, N, N
AUS,2,0,0,0,2017, April, Wednesday,17:30,110, Dry, N, Daylight, Hit Fixed Object, Not Injured, N, N
AUS,2,0,0,0,2017, April, Thursday,13:00,50, Dry, N, Daylight, Right Angle, Not Injured, N, N
AUS,2,0,0,0,2017, April, Thursday,8:20,60, Dry, N, Daylight, Rear End, Not Injured, N, N
AUS,2,0,0,0,2017, April, Wednesday,19:00,60, Dry, N, Night, Right Angle, Not Injured, N, N
AUS,2,0,0,0,2017, April, Monday,8:30,100, Wet, Y, Daylight, Hit Fixed Object, Not Injured, N, N
AUS,2,0,0,1,2017, April, Thursday,13:40,50, Dry, N, Daylight, Right Angle, Minor Injury, N, N
AUS,3,0,0,1,2017, April, Thursday,15:20,70, Dry, N, Daylight, Rear End, Minor Injury, N, N
AUS,2,0,0,0,2017, April, Thursday,14:10,20, Dry, N, Daylight, Right Angle, Not Injured, N, N
AUS,2,0,0,1,2017, April, Thursday,16:30,60, Dry, N, Daylight, Rear End, Minor Injury, N, Y
AUS,2,0,0,0,2017, April, Thursday,16:30,50, Dry, N, Daylight, Rear End, Not Injured, N, N
AUS,2,0,0,1,2017, April, Thursday,15:50,60, Dry, N, Daylight, Hit Pedestrian, Minor Injury, N, N
AUS,2,0,0,0,2017, April, Thursday,16:40,50, Dry, N, Daylight, Right Angle, Not Injured, N, N
AUS,2,0,0,0,2017, April, Thursday,16:10,50, Dry, N, Daylight, Rear End, Not Injured, N, N
AUS,2,0,0,0,2017, April, Thursday,17:20,90, Dry, N, Daylight, Rear End, Not Injured, N, N
AUS,3,0,0,1,2017, April, Thursday,15:00,60, Dry, N, Daylight, Rear End, Minor Injury, N, N
AUS,2,0,0,1,2017, April, Thursday,17:50,50, Dry, N, Daylight, Hit Pedestrian, Minor Injury, N, N
AUS,2,0,0,1,2017, April, Thursday,17:50,60, Dry, N, Daylight, Side Swipe, Minor Injury, N, N
AUS,2,0,0,1,2017, April, Thursday,19:30,60, Dry, N, Night, Rear End, Minor Injury, N, N
AUS,2,0,0,0,2017, April, Thursday,22:30,90, Dry, N, Night, Side Swipe, Not Injured, N, N
AUS,2,0,0,0,2017, April, Thursday,23:30,50, Dry, N, Night, Right Angle, Not Injured, N, N
AUS,2,0,0,1,2017, April, Friday,1:30,50, Dry, N, Night, Hit Fixed Object, Minor Injury, N, N
AUS,2,0,0,0,2017, April, Friday,6:00,50, Dry, N, Night, Hit Fixed Object, Not Injured, N, N
AUS,2,0,0,0,2017, April, Friday,4:30,50, Dry, N, Night, Hit Fixed Object, Not Injured, Y, N
AUS,2,0,0,0,2017, April, Friday,7:20,110, Wet, Y, Daylight, Hit Fixed Object, Not Injured, N, N
AUS,2,0,0,0,2017, April, Thursday,17:30,50, Dry, N, Daylight, Side Swipe, Not Injured, N, N
AUS,2,0,0,1,2017, April, Thursday,19:20,60, Dry, N, Night, Rear End, Minor Injury, N, N
AUS,2,0,0,2,2017, April, Thursday,18:50,100, Dry, N, Night, Hit Fixed Object, Minor Injury, N, N
AUS,2,0,0,1,2017, April, Thursday,19:30,60, Dry, N, Daylight, Rear End, Minor Injury, N, N
AUS,2,0,0,0,2017, April, Thursday,12:00,60, Dry, N, Daylight, Right Angle, Not Injured, N, N
AUS,2,0,0,0,2017, April, Thursday,15:00,60, Dry, N, Daylight, Rear End, Not Injured, N, N
AUS,3,0,0,0,2017, April, Thursday,20:00,60, Dry, N, Night, Side Swipe, Not Injured, N, N
AUS,2,0,0,2,2017, April, Thursday,19:00,70, Dry, N, Night, Side Swipe, Minor Injury, N, N
AUS,2,0,0,1,2017, April, Friday,15:40,60, Dry, N, Daylight, Hit Pedestrian, Minor Injury, N, N
AUS,2,0,0,2,2017, April, Friday,16:20,90, Dry, N, Daylight, Right Angle, Minor Injury, N, N
AUS,2,0,0,0,2017, April, Friday,14:30,50, Dry, N, Daylight, Hit Fixed Object, Not Injured, N, N
AUS,2,0,1,3,2017, April, Friday,17:20,100, Dry, N, Daylight, Right Angle, Major Injury, N, N
AUS,2,0,0,0,2017, April, Friday,22:20,60, Dry, N, Night, Hit Fixed Object, Not Injured, N, N
AUS,2,0,0,0,2017, April, Friday,22:20,60, Dry, N, Night, Hit Fixed Object, Not Injured, N, N
AUS,2,0,0,0,2017, April, Saturday,0:00,50, Dry, N, Night, Side Swipe, Not Injured, N, N
AUS,2,0,0,0,2017, April, Saturday,3:20,60, Dry, N, Night, Hit Fixed Object, Not Injured, N, N
AUS,2,0,0,0,2017, April, Sunday,20:20,60, Dry, N, Night, Hit Fixed Object, Not Injured, N, N
AUS,2,0,0,0,2017, April, Saturday,8:30,100, Dry, N, Daylight, Hit Fixed Object, Not Injured, N, N
AUS,2,0,0,0,2017, April, Friday,11:30,80, Dry, N, Daylight, Side Swipe, Not Injured, N, N
AUS,2,0,0,1,2017, April, Saturday,10:10,80, Dry, N, Daylight, Hit Fixed Object, Minor Injury, N, Y
AUS,2,0,0,0,2017, April, Saturday,10:30,60, Dry, N, Daylight, Right Angle, Not Injured, N, N
AUS,2,0,0,1,2017, April, Saturday,11:50,60, Dry, N, Daylight, Side Swipe, Minor Injury, N, N
AUS,2,0,0,0,2017, April, Saturday,14:00,60, Dry, N, Daylight, Rear End, Not Injured, N, N
AUS,2,0,0,1,2017, April, Friday,16:40,50, Dry, N, Daylight, Right Angle, Minor Injury, N, N
AUS,3,0,0,0,2017, April, Friday,16:10,60, Dry, N, Daylight, Hit Fixed Object, Not Injured, N, N
AUS,3,0,0,1,2017, April, Saturday,17:30,60, Dry, N, Daylight, Rear End, Minor Injury, N, N
AUS,2,0,0,0,2017, April, Sunday,1:20,50, Dry, N, Night, Side Swipe, Not Injured, N, N
AUS,2,0,0,0,2017, April, Sunday,1:40,50, Dry, N, Night, Hit Fixed Object, Not Injured, N, N
AUS,2,0,0,0,2017, April, Sunday,9:50,40, Dry, N, Daylight, Hit Pedestrian, Not Injured, N, N
AUS,3,0,0,1,2017, April, Sunday,10:00,60, Dry, N, Daylight, Rear End, Minor Injury, N, N
AUS,2,0,0,0,2017, April, Sunday,11:30,50, Dry, N, Daylight, Hit Fixed Object, Not Injured, N, N
AUS,2,0,0,0,2017, April, Sunday,13:40,100, Dry, N, Daylight, Rear End, Not Injured, N, N
AUS,2,0,0,0,2017, April, Sunday,11:30,60, Dry, N, Daylight, Hit Pedestrian, Not Injured, N, N
AUS,2,0,0,0,2017, March, Thursday,13:50,60, Dry, N, Daylight, Side Swipe, Not Injured, N, N
AUS,2,0,0,0,2017, April, Sunday,0:00,110, Dry, N, Night, Hit Fixed Object, Not Injured, N, N
AUS,2,0,1,1,2017, April, Saturday,23:20,60, Dry, N, Night, Right Angle, Major Injury, Y, N
AUS,2,0,0,1,2017, April, Sunday,11:20,50, Dry, N, Daylight, Right Angle, Minor Injury, N, N
AUS,2,0,1,2,2017, April, Sunday,21:40,60, Dry, N, Night, Hit Fixed Object, Major Injury, N, N
AUS,2,0,1,0,2017, April, Monday,0:20,60, Dry, N, Night, Right Angle, Major Injury, Y, N
AUS,2,0,0,0,2017, April, Saturday,4:00,50, Dry, N, Night, Hit Fixed Object, Not Injured, N, N
AUS,2,0,0,1,2017, April, Sunday,13:20,80, Dry, N, Daylight, Head On, Minor Injury, N, N
AUS,2,0,0,2,2017, April, Monday,8:20,50, Dry, N, Daylight, Rear End, Minor Injury, N, N
AUS,2,0,0,0,2017, April, Saturday,10:00,80, Dry, N, Daylight, Right Angle, Not Injured, N, N
AUS,2,0,0,0,2017, April, Monday,11:20,50, Dry, N, Daylight, Right Angle, Not Injured, N, N
AUS,2,0,0,0,2017, April, Tuesday,9:50,60, Dry, N, Daylight, Right Angle, Not Injured, N, N
AUS,2,0,0,0,2017, April, Monday,12:30,60, Dry, N, Daylight, Rear End, Not Injured, N, N
AUS,2,0,0,0,2017, April, Monday,12:10,60, Dry, N, Daylight, Rear End, Not Injured, N, N
AUS,2,0,0,0,2017, April, Friday,9:00,80, Dry, N, Daylight, Right Angle, Not Injured, N, N
AUS,2,0,0,0,2017, April, Saturday,12:00,80, Dry, N, Daylight, Rear End, Not Injured, N, N
AUS,3,0,1,2,2017, April, Sunday,20:10,50, Dry, N, Night, Head On, Major Injury, Y, N
AUS,2,0,1,0,2017, April, Monday,9:00,100, Dry, N, Daylight, Hit Fixed Object, Major Injury, N, Y
AUS,2,0,0,0,2017, April, Sunday,16:00,60, Dry, N, Daylight, Rear End, Not Injured, N, N
AUS,2,0,0,2,2017, April, Monday,16:00,60, Dry, N, Daylight, Head On, Minor Injury, N, N
AUS,2,0,0,0,2017, April, Monday,16:20,60, Dry, N, Daylight, Hit Fixed Object, Not Injured, N, N
AUS,3,0,0,1,2017, April, Monday,16:30,50, Dry, N, Daylight, Hit Fixed Object, Minor Injury, N, N
AUS,2,0,0,1,2017, April, Monday,18:30,80, Dry, N, Night, Hit Fixed Object, Minor Injury, N, N
AUS,2,0,0,1,2017, April, Monday,14:40,50, Dry, N, Daylight, Hit Fixed Object, Minor Injury, N, N
AUS,2,0,0,0,2017, April, Tuesday,0:50,50, Dry, N, Night, Hit Fixed Object, Not Injured, N, N
AUS,2,0,0,1,2017, April, Tuesday,0:00,110, Dry, N, Night, Hit Fixed Object, Minor Injury, N, N
AUS,2,0,0,0,2017, April, Saturday,10:40,80, Dry, N, Daylight, Right Angle, Not Injured, N, N
AUS,2,0,0,1,2017, April, Tuesday,6:50,50, Dry, N, Daylight, Right Angle, Minor Injury, N, N
AUS,2,0,0,1,2017, April, Monday,9:20,60, Dry, N, Daylight, Right Angle, Minor Injury, N, N
AUS,2,0,0,2,2017, April, Tuesday,8:30,80, Dry, N, Daylight, Right Angle, Minor Injury, N, N
AUS,2,0,0,1,2017, April, Tuesday,9:50,60, Dry, N, Daylight, Right Angle, Minor Injury, N, N
AUS,2,0,0,0,2017, April, Tuesday,11:30,70, Dry, N, Daylight, Rear End, Not Injured, N, N
AUS,2,0,0,0,2017, April, Sunday,17:30,50, Dry, N, Daylight, Right Angle, Not Injured, N, N
AUS,2,0,0,1,2017, April, Monday,18:00,50, Dry, N, Daylight, Right Angle, Minor Injury, N, N
AUS,2,0,0,0,2017, April, Tuesday,7:30,50, Dry, N, Daylight, Side Swipe, Not Injured, N, N
AUS,2,0,0,3,2017, April, Tuesday,15:00,60, Dry, N, Daylight, Right Angle, Minor Injury, N, N
AUS,2,0,0,0,2017, April, Tuesday,16:20,60, Dry, N, Daylight, Side Swipe, Not Injured, N, N
AUS,2,0,0,0,2017, April, Tuesday,16:50,60, Dry, N, Daylight, Side Swipe, Not Injured, N, N
AUS,2,0,0,1,2017, April, Tuesday,17:00,50, Dry, N, Daylight, Right Angle, Minor Injury, N, N
AUS,2,0,0,0,2017, April, Tuesday,14:00,60, Dry, N, Daylight, Rear End, Not Injured, N, N
AUS,2,0,0,1,2017, April, Tuesday,16:40,50, Dry, N, Daylight, Right Angle, Minor Injury, N, N
AUS,2,0,0,0,2017, April, Tuesday,17:10,50, Dry, N, Daylight, Rear End, Not Injured, N, N
AUS,2,0,0,1,2017, April, Tuesday,15:00,60, Dry, N, Daylight, Side Swipe, Minor Injury, N, N
AUS,2,0,0,0,2017, April, Tuesday,15:50,60, Dry, N, Daylight, Rear End, Not Injured, N, N
AUS,2,0,0,0,2017, April, Tuesday,17:20,60, Dry, N, Daylight, Side Swipe, Not Injured, N, N
AUS,2,1,0,0,2017, April, Tuesday,16:00,110, Dry, N, Daylight, Right Angle, Fatal, N, N
AUS,2,0,0,0,2017, April, Tuesday,20:00,50, Dry, N, Night, Hit Fixed Object, Not Injured, N, N
AUS,2,0,2,0,2017, April, Tuesday,22:20,70, Dry, N, Night, Hit Fixed Object, Major Injury, N, N
AUS,2,0,0,1,2017, April, Wednesday,5:20,50, Dry, N, Night, Hit Fixed Object, Minor Injury, N, N
AUS,2,0,0,1,2017, April, Wednesday,3:40,60, Dry, N, Night, Hit Fixed Object, Minor Injury, N, Y
AUS,2,0,0,1,2017, April, Monday,17:30,100, Dry, N, Daylight, Rear End, Minor Injury, N, N
AUS,2,0,0,0,2017, April, Tuesday,7:50,60, Dry, N, Daylight, Rear End, Not Injured, N, N
AUS,2,0,0,0,2017, April, Saturday,17:50,50, Dry, N, Daylight, Rear End, Not Injured, N, N
AUS,2,0,0,0,2017, April, Sunday,17:50,50, Dry, N, Daylight, Hit Fixed Object, Not Injured, N, N
AUS,2,0,0,0,2017, April, Friday,16:00,50, Dry, N, Daylight, Right Angle, Not Injured, N, N
AUS,2,0,0,0,2017, April, Wednesday,9:50,60, Dry, N, Daylight, Right Angle, Not Injured, N, N
AUS,2,0,0,0,2017, April, Wednesday,8:50,50, Dry, N, Daylight, Rear End, Not Injured, N, N
AUS,2,0,0,1,2017, April, Tuesday,18:20,60, Dry, N, Daylight, Rear End, Minor Injury, N, N
AUS,2,0,0,1,2017, April, Tuesday,17:20,60, Dry, N, Daylight, Rear End, Minor Injury, N, N
AUS,3,0,0,0,2017, April, Wednesday,10:30,60, Dry, N, Daylight, Side Swipe, Not Injured, N, N
AUS,2,0,0,0,2017, April, Wednesday,13:10,50, Dry, N, Daylight, Right Angle, Not Injured, N, N
AUS,2,0,0,0,2017, April, Wednesday,12:20,60, Dry, N, Daylight, Rear End, Not Injured, N, N
AUS,2,0,0,0,2017, April, Saturday,13:00,50, Dry, N, Daylight, Rear End, Not Injured, N, N
AUS,2,0,0,0,2017, April, Wednesday,15:20,60, Dry, N, Daylight, Right Angle, Not Injured, N, N
AUS,2,0,0,1,2017, April, Wednesday,12:00,50, Dry, N, Daylight, Side Swipe, Minor Injury, N, N
AUS,3,0,0,0,2017, April, Wednesday,17:10,60, Dry, N, Daylight, Rear End, Not Injured, N, N
AUS,3,0,0,0,2017, April, Wednesday,15:40,60, Dry, N, Daylight, Rear End, Not Injured, N, N
AUS,2,0,0,1,2017, April, Wednesday,15:50,60, Dry, N, Daylight, Right Angle, Minor Injury, N, N
AUS,2,0,0,0,2017, April, Wednesday,17:00,80, Dry, N, Daylight, Rear End, Not Injured, N, N
AUS,3,0,1,0,2017, April, Wednesday,19:40,50, Wet, Y, Night, Right Angle, Major Injury, N, N
AUS,2,0,0,0,2017, April, Wednesday,17:30,50, Dry, N, Daylight, Hit Fixed Object, Not Injured, N, N
AUS,3,0,0,0,2017, April, Wednesday,16:30,70, Dry, N, Daylight, Side Swipe, Not Injured, N, N
AUS,2,1,3,0,2017, April, Wednesday,18:40,110, Dry, N, Night, Head On, Fatal, N, Y
AUS,2,0,0,2,2017, April, Thursday,3:00,90, Dry, N, Night, Hit Fixed Object, Minor Injury, N, Y
AUS,3,0,0,0,2017, April, Wednesday,12:50,100, Dry, N, Daylight, Hit Fixed Object, Not Injured, N, Y
AUS,2,0,0,0,2017, April, Tuesday,12:20,60, Dry, N, Daylight, Right Angle, Not Injured, N, N
AUS,2,0,0,0,2017, April, Wednesday,14:50,40, Dry, N, Daylight, Rear End, Not Injured, N, N
AUS,3,0,0,1,2017, April, Thursday,10:10,100, Wet, Y, Daylight, Head On, Minor Injury, N, N
AUS,2,0,0,1,2017, April, Thursday,10:40,60, Wet, Y, Daylight, Rear End, Minor Injury, N, N
AUS,2,0,0,1,2017, April, Thursday,10:50,110, Wet, Y, Daylight, Right Angle, Minor Injury, N, N
AUS,3,0,0,0,2017, April, Thursday,6:50,60, Wet, N, Daylight, Rear End, Not Injured, N, N
AUS,2,0,0,0,2017, April, Thursday,6:50,90, Dry, N, Daylight, Rear End, Not Injured, N, N
AUS,2,0,0,0,2017, April, Thursday,9:50,60, Wet, Y, Daylight, Side Swipe, Not Injured, N, N
AUS,2,0,0,0,2017, April, Thursday,12:00,80, Wet, Y, Daylight, Right Angle, Not Injured, N, N
AUS,2,0,0,1,2017, April, Thursday,13:00,60, Wet, Y, Daylight, Rear End, Minor Injury, N, N
AUS,2,0,0,0,2017, April, Wednesday,7:00,50, Wet, Y, Daylight, Right Angle, Not Injured, N, N
AUS,2,0,0,0,2017, April, Thursday,8:20,80, Wet, Y, Daylight, Rear End, Not Injured, N, N
AUS,2,0,0,0,2017, March, Friday,11:00,110, Dry, N, Daylight, Right Angle, Not Injured, N, N
AUS,2,0,0,0,2017, April, Thursday,16:10,110, Wet, Y, Daylight, Hit Fixed Object, Not Injured, N, N
AUS,2,0,0,2,2017, April, Tuesday,14:10,60, Dry, N, Daylight, Right Angle, Minor Injury, N, Y
AUS,3,0,0,0,2017, April, Wednesday,17:50,50, Dry, N, Daylight, Rear End, Not Injured, N, N
AUS,3,0,0,1,2017, April, Thursday,14:00,50, Dry, N, Daylight, Rear End, Minor Injury, N, N
AUS,2,0,0,0,2017, April, Thursday,17:50,50, Wet, N, Night, Side Swipe, Not Injured, N, N
AUS,2,0,0,0,2017, April, Thursday,16:00,60, Dry, N, Daylight, Right Angle, Not Injured, N, N
AUS,2,0,1,0,2017, April, Thursday,18:00,60, Wet, Y, Night, Hit Pedestrian, Major Injury, N, N
AUS,2,0,0,0,2017, April, Thursday,18:10,80, Wet, Y, Night, Rear End, Not Injured, N, N
AUS,2,0,0,0,2017, April, Thursday,19:00,50, Dry, N, Night, Rear End, Not Injured, N, N
AUS,3,0,0,0,2017, April, Thursday,16:50,80, Dry, N, Daylight, Hit Fixed Object, Not Injured, N, N
AUS,2,0,0,1,2017, April, Thursday,18:30,60, Dry, N, Night, Right Angle, Minor Injury, N, N
AUS,2,0,0,0,2017, April, Friday,4:10,50, Wet, N, Night, Hit Fixed Object, Not Injured, N, N
AUS,2,0,0,1,2017, April, Thursday,13:00,100, Wet, Y, Daylight, Head On, Minor Injury, N, N
AUS,2,0,0,1,2017, April, Friday,8:10,60, Dry, N, Daylight, Rear End, Minor Injury, N, N
AUS,2,0,0,2,2017, April, Tuesday,23:30,100, Dry, N, Night, Hit Fixed Object, Minor Injury, N, Y
AUS,2,0,0,0,2017, April, Friday,7:20,60, Wet, Y, Daylight, Right Angle, Not Injured, N, N
AUS,2,0,0,1,2017, April, Thursday,9:50,60, Wet, Y, Daylight, Rear End, Minor Injury, N, N
AUS,2,0,0,0,2017, April, Friday,8:30,60, Dry, N, Daylight, Side Swipe, Not Injured, N, N
AUS,2,0,0,0,2017, April, Friday,10:00,60, Dry, N, Daylight, Right Angle, Not Injured, N, N
AUS,2,0,0,0,2017, April, Thursday,12:30,100, Wet, Y, Daylight, Hit Fixed Object, Not Injured, N, N
AUS,2,0,0,0,2017, April, Thursday,17:50,60, Wet, Y, Daylight, Rear End, Not Injured, N, N
AUS,4,0,0,0,2017, April, Thursday,11:00,50, Wet, Y, Daylight, Right Angle, Not Injured, N, N
AUS,2,0,0,0,2017, April, Friday,12:00,60, Dry, N, Daylight, Rear End, Not Injured, N, Y
AUS,2,0,0,1,2017, April, Thursday,14:30,110, Wet, Y, Daylight, Hit Fixed Object, Minor Injury, N, N
AUS,2,0,0,0,2017, April, Tuesday,1:10,50, Dry, N, Night, Hit Fixed Object, Not Injured, N, N
AUS,2,0,0,0,2017, April, Friday,12:20,70, Dry, N, Daylight, Rear End, Not Injured, N, N
AUS,3,0,0,3,2017, April, Friday,5:40,100, Wet, Y, Night, Head On, Minor Injury, N, N
AUS,2,0,0,0,2017, April, Thursday,19:10,80, Wet, N, Night, Rear End, Not Injured, N, N
AUS,2,0,0,0,2017, April, Thursday,12:50,100, Wet, Y, Daylight, Hit Fixed Object, Not Injured, Y, N
AUS,2,0,0,1,2017, March, Friday,18:00,60, Dry, N, Daylight, Rear End, Minor Injury, N, N
AUS,2,0,0,1,2017, April, Thursday,17:00,60, Wet, Y, Daylight, Right Angle, Minor Injury, N, N
AUS,2,0,0,0,2017, April, Friday,15:20,50, Dry, N, Daylight, Side Swipe, Not Injured, N, N
AUS,2,0,0,0,2017, April, Wednesday,10:00,60, Dry, N, Daylight, Rear End, Not Injured, N, N
AUS,2,0,0,0,2017, April, Friday,12:20,50, Dry, N, Daylight, Rear End, Not Injured, N, N
AUS,2,0,0,0,2017, April, Friday,1:20,60, Dry, N, Night, Rear End, Not Injured, N, N
AUS,2,0,0,1,2017, April, Thursday,17:50,60, Dry, N, Daylight, Rear End, Minor Injury, N, N
AUS,2,0,0,1,2017, April, Friday,14:50,60, Dry, N, Daylight, Rear End, Minor Injury, N, N
AUS,2,0,0,0,2017, April, Friday,15:10,60, Dry, N, Daylight, Rear End, Not Injured, N, N
AUS,2,0,0,0,2017, April, Thursday,14:20,80, Wet, Y, Daylight, Hit Fixed Object, Not Injured, N, N
AUS,3,0,0,0,2017, April, Thursday,16:50,60, Dry, N, Daylight, Rear End, Not Injured, N, N
AUS,2,0,0,2,2017, April, Friday,16:50,50, Dry, N, Daylight, Right Angle, Minor Injury, N, N
AUS,3,0,0,0,2017, April, Friday,15:40,80, Dry, N, Daylight, Rear End, Not Injured, N, N
AUS,2,0,0,0,2017, April, Friday,17:00,50, Dry, N, Daylight, Hit Fixed Object, Not Injured, N, N
AUS,2,0,0,0,2017, April, Thursday,19:20,60, Dry, N, Night, Right Angle, Not Injured, N, N
AUS,2,0,1,0,2017, April, Friday,14:00,100, Dry, N, Daylight, Hit Fixed Object, Major Injury, N, Y
AUS,2,0,0,1,2017, April, Friday,14:00,50, Dry, N, Daylight, Hit Fixed Object, Minor Injury, N, N
AUS,2,0,0,0,2017, April, Friday,18:40,60, Dry, N, Night, Side Swipe, Not Injured, N, N
AUS,2,0,0,0,2017, April, Friday,18:30,60, Dry, N, Night, Right Angle, Not Injured, N, N
AUS,2,0,0,1,2017, April, Friday,18:40,60, Dry, N, Night, Right Angle, Minor Injury, N, N
AUS,2,0,0,0,2017, April, Friday,16:00,60, Dry, N, Daylight, Right Angle, Not Injured, N, N
AUS,3,0,0,0,2017, April, Friday,19:00,60, Dry, N, Night, Rear End, Not Injured, N, N
AUS,2,0,0,0,2017, April, Friday,15:20,60, Dry, N, Daylight, Rear End, Not Injured, N, N
AUS,2,0,0,1,2017, April, Friday,13:50,100, Dry, N, Daylight, Hit Fixed Object, Minor Injury, N, Y
AUS,3,0,0,0,2017, April, Friday,19:00,50, Dry, N, Night, Rear End, Not Injured, N, N
AUS,2,0,0,0,2017, April, Friday,22:30,70, Dry, N, Night, Side Swipe, Not Injured, N, N
AUS,2,0,1,0,2017, April, Friday,22:00,100, Dry, N, Night, Hit Fixed Object, Major Injury, Y, N
AUS,2,0,0,0,2017, April, Saturday,1:10,60, Dry, N, Night, Hit Fixed Object, Not Injured, N, N
AUS,2,0,0,0,2017, April, Saturday,1:20,50, Dry, N, Night, Hit Fixed Object, Not Injured, Y, N
AUS,2,0,0,0,2017, April, Friday,22:30,50, Dry, N, Night, Rear End, Not Injured, N, N
AUS,2,0,0,1,2017, April, Saturday,9:10,60, Dry, N, Daylight, Right Angle, Minor Injury, N, N
AUS,4,0,0,0,2017, April, Saturday,8:40,60, Dry, N, Daylight, Head On, Not Injured, N, N
AUS,2,0,0,3,2017, April, Saturday,10:40,100, Dry, N, Daylight, Side Swipe, Minor Injury, N, N
AUS,4,0,0,0,2017, April, Friday,17:30,60, Dry, N, Daylight, Rear End, Not Injured, N, N
AUS,2,0,0,0,2017, April, Saturday,1:20,60, Dry, N, Night, Hit Fixed Object, Not Injured, N, N
AUS,3,0,0,0,2017, April, Saturday,14:20,60, Dry, N, Daylight, Rear End, Not Injured, N, N
AUS,2,0,0,0,2017, April, Friday,19:50,50, Dry, N, Night, Side Swipe, Not Injured, N, N
AUS,2,0,1,0,2017, April, Saturday,14:20,50, Dry, N, Daylight, Right Angle, Major Injury, N, N
AUS,2,0,0,0,2017, April, Saturday,10:30,60, Dry, N, Daylight, Rear End, Not Injured, N, N
AUS,3,0,0,0,2017, April, Saturday,16:40,50, Dry, N, Daylight, Hit Fixed Object, Not Injured, N, N
AUS,2,0,0,0,2017, April, Saturday,20:10,50, Dry, N, Night, Hit Pedestrian, Not Injured, N, N
AUS,2,0,0,0,2017, April, Saturday,19:20,60, Dry, N, Night, Hit Fixed Object, Not Injured, N, N
AUS,2,0,0,0,2017, April, Sunday,0:50,80, Dry, N, Night, Hit Fixed Object, Not Injured, N, N
AUS,3,0,0,0,2017, April, Saturday,12:20,60, Dry, N, Daylight, Rear End, Not Injured, N, N
AUS,2,0,0,0,2017, April, Saturday,0:00,60, Dry, N, Daylight, Hit Fixed Object, Not Injured, Y, N
AUS,2,0,0,0,2017, April, Sunday,9:20,80, Dry, N, Daylight, Right Angle, Not Injured, N, N
AUS,2,0,0,0,2017, April, Saturday,13:20,60, Dry, N, Daylight, Right Angle, Not Injured, N, N
AUS,2,0,0,1,2017, April, Sunday,4:00,100, Dry, N, Night, Hit Fixed Object, Minor Injury, Y, N
AUS,3,0,0,0,2017, April, Saturday,14:50,60, Dry, N, Daylight, Hit Fixed Object, Not Injured, N, N
AUS,2,0,0,0,2017, April, Saturday,12:10,60, Dry, N, Daylight, Rear End, Not Injured, N, N
AUS,2,0,0,0,2017, April, Saturday,15:00,60, Dry, N, Daylight, Rear End, Not Injured, N, N
AUS,2,0,1,1,2017, April, Sunday,9:50,110, Dry, N, Daylight, Rear End, Major Injury, N, N
AUS,2,0,0,0,2017, April, Sunday,8:30,80, Dry, N, Daylight, Hit Fixed Object, Not Injured, N, N
AUS,2,0,1,0,2017, April, Saturday,12:10,50, Dry, N, Daylight, Hit Fixed Object, Major Injury, N, N
AUS,2,0,0,0,2017, April, Sunday,11:30,60, Dry, N, Daylight, Side Swipe, Not Injured, N, N
AUS,2,0,1,0,2017, April, Sunday,13:40,70, Dry, N, Daylight, Hit Fixed Object, Major Injury, N, N
AUS,2,0,0,0,2017, April, Friday,11:40,60, Dry, N, Daylight, Side Swipe, Not Injured, N, N
AUS,2,0,0,0,2017, April, Sunday,14:50,50, Dry, N, Daylight, Hit Fixed Object, Not Injured, N, N
AUS,2,0,0,0,2017, April, Friday,22:50,80, Wet, Y, Night, Hit Fixed Object, Not Injured, N, N