Nation,Total Units,Total Fatalities,Total Serious Injuries,Total Minor Injuries,Year,Month,Day,Time,Speed Limit,Moisture,Adverse Weather Conditions,DayNight,Crash Type,Crash Severity,Alcohol Related ,Drug Related
AUS,2,0,0,1,2017, May, Saturday,14:00,80, Dry, N, Daylight, Rear End, Minor Injury, N, N
AUS,2,0,0,1,2017, May, Saturday,14:00,60, Dry, N, Daylight, Side Swipe, Minor Injury, N, N
AUS,2,0,0,1,2017, May, Friday,17:00,100, Dry, N, Daylight, Hit Fixed Object, Minor Injury, N, N
AUS,2,0,0,0,2017, May, Saturday,15:00,70, Dry, N, Daylight, Right Angle, Not Injured, N, N
AUS,3,0,0,0,2017, May, Saturday,16:00,60, Dry, N, Daylight, Rear End, Not Injured, N, N
AUS,2,0,0,0,2017, May, Saturday,14:30,50, Dry, N, Daylight, Right Angle, Not Injured, N, N
AUS,2,0,0,0,2017, May, Saturday,16:00,50, Dry, N, Daylight, Right Angle, Not Injured, N, N
AUS,2,0,1,1,2017, May, Saturday,16:40,110, Dry, N, Daylight, Right Angle, Major Injury, N, Y
AUS,2,0,0,0,2017, May, Saturday,16:30,60, Dry, N, Daylight, Right Angle, Not Injured, N, N
AUS,2,0,0,0,2017, May, Friday,18:00,60, Dry, N, Night, Right Angle, Not Injured, N, N
AUS,3,0,0,0,2017, May, Saturday,15:10,40, Dry, N, Daylight, Rear End, Not Injured, N, N
AUS,2,0,0,1,2017, May, Saturday,18:30,80, Dry, N, Night, Right Angle, Minor Injury, N, N
AUS,2,0,0,1,2017, May, Saturday,19:30,50, Dry, N, Night, Hit Fixed Object, Minor Injury, N, N
AUS,2,0,0,0,2017, May, Saturday,23:30,50, Dry, N, Night, Hit Fixed Object, Not Injured, N, N
AUS,2,0,0,0,2017, May, Sunday,2:00,60, Dry, N, Night, Hit Fixed Object, Not Injured, N, N
AUS,2,0,0,0,2017, May, Sunday,0:00,60, Dry, N, Night, Hit Fixed Object, Not Injured, Y, N
AUS,2,0,0,2,2017, May, Saturday,14:20,100, Dry, N, Daylight, Head On, Minor Injury, N, N
AUS,2,0,0,0,2017, May, Sunday,7:10,70, Dry, N, Night, Hit Fixed Object, Not Injured, N, N
AUS,2,0,0,0,2017, May, Sunday,1:00,50, Dry, N, Night, Hit Fixed Object, Not Injured, N, N
AUS,2,0,0,1,2017, May, Sunday,7:50,60, Dry, N, Daylight, Rear End, Minor Injury, N, N
AUS,2,0,0,0,2017, May, Saturday,12:40,60, Dry, N, Daylight, Hit Fixed Object, Not Injured, N, N
AUS,2,0,0,1,2017, May, Sunday,6:10,110, Dry, N, Night, Hit Fixed Object, Minor Injury, N, N
AUS,2,0,0,1,2017, March, Friday,15:30,60, Dry, N, Daylight, Rear End, Minor Injury, N, N
AUS,2,0,0,0,2017, May, Sunday,10:30,80, Dry, N, Daylight, Side Swipe, Not Injured, N, N
AUS,2,0,0,0,2017, May, Saturday,12:00,60, Dry, N, Daylight, Right Angle, Not Injured, N, N
AUS,2,0,0,0,2017, May, Saturday,12:30,50, Dry, N, Daylight, Right Angle, Not Injured, N, N
AUS,2,0,0,1,2017, May, Sunday,12:30,50, Dry, N, Daylight, Hit Fixed Object, Minor Injury, N, N
AUS,2,1,0,0,2017, May, Sunday,11:30,100, Dry, N, Daylight, Hit Pedestrian, Fatal, N, N
AUS,2,0,0,1,2017, May, Sunday,12:50,50, Dry, N, Daylight, Hit Pedestrian, Minor Injury, N, N
AUS,2,0,0,0,2017, May, Saturday,12:40,60, Dry, N, Daylight, Rear End, Not Injured, N, N
AUS,2,0,0,0,2017, May, Sunday,12:20,60, Dry, N, Daylight, Side Swipe, Not Injured, N, N
AUS,2,0,0,0,2017, May, Saturday,22:50,80, Dry, N, Night, Hit Fixed Object, Not Injured, N, N
AUS,2,0,0,0,2017, May, Sunday,15:30,110, Dry, N, Daylight, Side Swipe, Not Injured, N, N
AUS,2,0,0,0,2017, May, Sunday,15:50,100, Dry, N, Daylight, Hit Fixed Object, Not Injured, N, N
AUS,2,0,0,0,2017, May, Sunday,12:30,60, Dry, N, Daylight, Hit Fixed Object, Not Injured, N, N
AUS,2,0,0,0,2017, May, Sunday,16:40,80, Dry, N, Daylight, Hit Fixed Object, Not Injured, N, N
AUS,2,0,0,0,2017, May, Sunday,16:30,60, Dry, N, Daylight, Rear End, Not Injured, N, N
AUS,2,0,0,0,2017, May, Sunday,17:00,80, Dry, N, Daylight, Head On, Not Injured, N, Y
AUS,2,0,0,0,2017, May, Sunday,16:40,60, Dry, N, Daylight, Rear End, Not Injured, N, N
AUS,2,0,0,1,2017, May, Sunday,17:00,110, Dry, N, Daylight, Hit Fixed Object, Minor Injury, Y, Y
AUS,3,0,0,1,2017, May, Sunday,22:50,60, Dry, N, Night, Hit Fixed Object, Minor Injury, N, Y
AUS,2,0,0,0,2017, May, Monday,0:40,50, Dry, N, Night, Hit Fixed Object, Not Injured, N, N
AUS,2,0,0,0,2017, May, Monday,7:00,60, Dry, N, Night, Rear End, Not Injured, N, N
AUS,2,0,0,0,2017, May, Sunday,19:50,50, Dry, N, Night, Right Angle, Not Injured, N, N
AUS,2,0,0,0,2017, May, Sunday,10:30,50, Dry, N, Daylight, Rear End, Not Injured, N, N
AUS,2,0,0,0,2017, May, Monday,9:30,50, Dry, N, Daylight, Right Angle, Not Injured, N, N
AUS,2,0,0,1,2017, May, Wednesday,8:00,50, Dry, N, Daylight, Hit Fixed Object, Minor Injury, N, Y
AUS,2,0,0,0,2017, May, Friday,21:00,100, Dry, N, Night, Hit Fixed Object, Not Injured, N, N
AUS,2,0,0,1,2017, May, Monday,8:00,50, Dry, N, Daylight, Rear End, Minor Injury, N, N
AUS,3,0,0,0,2017, May, Monday,8:30,60, Dry, N, Daylight, Rear End, Not Injured, N, N
AUS,2,0,0,0,2017, May, Monday,0:20,50, Dry, N, Night, Right Angle, Not Injured, N, N
AUS,2,0,0,1,2017, May, Monday,11:00,50, Dry, N, Daylight, Rear End, Minor Injury, N, N
AUS,2,0,0,0,2017, May, Monday,12:00,50, Dry, N, Daylight, Hit Fixed Object, Not Injured, N, N
AUS,2,0,0,1,2017, May, Monday,12:30,80, Dry, N, Daylight, Hit Fixed Object, Minor Injury, N, N
AUS,2,0,0,0,2017, May, Sunday,8:00,100, Dry, N, Daylight, Hit Fixed Object, Not Injured, N, N
AUS,2,0,0,0,2017, May, Monday,12:30,50, Dry, N, Daylight, Side Swipe, Not Injured, N, N
AUS,2,0,0,1,2017, March, Wednesday,6:30,60, Dry, N, Night, Rear End, Minor Injury, N, N
AUS,2,0,0,0,2017, May, Monday,16:00,60, Dry, N, Daylight, Rear End, Not Injured, N, N
AUS,2,0,0,1,2017, May, Monday,7:10,60, Dry, N, Night, Rear End, Minor Injury, N, N
AUS,2,0,0,0,2017, May, Monday,17:10,60, Wet, Y, Daylight, Hit Fixed Object, Not Injured, N, N
AUS,2,0,0,2,2017, May, Monday,20:10,60, Wet, Y, Night, Side Swipe, Minor Injury, N, N
AUS,2,0,0,3,2017, May, Monday,21:30,50, Wet, Y, Night, Right Angle, Minor Injury, N, N
AUS,2,0,0,1,2017, May, Tuesday,5:40,70, Dry, N, Night, Right Angle, Minor Injury, N, N
AUS,3,0,0,1,2017, May, Tuesday,2:50,80, Wet, Y, Night, Hit Fixed Object, Minor Injury, N, N
AUS,3,0,0,1,2017, May, Tuesday,8:30,80, Wet, Y, Daylight, Rear End, Minor Injury, N, N
AUS,2,0,0,0,2017, May, Monday,20:30,60, Wet, Y, Night, Right Angle, Not Injured, N, N
AUS,2,0,0,1,2017, May, Tuesday,7:20,100, Dry, N, Daylight, Hit Fixed Object, Minor Injury, N, N
AUS,2,0,0,1,2017, May, Tuesday,8:00,60, Wet, Y, Daylight, Hit Pedestrian, Minor Injury, N, N
AUS,3,0,0,1,2017, May, Tuesday,8:00,60, Dry, N, Daylight, Side Swipe, Minor Injury, N, N
AUS,2,0,0,0,2017, May, Tuesday,11:00,60, Dry, N, Daylight, Rear End, Not Injured, N, N
AUS,3,0,0,1,2017, May, Monday,21:30,50, Wet, Y, Night, Rear End, Minor Injury, N, N
AUS,2,0,0,0,2017, May, Tuesday,5:50,60, Dry, N, Night, Side Swipe, Not Injured, N, N
AUS,3,0,0,0,2017, May, Monday,18:00,60, Dry, N, Night, Rear End, Not Injured, N, N
AUS,3,0,0,1,2017, May, Saturday,12:20,60, Dry, N, Daylight, Rear End, Minor Injury, N, N
AUS,2,0,0,1,2017, May, Tuesday,11:30,80, Dry, N, Daylight, Rear End, Minor Injury, N, N
AUS,2,0,0,0,2017, May, Sunday,10:30,110, Dry, N, Daylight, Hit Fixed Object, Not Injured, N, N
AUS,2,0,0,1,2017, May, Tuesday,14:20,60, Dry, N, Daylight, Side Swipe, Minor Injury, N, N
AUS,2,0,0,0,2017, May, Tuesday,14:30,80, Dry, N, Daylight, Side Swipe, Not Injured, N, N
AUS,2,0,0,0,2017, May, Tuesday,12:50,60, Dry, N, Daylight, Side Swipe, Not Injured, N, N
AUS,2,0,0,1,2017, May, Tuesday,16:10,60, Wet, Y, Daylight, Rear End, Minor Injury, N, N
AUS,2,0,0,0,2017, May, Tuesday,16:30,70, Wet, Y, Daylight, Rear End, Not Injured, N, N
AUS,3,0,0,0,2017, May, Tuesday,16:50,60, Wet, Y, Daylight, Right Angle, Not Injured, N, N
AUS,2,0,0,1,2017, May, Tuesday,17:00,60, Dry, N, Daylight, Right Angle, Minor Injury, N, N
AUS,2,0,0,2,2017, May, Tuesday,16:40,50, Wet, Y, Daylight, Right Angle, Minor Injury, N, N
AUS,2,0,0,1,2017, May, Tuesday,17:00,50, Dry, N, Daylight, Right Angle, Minor Injury, N, N
AUS,2,0,0,0,2017, May, Tuesday,18:20,80, Wet, N, Night, Right Angle, Not Injured, N, N
AUS,3,0,0,1,2017, May, Tuesday,18:00,60, Dry, N, Night, Rear End, Minor Injury, N, N
AUS,2,0,0,0,2017, May, Tuesday,16:00,60, Wet, N, Daylight, Head On, Not Injured, Y, N
AUS,2,0,0,1,2017, May, Tuesday,16:50,100, Wet, Y, Daylight, Rear End, Minor Injury, N, N
AUS,2,0,0,0,2017, May, Tuesday,20:20,50, Dry, N, Night, Hit Fixed Object, Not Injured, N, N
AUS,2,0,0,1,2017, May, Wednesday,0:40,60, Wet, Y, Night, Hit Fixed Object, Minor Injury, N, N
AUS,3,0,0,0,2017, May, Wednesday,7:00,60, Wet, Y, Night, Rear End, Not Injured, N, N
AUS,2,0,0,0,2017, May, Tuesday,17:10,60, Wet, N, Daylight, Rear End, Not Injured, N, N
AUS,2,0,0,0,2017, May, Wednesday,8:20,50, Dry, N, Daylight, Right Angle, Not Injured, N, N
AUS,2,0,0,0,2017, May, Wednesday,8:10,110, Wet, N, Daylight, Hit Fixed Object, Not Injured, N, N
AUS,2,0,0,0,2017, May, Tuesday,17:00,60, Dry, N, Daylight, Right Angle, Not Injured, N, N
AUS,2,0,0,1,2017, May, Wednesday,8:30,60, Wet, N, Daylight, Head On, Minor Injury, N, N
AUS,3,0,0,0,2017, May, Wednesday,8:20,60, Dry, N, Daylight, Rear End, Not Injured, N, N
AUS,2,0,0,0,2017, May, Tuesday,17:50,60, Wet, N, Night, Side Swipe, Not Injured, N, N
AUS,2,0,0,0,2017, May, Tuesday,11:30,50, Dry, N, Daylight, Rear End, Not Injured, N, N
AUS,2,0,0,1,2017, May, Wednesday,9:00,60, Wet, Y, Daylight, Rear End, Minor Injury, N, N
AUS,2,0,0,1,2017, May, Wednesday,8:00,50, Dry, N, Daylight, Rear End, Minor Injury, N, N
AUS,2,0,0,1,2017, May, Wednesday,7:20,60, Wet, N, Daylight, Right Angle, Minor Injury, N, N
AUS,2,0,0,0,2017, May, Wednesday,9:20,60, Dry, N, Daylight, Right Angle, Not Injured, N, N
AUS,2,0,0,1,2017, May, Friday,16:00,40, Dry, N, Daylight, Side Swipe, Minor Injury, N, N
AUS,2,0,0,1,2017, May, Tuesday,16:50,60, Dry, N, Daylight, Rear End, Minor Injury, N, N
AUS,3,0,0,1,2017, May, Saturday,18:50,50, Dry, N, Night, Hit Fixed Object, Minor Injury, N, N
AUS,2,0,0,0,2017, May, Wednesday,10:50,50, Dry, N, Daylight, Right Angle, Not Injured, N, N
AUS,2,0,0,1,2017, May, Wednesday,8:00,60, Dry, N, Daylight, Right Angle, Minor Injury, N, N
AUS,2,0,0,0,2017, May, Tuesday,14:00,50, Dry, N, Daylight, Side Swipe, Not Injured, N, N
AUS,4,0,0,1,2017, May, Wednesday,9:50,110, Dry, N, Daylight, Rear End, Minor Injury, N, N
AUS,2,0,0,1,2017, May, Wednesday,10:50,60, Dry, N, Daylight, Rear End, Minor Injury, N, N
AUS,2,0,0,1,2017, May, Wednesday,13:30,60, Dry, N, Daylight, Rear End, Minor Injury, N, N
AUS,2,0,0,0,2017, May, Wednesday,10:50,50, Dry, N, Daylight, Rear End, Not Injured, N, N
AUS,2,0,0,0,2017, May, Wednesday,14:30,60, Dry, N, Daylight, Right Angle, Not Injured, N, N
AUS,2,0,0,1,2017, May, Wednesday,8:00,50, Wet, Y, Daylight, Right Angle, Minor Injury, N, N
AUS,2,0,0,1,2017, May, Wednesday,13:00,110, Dry, N, Daylight, Hit Fixed Object, Minor Injury, N, N
AUS,2,0,0,1,2017, May, Tuesday,18:30,50, Wet, N, Night, Rear End, Minor Injury, N, N
AUS,2,0,0,0,2017, May, Wednesday,15:50,60, Dry, N, Daylight, Rear End, Not Injured, N, N
AUS,2,0,0,1,2017, May, Wednesday,13:50,50, Dry, N, Daylight, Rear End, Minor Injury, N, N
AUS,2,0,0,2,2017, May, Wednesday,15:40,70, Dry, N, Daylight, Rear End, Minor Injury, N, N
AUS,2,0,0,1,2017, May, Tuesday,17:00,60, Dry, N, Daylight, Rear End, Minor Injury, N, N
AUS,2,0,0,0,2017, May, Wednesday,8:50,70, Dry, N, Daylight, Side Swipe, Not Injured, N, N
AUS,2,0,0,1,2017, May, Wednesday,8:20,60, Wet, N, Daylight, Right Angle, Minor Injury, N, N
AUS,3,0,0,0,2017, May, Wednesday,15:30,90, Dry, N, Daylight, Side Swipe, Not Injured, N, N
AUS,2,0,0,0,2017, May, Wednesday,18:10,60, Dry, N, Night, Rear End, Not Injured, N, N
AUS,3,0,0,0,2017, May, Wednesday,15:30,60, Dry, N, Daylight, Rear End, Not Injured, N, N
AUS,2,0,0,0,2017, May, Wednesday,15:40,60, Dry, N, Daylight, Right Angle, Not Injured, N, N
AUS,2,0,0,0,2017, May, Wednesday,18:40,90, Dry, N, Night, Right Angle, Not Injured, N, N
AUS,2,0,0,0,2017, May, Wednesday,15:10,60, Dry, N, Daylight, Hit Pedestrian, Not Injured, N, N
AUS,2,0,0,1,2017, May, Tuesday,20:30,100, Wet, Y, Night, Hit Fixed Object, Minor Injury, N, N
AUS,2,0,0,1,2017, May, Wednesday,15:20,60, Dry, N, Daylight, Rear End, Minor Injury, N, N
AUS,4,0,0,1,2017, May, Wednesday,20:50,60, Dry, N, Night, Hit Fixed Object, Minor Injury, N, N
AUS,2,0,0,0,2017, May, Thursday,2:30,50, Dry, N, Night, Hit Fixed Object, Not Injured, Y, N
AUS,2,0,0,0,2017, May, Wednesday,23:50,50, Dry, N, Night, Hit Fixed Object, Not Injured, Y, N
AUS,2,0,0,0,2017, May, Wednesday,10:40,50, Dry, N, Daylight, Rear End, Not Injured, N, N
AUS,3,0,0,0,2017, May, Thursday,6:40,100, Dry, N, Night, Rear End, Not Injured, N, N
AUS,3,0,0,0,2017, May, Thursday,2:00,50, Dry, N, Night, Hit Fixed Object, Not Injured, N, N
AUS,2,0,0,0,2017, May, Thursday,7:50,60, Dry, N, Daylight, Side Swipe, Not Injured, N, N
AUS,2,0,0,0,2017, May, Thursday,10:00,60, Dry, N, Daylight, Rear End, Not Injured, N, N
AUS,3,0,0,0,2017, May, Thursday,11:50,60, Dry, N, Daylight, Rear End, Not Injured, N, N
AUS,2,0,0,0,2017, May, Thursday,11:30,50, Dry, N, Daylight, Hit Fixed Object, Not Injured, N, N
AUS,2,0,0,1,2017, May, Thursday,7:00,100, Dry, N, Night, Head On, Minor Injury, N, N
AUS,2,0,0,0,2017, May, Thursday,9:40,60, Dry, N, Daylight, Rear End, Not Injured, N, N
AUS,2,0,0,0,2017, May, Wednesday,13:00,100, Dry, N, Daylight, Head On, Not Injured, N, N
AUS,2,0,0,0,2017, May, Wednesday,15:30,110, Dry, N, Daylight, Hit Fixed Object, Not Injured, N, N
AUS,2,0,0,0,2017, May, Wednesday,18:20,60, Dry, N, Night, Right Angle, Not Injured, N, N
AUS,2,0,0,0,2017, May, Wednesday,18:20,70, Dry, N, Night, Hit Fixed Object, Not Injured, N, N
AUS,4,0,0,0,2017, May, Thursday,17:40,90, Dry, N, Night, Rear End, Not Injured, N, N
AUS,2,0,0,0,2017, May, Thursday,17:50,60, Dry, N, Night, Side Swipe, Not Injured, N, N
AUS,2,0,0,1,2017, May, Thursday,16:50,60, Dry, N, Daylight, Rear End, Minor Injury, N, N
AUS,2,0,0,1,2017, May, Thursday,16:00,50, Dry, N, Daylight, Right Angle, Minor Injury, N, N
AUS,3,0,0,0,2017, May, Thursday,17:00,60, Dry, N, Daylight, Rear End, Not Injured, N, N
AUS,2,0,0,0,2017, May, Tuesday,23:30,50, Dry, N, Night, Side Swipe, Not Injured, N, N
AUS,2,0,0,0,2017, May, Wednesday,14:00,80, Dry, N, Daylight, Right Angle, Not Injured, Y, N
AUS,3,0,0,0,2017, May, Thursday,19:00,60, Dry, N, Night, Rear End, Not Injured, N, N
AUS,3,0,0,0,2017, May, Thursday,17:40,50, Dry, N, Night, Rear End, Not Injured, N, N
AUS,2,0,0,0,2017, May, Thursday,17:40,50, Wet, Y, Night, Hit Pedestrian, Not Injured, N, N
AUS,4,0,0,0,2017, May, Thursday,15:30,60, Dry, N, Daylight, Rear End, Not Injured, N, N
AUS,3,0,0,1,2017, May, Thursday,18:50,70, Dry, N, Night, Rear End, Minor Injury, N, N
AUS,2,0,0,4,2017, May, Thursday,16:20,50, Dry, N, Daylight, Hit Fixed Object, Minor Injury, N, N
AUS,2,0,0,0,2017, May, Thursday,16:00,60, Dry, N, Daylight, Right Angle, Not Injured, N, N
AUS,2,0,0,2,2017, May, Thursday,16:30,100, Dry, N, Daylight, Right Angle, Minor Injury, N, N
AUS,2,0,0,0,2017, May, Thursday,20:50,50, Wet, N, Night, Hit Fixed Object, Not Injured, N, N
AUS,2,0,0,0,2017, May, Thursday,17:10,60, Wet, Y, Daylight, Right Angle, Not Injured, N, N
AUS,2,0,0,0,2017, May, Thursday,17:40,100, Dry, N, Night, Hit Fixed Object, Not Injured, N, N
AUS,2,0,0,0,2017, May, Thursday,20:40,50, Dry, N, Night, Hit Fixed Object, Not Injured, N, N
AUS,2,0,0,0,2017, May, Thursday,22:30,50, Wet, N, Night, Hit Fixed Object, Not Injured, N, N
AUS,2,0,0,0,2017, May, Friday,0:10,60, Dry, N, Night, Rear End, Not Injured, N, N
AUS,2,0,0,0,2017, May, Friday,5:00,60, Dry, N, Night, Hit Fixed Object, Not Injured, N, N
AUS,3,0,0,0,2017, May, Thursday,6:30,100, Dry, N, Night, Rear End, Not Injured, N, N
AUS,2,0,0,0,2017, May, Friday,7:50,80, Dry, N, Daylight, Side Swipe, Not Injured, N, N
AUS,3,0,0,2,2017, May, Friday,7:40,60, Dry, N, Daylight, Rear End, Minor Injury, N, N
AUS,2,0,0,0,2017, May, Thursday,15:00,60, Dry, N, Daylight, Side Swipe, Not Injured, N, N
AUS,2,0,0,0,2017, May, Friday,8:20,50, Dry, N, Daylight, Hit Fixed Object, Not Injured, N, N
AUS,2,0,0,0,2017, May, Friday,8:40,50, Dry, N, Daylight, Right Angle, Not Injured, N, N
AUS,3,0,0,1,2017, May, Friday,6:30,80, Dry, N, Night, Rear End, Minor Injury, N, N
AUS,2,0,0,0,2017, May, Thursday,18:00,60, Dry, N, Night, Right Angle, Not Injured, N, N
AUS,3,0,0,2,2017, May, Friday,10:50,60, Dry, N, Daylight, Rear End, Minor Injury, N, N
AUS,2,0,0,0,2017, May, Friday,10:00,70, Dry, N, Daylight, Hit Fixed Object, Not Injured, N, N
AUS,2,0,0,0,2017, May, Wednesday,10:00,60, Dry, N, Daylight, Rear End, Not Injured, N, N
AUS,2,0,0,0,2017, May, Friday,8:40,60, Dry, N, Daylight, Side Swipe, Not Injured, N, N
AUS,2,0,0,2,2017, May, Friday,9:50,100, Dry, N, Daylight, Right Angle, Minor Injury, N, Y
AUS,2,0,2,0,2017, May, Friday,13:30,100, Dry, N, Daylight, Right Angle, Major Injury, N, N
AUS,2,0,1,0,2017, May, Friday,11:10,100, Dry, N, Daylight, Hit Fixed Object, Major Injury, N, N
AUS,2,0,0,1,2017, May, Thursday,14:50,50, Dry, N, Daylight, Right Angle, Minor Injury, N, N
AUS,2,0,0,0,2017, May, Friday,12:20,70, Dry, N, Daylight, Side Swipe, Not Injured, N, N
AUS,2,0,0,0,2017, May, Friday,12:40,60, Dry, N, Daylight, Rear End, Not Injured, N, N
AUS,2,0,0,1,2017, May, Friday,14:40,60, Dry, N, Daylight, Rear End, Minor Injury, N, N
AUS,2,0,0,0,2017, May, Friday,15:20,50, Dry, N, Daylight, Hit Fixed Object, Not Injured, N, N
AUS,2,0,0,1,2017, May, Friday,15:40,60, Dry, N, Daylight, Rear End, Minor Injury, N, N
AUS,2,0,0,0,2017, May, Friday,16:30,110, Dry, N, Daylight, Side Swipe, Not Injured, N, N
AUS,3,0,0,2,2017, May, Friday,17:40,90, Dry, N, Night, Side Swipe, Minor Injury, N, N
AUS,2,0,0,1,2017, May, Friday,17:30,50, Dry, N, Night, Right Angle, Minor Injury, N, N
AUS,2,0,0,0,2017, May, Friday,17:30,50, Dry, N, Night, Hit Pedestrian, Not Injured, N, N
AUS,2,0,0,0,2017, May, Friday,17:50,80, Dry, N, Night, Side Swipe, Not Injured, N, N
AUS,3,0,0,0,2017, May, Friday,18:00,60, Dry, N, Night, Rear End, Not Injured, N, N
AUS,2,0,0,0,2017, May, Friday,21:00,100, Dry, N, Night, Rear End, Not Injured, N, N
AUS,2,0,0,1,2017, May, Friday,18:10,50, Dry, N, Night, Head On, Minor Injury, N, Y
AUS,2,0,1,1,2017, May, Friday,23:50,50, Dry, N, Night, Hit Fixed Object, Major Injury, Y, N
AUS,2,0,0,0,2017, May, Saturday,2:00,50, Dry, N, Night, Hit Fixed Object, Not Injured, N, N
AUS,2,0,0,0,2017, May, Saturday,2:00,50, Dry, N, Night, Hit Fixed Object, Not Injured, N, N
AUS,2,0,0,0,2017, May, Saturday,2:10,60, Dry, N, Night, Hit Fixed Object, Not Injured, Y, N
AUS,2,0,0,0,2017, May, Saturday,2:00,50, Dry, N, Night, Hit Pedestrian, Not Injured, N, N
AUS,3,0,0,1,2017, May, Saturday,3:30,80, Dry, N, Night, Hit Fixed Object, Minor Injury, N, N
AUS,2,0,0,0,2017, May, Saturday,6:00,50, Dry, N, Night, Hit Fixed Object, Not Injured, N, N
AUS,2,0,0,0,2017, May, Saturday,4:00,60, Dry, N, Night, Hit Fixed Object, Not Injured, N, N
AUS,2,0,0,0,2017, May, Thursday,9:40,50, Dry, N, Daylight, Right Angle, Not Injured, N, N
AUS,2,0,0,1,2017, May, Saturday,8:00,60, Wet, Y, Daylight, Right Angle, Minor Injury, N, N
AUS,4,0,1,0,2017, May, Saturday,8:10,60, Dry, N, Daylight, Rear End, Major Injury, N, N
AUS,2,0,0,0,2017, May, Friday,13:30,50, Dry, N, Daylight, Right Angle, Not Injured, N, N
AUS,2,0,0,0,2017, May, Saturday,8:10,50, Dry, N, Daylight, Hit Fixed Object, Not Injured, N, N
AUS,3,0,0,1,2017, May, Saturday,12:10,80, Dry, N, Daylight, Rear End, Minor Injury, N, N
AUS,2,0,0,0,2017, May, Saturday,13:00,60, Dry, N, Daylight, Rear End, Not Injured, N, N
AUS,4,0,0,0,2017, May, Saturday,11:10,60, Dry, N, Daylight, Hit Fixed Object, Not Injured, N, N
AUS,2,0,0,1,2017, May, Saturday,9:20,60, Wet, N, Daylight, Hit Fixed Object, Minor Injury, N, Y
AUS,3,0,0,0,2017, May, Saturday,13:00,50, Dry, N, Daylight, Rear End, Not Injured, N, N
AUS,2,0,0,0,2017, May, Thursday,13:30,50, Dry, N, Daylight, Right Angle, Not Injured, N, N
AUS,2,0,0,1,2017, May, Saturday,13:10,50, Dry, N, Daylight, Rear End, Minor Injury, N, Y
AUS,2,0,0,2,2017, May, Friday,22:00,60, Dry, N, Night, Hit Fixed Object, Minor Injury, Y, N
AUS,2,0,0,1,2017, May, Saturday,15:30,60, Dry, N, Daylight, Right Angle, Minor Injury, N, N
AUS,2,0,0,1,2017, May, Saturday,13:30,50, Dry, N, Daylight, Hit Fixed Object, Minor Injury, N, N
AUS,2,0,0,0,2017, May, Saturday,16:00,40, Dry, N, Daylight, Hit Fixed Object, Not Injured, Y, N
AUS,2,0,0,0,2017, May, Saturday,14:30,50, Dry, N, Daylight, Hit Fixed Object, Not Injured, N, N
AUS,2,0,0,0,2017, May, Friday,20:30,60, Dry, N, Night, Right Angle, Not Injured, N, N
AUS,2,0,1,0,2017, May, Saturday,17:20,60, Wet, Y, Night, Hit Fixed Object, Major Injury, N, N
AUS,3,0,0,1,2017, May, Saturday,18:00,60, Wet, Y, Night, Rear End, Minor Injury, N, N
AUS,2,0,0,0,2017, May, Saturday,19:40,60, Wet, Y, Night, Right Angle, Not Injured, N, N
AUS,2,0,0,0,2017, May, Saturday,18:50,60, Wet, Y, Night, Rear End, Not Injured, N, N
AUS,2,0,1,0,2017, May, Sunday,2:00,50, Dry, N, Night, Hit Fixed Object, Major Injury, N, Y
AUS,2,0,0,0,2017, May, Sunday,2:30,100, Dry, N, Night, Hit Fixed Object, Not Injured, N, N
AUS,2,0,0,0,2017, April, Tuesday,16:30,50, Dry, N, Daylight, Side Swipe, Not Injured, N, N
AUS,2,0,0,0,2017, May, Saturday,23:30,60, Wet, Y, Night, Rear End, Not Injured, N, N
AUS,2,0,0,1,2017, May, Sunday,10:10,60, Wet, N, Daylight, Rear End, Minor Injury, N, N
AUS,2,0,1,0,2017, May, Sunday,11:30,50, Dry, N, Daylight, Right Angle, Major Injury, N, Y
AUS,2,0,0,1,2017, May, Saturday,12:00,80, Dry, N, Daylight, Right Angle, Minor Injury, N, N
AUS,2,0,0,0,2017, May, Saturday,15:00,60, Dry, N, Daylight, Rear End, Not Injured, N, N
AUS,2,0,0,0,2017, May, Saturday,20:40,50, Wet, Y, Night, Right Angle, Not Injured, N, N
AUS,2,0,0,1,2017, May, Sunday,11:40,110, Wet, Y, Daylight, Right Angle, Minor Injury, N, N
AUS,2,0,0,0,2017, May, Sunday,12:30,60, Wet, Y, Daylight, Rear End, Not Injured, N, N
AUS,2,0,0,1,2017, May, Sunday,9:00,110, Dry, N, Daylight, Hit Fixed Object, Minor Injury, N, N
AUS,2,0,0,0,2017, May, Sunday,14:00,50, Wet, N, Daylight, Hit Fixed Object, Not Injured, N, N
AUS,3,0,0,0,2017, May, Saturday,21:00,50, Wet, Y, Night, Hit Fixed Object, Not Injured, N, N
AUS,2,0,0,0,2017, May, Sunday,16:20,60, Dry, N, Daylight, Right Angle, Not Injured, N, N
AUS,2,0,0,0,2017, May, Sunday,15:10,60, Dry, N, Daylight, Right Angle, Not Injured, N, N
AUS,2,0,0,0,2017, May, Friday,17:40,90, Dry, N, Night, Rear End, Not Injured, N, N
AUS,2,0,0,0,2017, May, Sunday,16:50,50, Wet, N, Daylight, Right Angle, Not Injured, N, N
AUS,2,0,0,0,2017, May, Sunday,13:00,60, Dry, N, Daylight, Right Angle, Not Injured, N, N
AUS,2,0,0,0,2017, May, Sunday,16:20,60, Dry, N, Daylight, Rear End, Not Injured, N, N
AUS,5,0,0,4,2017, May, Sunday,13:10,100, Wet, Y, Daylight, Head On, Minor Injury, N, N
AUS,2,0,0,1,2017, May, Sunday,17:30,60, Dry, N, Night, Right Angle, Minor Injury, N, N
AUS,3,1,0,1,2017, May, Sunday,14:30,60, Dry, N, Daylight, Side Swipe, Fatal, N, Y
AUS,2,0,0,0,2017, May, Sunday,18:30,60, Wet, N, Night, Side Swipe, Not Injured, N, N
AUS,2,0,0,1,2017, May, Sunday,22:10,110, Wet, Y, Night, Hit Fixed Object, Minor Injury, Y, N
AUS,2,0,0,0,2017, May, Sunday,3:30,50, Wet, Y, Night, Hit Fixed Object, Not Injured, N, N
AUS,2,0,0,0,2017, May, Sunday,23:10,50, Dry, N, Night, Right Angle, Not Injured, N, N
AUS,2,0,0,0,2017, May, Friday,16:30,100, Dry, N, Daylight, Right Angle, Not Injured, N, N
AUS,2,0,0,0,2017, May, Monday,8:10,50, Wet, N, Daylight, Hit Fixed Object, Not Injured, N, N
AUS,2,0,0,1,2017, May, Monday,6:30,100, Wet, Y, Night, Hit Fixed Object, Minor Injury, N, N