Nation,Total Units,Total Fatalities,Total Serious Injuries,Total Minor Injuries,Year,Month,Day,Time,Speed Limit,Moisture,Adverse Weather Conditions,DayNight,Crash Type,Crash Severity,Alcohol Related ,Drug Related
AUS,2,0,0,0,2017, June, Monday,16:00,60, Dry, N, Daylight, Rear End, Not Injured, N, N
AUS,2,0,0,0,2017, June, Monday,16:20,80, Dry, N, Daylight, Rear End, Not Injured, N, N
AUS,2,0,0,0,2017, June, Friday,11:50,40, Dry, N, Daylight, Hit Fixed Object, Not Injured, N, N
AUS,2,0,0,1,2017, June, Sunday,2:50,50, Dry, N, Night, Hit Pedestrian, Minor Injury, N, N
AUS,2,0,0,0,2017, June, Friday,9:40,60, Dry, N, Daylight, Head On, Not Injured, N, N
AUS,3,0,0,0,2017, June, Monday,17:40,60, Wet, Y, Night, Rear End, Not Injured, N, N
AUS,2,0,0,1,2017, June, Monday,15:10,60, Dry, N, Daylight, Rear End, Minor Injury, N, N
AUS,2,0,0,1,2017, June, Monday,15:00,60, Dry, N, Daylight, Hit Fixed Object, Minor Injury, N, N
AUS,3,0,0,1,2017, June, Monday,17:40,70, Dry, N, Night, Rear End, Minor Injury, N, N
AUS,2,0,0,1,2017, June, Monday,21:20,50, Dry, N, Night, Hit Pedestrian, Minor Injury, N, N
AUS,2,0,0,0,2017, June, Monday,18:20,60, Wet, N, Night, Right Angle, Not Injured, N, N
AUS,4,0,1,0,2017, June, Monday,20:50,60, Wet, N, Night, Hit Fixed Object, Major Injury, N, N
AUS,2,0,0,0,2017, June, Monday,21:40,60, Dry, N, Night, Side Swipe, Not Injured, N, N
AUS,2,0,0,0,2017, June, Tuesday,5:00,40, Dry, N, Night, Hit Fixed Object, Not Injured, N, N
AUS,3,0,0,1,2017, June, Tuesday,6:00,90, Wet, Y, Night, Rear End, Minor Injury, N, N
AUS,2,0,0,1,2017, June, Monday,12:40,60, Dry, N, Daylight, Right Angle, Minor Injury, N, N
AUS,2,0,0,0,2017, June, Tuesday,7:20,80, Dry, N, Night, Right Angle, Not Injured, N, N
AUS,2,0,0,0,2017, June, Tuesday,8:00,90, Wet, N, Daylight, Right Angle, Not Injured, N, N
AUS,2,0,0,0,2017, June, Tuesday,8:50,60, Dry, N, Daylight, Rear End, Not Injured, N, N
AUS,2,0,0,0,2017, June, Monday,13:20,50, Dry, N, Daylight, Side Swipe, Not Injured, N, N
AUS,2,0,0,0,2017, June, Tuesday,6:50,100, Dry, N, Night, Head On, Not Injured, N, N
AUS,2,0,0,1,2017, June, Tuesday,9:00,50, Dry, N, Daylight, Side Swipe, Minor Injury, N, N
AUS,2,0,0,1,2017, June, Monday,17:00,60, Dry, N, Daylight, Rear End, Minor Injury, N, N
AUS,2,0,0,1,2017, June, Tuesday,9:30,60, Dry, N, Daylight, Rear End, Minor Injury, N, N
AUS,2,0,0,0,2017, June, Tuesday,10:50,110, Dry, N, Daylight, Hit Fixed Object, Not Injured, N, N
AUS,2,0,0,0,2017, June, Tuesday,12:50,60, Dry, N, Daylight, Hit Fixed Object, Not Injured, N, N
AUS,2,0,0,5,2017, June, Monday,23:20,50, Wet, Y, Night, Hit Fixed Object, Minor Injury, N, N
AUS,2,0,0,0,2017, June, Thursday,13:10,40, Dry, N, Daylight, Right Angle, Not Injured, N, N
AUS,3,0,0,1,2017, June, Tuesday,15:30,60, Dry, N, Daylight, Rear End, Minor Injury, N, N
AUS,2,0,0,0,2017, June, Monday,16:00,40, Dry, N, Daylight, Rear End, Not Injured, N, N
AUS,2,0,0,0,2017, June, Tuesday,14:50,50, Dry, N, Daylight, Side Swipe, Not Injured, N, N
AUS,2,0,0,0,2017, June, Tuesday,15:50,50, Dry, N, Daylight, Rear End, Not Injured, N, N
AUS,2,0,0,1,2017, June, Tuesday,16:20,60, Dry, N, Daylight, Hit Pedestrian, Minor Injury, N, N
AUS,2,0,0,0,2017, June, Tuesday,13:10,90, Dry, N, Daylight, Right Angle, Not Injured, N, N
AUS,3,0,1,0,2017, June, Tuesday,15:30,60, Dry, N, Daylight, Rear End, Major Injury, N, N
AUS,2,0,0,0,2017, June, Tuesday,15:40,60, Dry, N, Daylight, Right Angle, Not Injured, N, N
AUS,2,0,0,1,2017, June, Tuesday,16:30,60, Dry, N, Daylight, Side Swipe, Minor Injury, N, N
AUS,2,0,0,2,2017, June, Tuesday,16:40,80, Dry, N, Daylight, Rear End, Minor Injury, N, N
AUS,3,0,0,1,2017, June, Wednesday,8:50,60, Dry, N, Daylight, Rear End, Minor Injury, N, N
AUS,2,0,0,0,2017, June, Wednesday,7:40,100, Dry, N, Daylight, Head On, Not Injured, N, N
AUS,2,0,0,0,2017, June, Wednesday,8:40,60, Dry, N, Daylight, Hit Pedestrian, Not Injured, N, N
AUS,2,0,0,0,2017, June, Tuesday,15:50,50, Dry, N, Daylight, Rear End, Not Injured, N, N
AUS,3,0,0,1,2017, June, Wednesday,6:30,60, Dry, N, Night, Rear End, Minor Injury, N, N
AUS,2,0,0,1,2017, June, Monday,8:50,60, Dry, N, Daylight, Rear End, Minor Injury, N, N
AUS,3,0,0,2,2017, June, Wednesday,8:30,60, Dry, N, Daylight, Rear End, Minor Injury, N, Y
AUS,2,0,0,1,2017, June, Tuesday,21:00,50, Dry, N, Night, Hit Fixed Object, Minor Injury, N, N
AUS,2,0,0,0,2017, June, Wednesday,8:30,80, Dry, N, Daylight, Rear End, Not Injured, N, N
AUS,3,0,0,1,2017, June, Wednesday,7:50,60, Dry, N, Daylight, Rear End, Minor Injury, N, N
AUS,4,0,0,0,2017, June, Wednesday,7:10,80, Dry, N, Night, Rear End, Not Injured, N, N
AUS,2,0,0,0,2017, June, Tuesday,22:10,80, Dry, N, Night, Hit Fixed Object, Not Injured, N, N
AUS,2,0,0,1,2017, June, Wednesday,8:30,60, Dry, N, Daylight, Side Swipe, Minor Injury, N, N
AUS,2,0,0,1,2017, June, Wednesday,10:00,60, Dry, N, Daylight, Rear End, Minor Injury, N, N
AUS,2,0,0,0,2017, June, Wednesday,13:40,50, Dry, N, Daylight, Right Angle, Not Injured, N, N
AUS,2,0,0,1,2017, June, Wednesday,13:10,110, Dry, N, Daylight, Hit Fixed Object, Minor Injury, N, N
AUS,2,0,0,0,2017, June, Wednesday,11:20,60, Dry, N, Daylight, Rear End, Not Injured, N, N
AUS,2,0,0,0,2017, June, Tuesday,15:40,60, Dry, N, Daylight, Rear End, Not Injured, N, N
AUS,3,0,0,1,2017, June, Thursday,17:50,60, Wet, N, Night, Rear End, Minor Injury, N, N
AUS,2,0,0,2,2017, June, Wednesday,16:00,60, Dry, N, Daylight, Right Angle, Minor Injury, N, N
AUS,2,0,0,0,2017, June, Wednesday,16:30,60, Dry, N, Daylight, Rear End, Not Injured, N, N
AUS,2,0,0,0,2017, June, Wednesday,17:20,50, Dry, N, Night, Right Angle, Not Injured, N, N
AUS,2,0,0,0,2017, June, Wednesday,17:30,60, Dry, N, Night, Rear End, Not Injured, N, N
AUS,2,0,0,1,2017, May, Thursday,15:20,60, Dry, N, Daylight, Rear End, Minor Injury, N, N
AUS,3,0,0,1,2017, June, Wednesday,15:40,60, Dry, N, Daylight, Rear End, Minor Injury, N, N
AUS,2,0,0,1,2017, June, Wednesday,18:00,110, Dry, N, Night, Rear End, Minor Injury, N, N
AUS,2,0,0,1,2017, June, Wednesday,14:10,60, Dry, N, Daylight, Rear End, Minor Injury, N, N
AUS,2,0,0,0,2017, June, Wednesday,16:20,60, Dry, N, Daylight, Rear End, Not Injured, N, N
AUS,2,0,0,0,2017, June, Wednesday,16:20,50, Dry, N, Daylight, Right Angle, Not Injured, N, N
AUS,2,0,0,1,2017, June, Wednesday,15:20,80, Dry, N, Daylight, Hit Fixed Object, Minor Injury, N, N
AUS,2,0,0,1,2017, June, Wednesday,15:20,80, Dry, N, Daylight, Right Angle, Minor Injury, N, N
AUS,2,0,0,0,2017, June, Wednesday,20:10,60, Dry, N, Night, Hit Fixed Object, Not Injured, N, N
AUS,2,0,0,0,2017, June, Thursday,7:30,60, Dry, N, Daylight, Hit Pedestrian, Not Injured, N, N
AUS,2,0,0,0,2017, June, Thursday,3:30,100, Dry, N, Night, Hit Fixed Object, Not Injured, N, N
AUS,2,0,0,1,2017, June, Thursday,7:50,60, Dry, N, Daylight, Rear End, Minor Injury, N, N
AUS,2,0,0,1,2017, June, Thursday,7:20,100, Dry, N, Daylight, Rear End, Minor Injury, N, N
AUS,2,0,1,0,2017, June, Thursday,6:00,50, Dry, N, Night, Right Angle, Major Injury, N, Y
AUS,2,0,0,1,2017, June, Thursday,8:00,60, Dry, N, Daylight, Right Angle, Minor Injury, N, N
AUS,3,0,0,0,2017, June, Thursday,8:50,80, Dry, N, Daylight, Side Swipe, Not Injured, N, N
AUS,2,0,0,1,2017, April, Sunday,15:30,50, Dry, N, Daylight, Hit Pedestrian, Minor Injury, N, N
AUS,2,0,0,1,2017, June, Thursday,11:30,60, Dry, N, Daylight, Side Swipe, Minor Injury, N, N
AUS,2,0,0,0,2017, June, Thursday,9:50,50, Dry, N, Daylight, Right Angle, Not Injured, N, N
AUS,2,0,0,0,2017, June, Thursday,13:20,50, Dry, N, Daylight, Right Angle, Not Injured, N, N
AUS,2,0,0,0,2017, June, Thursday,7:30,60, Dry, N, Daylight, Side Swipe, Not Injured, N, N
AUS,3,0,0,1,2017, June, Thursday,14:10,60, Dry, N, Daylight, Rear End, Minor Injury, N, N
AUS,2,0,0,1,2017, June, Thursday,16:50,60, Dry, N, Daylight, Right Angle, Minor Injury, N, N
AUS,3,0,0,0,2017, June, Thursday,15:50,100, Wet, Y, Daylight, Hit Fixed Object, Not Injured, N, N
AUS,3,0,0,0,2017, June, Thursday,15:30,60, Dry, N, Daylight, Rear End, Not Injured, N, N
AUS,2,0,0,0,2017, June, Thursday,16:20,60, Dry, N, Daylight, Rear End, Not Injured, N, N
AUS,2,0,1,0,2017, June, Thursday,15:20,100, Wet, Y, Daylight, Head On, Major Injury, N, N
AUS,2,0,0,0,2017, June, Thursday,14:50,60, Dry, N, Daylight, Right Angle, Not Injured, N, N
AUS,2,0,0,0,2017, June, Thursday,17:20,50, Dry, N, Night, Right Angle, Not Injured, N, N
AUS,2,0,0,0,2017, June, Thursday,17:40,60, Wet, Y, Night, Rear End, Not Injured, N, N
AUS,2,0,0,0,2017, May, Saturday,18:10,50, Wet, Y, Night, Hit Pedestrian, Not Injured, N, N
AUS,2,0,0,1,2017, June, Thursday,17:10,60, Dry, N, Daylight, Right Angle, Minor Injury, N, N
AUS,2,0,0,0,2017, June, Monday,21:40,100, Wet, Y, Night, Hit Fixed Object, Not Injured, N, Y
AUS,3,0,0,0,2017, June, Friday,3:40,60, Dry, N, Night, Hit Pedestrian, Not Injured, N, N
AUS,3,0,0,1,2017, June, Friday,7:50,50, Dry, N, Daylight, Right Angle, Minor Injury, N, N
AUS,3,0,0,2,2017, June, Friday,7:30,100, Dry, N, Daylight, Rear End, Minor Injury, N, N
AUS,2,0,0,0,2017, June, Saturday,8:30,50, Dry, N, Daylight, Right Angle, Not Injured, N, N
AUS,2,0,0,0,2017, June, Friday,9:30,60, Dry, N, Daylight, Right Angle, Not Injured, N, N
AUS,2,0,0,0,2017, June, Thursday,13:30,110, Dry, N, Daylight, Hit Fixed Object, Not Injured, N, N
AUS,2,0,0,0,2017, June, Friday,9:20,80, Dry, N, Daylight, Side Swipe, Not Injured, N, N
AUS,2,0,0,0,2017, June, Friday,9:50,50, Dry, N, Daylight, Hit Fixed Object, Not Injured, N, N
AUS,3,0,0,1,2017, June, Thursday,16:50,60, Wet, Y, Daylight, Rear End, Minor Injury, N, N
AUS,2,0,0,0,2017, June, Thursday,18:20,50, Dry, N, Night, Head On, Not Injured, N, N
AUS,2,0,0,0,2017, June, Friday,9:20,60, Dry, N, Daylight, Hit Fixed Object, Not Injured, N, N
AUS,2,0,0,0,2017, June, Thursday,17:50,60, Dry, N, Night, Rear End, Not Injured, N, N
AUS,2,0,0,1,2017, June, Wednesday,7:30,60, Dry, N, Daylight, Side Swipe, Minor Injury, N, N
AUS,2,0,0,1,2017, June, Wednesday,8:50,60, Dry, N, Daylight, Side Swipe, Minor Injury, N, N
AUS,3,0,0,1,2017, June, Friday,8:40,60, Dry, N, Daylight, Rear End, Minor Injury, N, N
AUS,2,0,0,2,2017, June, Friday,12:20,80, Dry, N, Daylight, Hit Fixed Object, Minor Injury, N, N
AUS,2,0,0,0,2017, June, Thursday,17:30,60, Dry, N, Night, Right Angle, Not Injured, N, N
AUS,2,0,0,0,2017, June, Thursday,15:20,40, Wet, Y, Daylight, Right Angle, Not Injured, N, N
AUS,2,0,0,0,2017, June, Friday,10:00,60, Dry, N, Daylight, Rear End, Not Injured, N, N
AUS,2,0,0,0,2017, June, Friday,12:50,50, Dry, N, Daylight, Right Angle, Not Injured, N, N
AUS,2,0,0,0,2017, June, Friday,8:50,60, Dry, N, Daylight, Right Angle, Not Injured, N, N
AUS,2,0,1,0,2017, June, Friday,15:20,110, Dry, N, Daylight, Right Angle, Major Injury, N, N
AUS,2,0,0,0,2017, June, Friday,15:00,60, Dry, N, Daylight, Rear End, Not Injured, N, N
AUS,2,0,0,1,2017, June, Friday,16:00,60, Dry, N, Daylight, Side Swipe, Minor Injury, N, N
AUS,2,0,0,0,2017, June, Friday,14:30,110, Dry, N, Daylight, Hit Fixed Object, Not Injured, N, N
AUS,2,0,0,1,2017, June, Thursday,18:30,60, Dry, N, Night, Right Angle, Minor Injury, N, N
AUS,3,0,0,2,2017, June, Friday,15:00,50, Dry, N, Daylight, Right Angle, Minor Injury, N, N
AUS,2,0,0,0,2017, June, Friday,17:10,50, Dry, N, Daylight, Right Angle, Not Injured, N, N
AUS,2,0,0,1,2017, June, Friday,17:50,50, Dry, N, Night, Rear End, Minor Injury, N, N
AUS,2,0,0,1,2017, June, Friday,17:00,50, Dry, N, Daylight, Right Angle, Minor Injury, N, N
AUS,4,0,0,0,2017, June, Friday,15:30,60, Dry, N, Daylight, Hit Fixed Object, Not Injured, N, N
AUS,2,0,0,0,2017, June, Friday,16:50,80, Wet, N, Daylight, Hit Fixed Object, Not Injured, N, N
AUS,2,0,0,0,2017, June, Friday,19:00,110, Dry, N, Night, Right Angle, Not Injured, N, N
AUS,2,0,0,0,2017, June, Friday,22:10,80, Dry, N, Night, Right Angle, Not Injured, N, N
AUS,2,0,0,0,2017, June, Friday,21:50,50, Dry, N, Night, Hit Fixed Object, Not Injured, Y, N
AUS,2,0,1,0,2017, June, Friday,17:40,100, Wet, N, Night, Hit Fixed Object, Major Injury, Y, N
AUS,4,0,0,0,2017, June, Friday,23:00,50, Dry, N, Night, Hit Fixed Object, Not Injured, N, N
AUS,2,0,0,0,2017, June, Saturday,4:20,60, Wet, Y, Night, Hit Fixed Object, Not Injured, Y, N
AUS,2,0,0,1,2017, June, Friday,10:00,60, Dry, N, Daylight, Rear End, Minor Injury, N, N
AUS,2,0,0,1,2017, June, Saturday,10:40,60, Dry, N, Daylight, Rear End, Minor Injury, N, N
AUS,2,0,0,0,2017, June, Thursday,19:00,40, Dry, N, Night, Hit Fixed Object, Not Injured, N, N
AUS,3,0,0,0,2017, June, Saturday,12:00,50, Dry, N, Daylight, Rear End, Not Injured, N, N
AUS,2,0,0,0,2017, June, Thursday,14:30,100, Wet, N, Daylight, Hit Fixed Object, Not Injured, N, N
AUS,3,0,0,1,2017, June, Friday,18:50,60, Dry, N, Night, Rear End, Minor Injury, N, N
AUS,2,0,0,1,2017, June, Saturday,13:50,50, Dry, N, Daylight, Right Angle, Minor Injury, N, N
AUS,2,0,0,0,2017, June, Friday,17:00,60, Dry, N, Daylight, Rear End, Not Injured, N, N
AUS,2,0,0,0,2017, June, Saturday,10:00,80, Dry, N, Daylight, Hit Fixed Object, Not Injured, N, N
AUS,2,0,0,1,2017, June, Saturday,12:40,60, Dry, N, Daylight, Right Angle, Minor Injury, N, N
AUS,2,0,0,1,2017, June, Saturday,14:10,60, Dry, N, Daylight, Right Angle, Minor Injury, N, Y
AUS,2,0,0,0,2017, June, Saturday,16:00,50, Dry, N, Daylight, Head On, Not Injured, N, N
AUS,4,0,0,0,2017, June, Saturday,16:20,60, Dry, N, Daylight, Rear End, Not Injured, N, N
AUS,2,0,0,2,2017, June, Friday,20:50,60, Dry, N, Night, Right Angle, Minor Injury, N, N
AUS,4,0,0,2,2017, June, Saturday,14:30,60, Dry, N, Daylight, Rear End, Minor Injury, N, N
AUS,3,0,0,0,2017, June, Friday,15:20,60, Dry, N, Daylight, Side Swipe, Not Injured, N, N
AUS,2,1,0,0,2017, June, Saturday,15:00,60, Dry, N, Daylight, Hit Fixed Object, Fatal, N, N
AUS,2,0,0,0,2017, June, Saturday,17:50,60, Dry, N, Night, Side Swipe, Not Injured, N, N
AUS,2,0,0,0,2017, June, Friday,22:30,100, Dry, N, Night, Hit Fixed Object, Not Injured, N, Y
AUS,2,0,0,0,2017, June, Saturday,2:40,80, Dry, N, Night, Hit Fixed Object, Not Injured, N, N
AUS,2,0,4,0,2017, June, Saturday,21:00,100, Dry, N, Night, Head On, Major Injury, N, Y
AUS,2,0,0,0,2017, June, Saturday,12:00,60, Dry, N, Daylight, Right Angle, Not Injured, N, N
AUS,2,0,0,0,2017, May, Tuesday,8:20,50, Dry, N, Daylight, Hit Fixed Object, Not Injured, N, N
AUS,3,0,0,0,2017, June, Sunday,9:50,60, Dry, N, Daylight, Rear End, Not Injured, N, N
AUS,2,0,0,1,2017, June, Sunday,9:30,50, Dry, N, Daylight, Right Angle, Minor Injury, N, N
AUS,2,0,0,0,2017, June, Friday,17:40,60, Dry, N, Night, Hit Fixed Object, Not Injured, N, N
AUS,2,0,0,0,2017, June, Sunday,12:20,100, Dry, N, Daylight, Rear End, Not Injured, N, N
AUS,2,0,0,0,2017, June, Friday,17:10,80, Dry, N, Daylight, Right Angle, Not Injured, N, N
AUS,2,0,0,0,2017, June, Saturday,16:50,60, Dry, N, Daylight, Side Swipe, Not Injured, N, N
AUS,2,0,0,0,2017, June, Sunday,9:00,50, Dry, N, Daylight, Side Swipe, Not Injured, N, N
AUS,2,0,0,0,2017, June, Sunday,13:00,80, Dry, N, Daylight, Hit Fixed Object, Not Injured, N, N
AUS,3,0,0,0,2017, June, Sunday,14:00,60, Dry, N, Daylight, Rear End, Not Injured, N, N
AUS,2,0,0,0,2017, June, Saturday,16:00,80, Wet, N, Daylight, Hit Fixed Object, Not Injured, N, N
AUS,2,0,0,1,2017, June, Sunday,17:00,50, Dry, N, Daylight, Hit Fixed Object, Minor Injury, N, N
AUS,2,0,0,1,2017, June, Saturday,19:50,60, Dry, N, Night, Head On, Minor Injury, N, N
AUS,2,0,0,0,2017, June, Sunday,17:10,60, Dry, N, Daylight, Right Angle, Not Injured, N, N
AUS,2,0,0,2,2017, June, Sunday,17:40,60, Dry, N, Night, Right Angle, Minor Injury, N, N
AUS,2,0,0,0,2017, June, Saturday,20:00,60, Dry, N, Night, Hit Fixed Object, Not Injured, N, N
AUS,2,0,0,0,2017, June, Sunday,18:20,90, Dry, N, Night, Hit Fixed Object, Not Injured, N, N
AUS,2,0,0,0,2017, June, Sunday,20:30,50, Dry, N, Night, Hit Fixed Object, Not Injured, N, N
AUS,2,0,0,0,2017, June, Sunday,19:20,50, Dry, N, Night, Hit Fixed Object, Not Injured, N, N
AUS,2,0,0,0,2017, June, Sunday,21:40,70, Dry, N, Night, Hit Fixed Object, Not Injured, N, N
AUS,2,0,0,1,2017, June, Sunday,23:20,80, Wet, Y, Night, Hit Fixed Object, Minor Injury, N, N
AUS,2,0,0,0,2017, June, Monday,2:00,80, Wet, N, Night, Hit Fixed Object, Not Injured, N, N
AUS,2,0,0,0,2017, June, Monday,2:50,60, Wet, N, Night, Hit Fixed Object, Not Injured, N, N
AUS,2,0,0,0,2017, June, Monday,1:00,50, Dry, N, Night, Hit Fixed Object, Not Injured, N, N
AUS,3,0,0,0,2017, June, Monday,1:30,80, Dry, N, Night, Hit Fixed Object, Not Injured, N, N
AUS,3,0,0,0,2017, June, Friday,13:30,80, Dry, N, Daylight, Head On, Not Injured, N, N
AUS,4,0,1,0,2017, May, Tuesday,17:00,50, Dry, N, Daylight, Hit Fixed Object, Major Injury, N, N
AUS,2,1,0,1,2017, June, Sunday,23:40,50, Dry, N, Night, Hit Fixed Object, Fatal, N, N
AUS,2,0,0,1,2017, June, Sunday,13:00,80, Dry, N, Daylight, Rear End, Minor Injury, N, Y
AUS,2,0,0,0,2017, June, Monday,7:30,50, Dry, N, Daylight, Hit Fixed Object, Not Injured, N, N
AUS,2,0,0,0,2017, June, Sunday,14:00,110, Dry, N, Daylight, Head On, Not Injured, N, N
AUS,2,0,1,0,2017, June, Monday,10:20,80, Dry, N, Daylight, Side Swipe, Major Injury, N, N
AUS,2,0,0,0,2017, June, Monday,13:50,50, Dry, N, Daylight, Rear End, Not Injured, N, N
AUS,2,0,0,0,2017, June, Monday,12:10,60, Dry, N, Daylight, Rear End, Not Injured, N, N
AUS,2,0,0,0,2017, June, Monday,14:30,50, Dry, N, Daylight, Rear End, Not Injured, N, N
AUS,3,0,0,0,2017, June, Monday,16:00,110, Dry, N, Daylight, Rear End, Not Injured, N, N
AUS,2,0,0,2,2017, June, Monday,16:30,60, Dry, N, Daylight, Hit Fixed Object, Minor Injury, N, N
AUS,2,0,0,1,2017, June, Monday,14:40,50, Dry, N, Daylight, Hit Pedestrian, Minor Injury, N, N
AUS,2,0,0,1,2017, June, Monday,20:20,50, Dry, N, Night, Hit Fixed Object, Minor Injury, N, N
AUS,2,0,0,1,2017, June, Monday,19:00,50, Dry, N, Night, Hit Fixed Object, Minor Injury, N, N
AUS,2,0,0,0,2017, June, Tuesday,2:00,50, Dry, N, Night, Hit Fixed Object, Not Injured, N, N
AUS,2,0,0,0,2017, June, Monday,13:50,60, Dry, N, Daylight, Side Swipe, Not Injured, N, N
AUS,2,0,0,0,2017, June, Tuesday,8:20,50, Dry, N, Daylight, Hit Fixed Object, Not Injured, N, N
AUS,2,0,0,0,2017, June, Tuesday,8:20,60, Dry, N, Daylight, Right Angle, Not Injured, N, N
AUS,2,0,0,0,2017, June, Tuesday,10:40,60, Dry, N, Daylight, Rear End, Not Injured, N, N
AUS,2,0,0,0,2017, June, Friday,16:00,100, Dry, N, Daylight, Hit Fixed Object, Not Injured, N, N
AUS,2,0,0,0,2017, June, Tuesday,7:50,50, Dry, N, Daylight, Side Swipe, Not Injured, N, N
AUS,2,0,0,0,2017, June, Tuesday,10:20,50, Dry, N, Daylight, Right Angle, Not Injured, N, N
AUS,2,0,0,1,2017, June, Tuesday,8:40,50, Dry, N, Daylight, Rear End, Minor Injury, N, N
AUS,2,0,0,0,2017, June, Tuesday,12:00,40, Dry, N, Daylight, Right Angle, Not Injured, N, N
AUS,2,0,0,1,2017, June, Tuesday,9:40,60, Dry, N, Daylight, Right Angle, Minor Injury, N, N
AUS,2,0,0,0,2017, June, Tuesday,0:00,60, Dry, N, Daylight, Hit Fixed Object, Not Injured, N, N
AUS,2,0,0,0,2017, June, Tuesday,11:20,40, Dry, N, Daylight, Side Swipe, Not Injured, N, N
AUS,4,0,0,0,2017, June, Tuesday,12:40,90, Dry, N, Daylight, Rear End, Not Injured, N, N
AUS,3,0,0,2,2017, June, Tuesday,11:50,50, Dry, N, Daylight, Right Angle, Minor Injury, N, N
AUS,2,0,0,1,2017, June, Tuesday,10:00,80, Dry, N, Daylight, Hit Fixed Object, Minor Injury, N, Y
AUS,2,0,0,0,2017, June, Tuesday,13:00,60, Dry, N, Daylight, Side Swipe, Not Injured, N, N
AUS,2,0,0,1,2017, June, Tuesday,14:00,60, Dry, N, Daylight, Rear End, Minor Injury, N, N
AUS,2,0,0,0,2017, June, Thursday,20:00,60, Dry, N, Night, Rear End, Not Injured, N, N
AUS,2,0,0,1,2017, June, Tuesday,14:30,60, Dry, N, Daylight, Rear End, Minor Injury, N, N
AUS,3,0,0,0,2017, June, Tuesday,13:30,60, Dry, N, Daylight, Side Swipe, Not Injured, N, N
AUS,2,0,0,0,2017, June, Tuesday,13:00,50, Dry, N, Daylight, Right Angle, Not Injured, N, N
AUS,2,0,0,0,2017, June, Tuesday,14:40,60, Dry, N, Daylight, Rear End, Not Injured, N, N
AUS,4,0,0,0,2017, June, Monday,23:40,60, Dry, N, Night, Hit Fixed Object, Not Injured, N, N
AUS,2,0,0,0,2017, June, Tuesday,16:30,60, Dry, N, Daylight, Side Swipe, Not Injured, N, N
AUS,3,0,0,0,2017, June, Tuesday,15:20,90, Dry, N, Daylight, Rear End, Not Injured, N, N
AUS,2,0,0,0,2017, June, Tuesday,16:50,60, Dry, N, Daylight, Right Angle, Not Injured, N, N
AUS,2,0,0,1,2017, June, Tuesday,14:30,50, Dry, N, Daylight, Hit Fixed Object, Minor Injury, N, Y
AUS,2,0,0,0,2017, June, Tuesday,8:30,70, Dry, N, Daylight, Rear End, Not Injured, N, N
AUS,2,0,0,1,2017, June, Tuesday,16:00,60, Dry, N, Daylight, Hit Pedestrian, Minor Injury, N, N
AUS,2,0,0,2,2017, June, Tuesday,18:00,60, Dry, N, Night, Rear End, Minor Injury, N, N
AUS,3,0,0,0,2017, June, Tuesday,18:10,50, Dry, N, Night, Rear End, Not Injured, N, N
AUS,2,0,0,1,2017, June, Tuesday,17:40,60, Dry, N, Night, Rear End, Minor Injury, N, N
AUS,2,0,0,0,2017, June, Tuesday,18:20,60, Dry, N, Night, Rear End, Not Injured, N, N
AUS,2,0,0,1,2017, June, Tuesday,16:00,60, Dry, N, Daylight, Hit Fixed Object, Minor Injury, N, Y
AUS,2,0,0,1,2017, June, Tuesday,18:50,100, Dry, N, Night, Hit Fixed Object, Minor Injury, N, N
AUS,2,0,0,0,2017, June, Tuesday,19:40,100, Dry, N, Night, Rear End, Not Injured, N, N
AUS,2,0,0,0,2017, June, Tuesday,17:40,50, Dry, N, Night, Hit Fixed Object, Not Injured, N, N
AUS,2,0,0,1,2017, June, Monday,17:20,60, Dry, N, Night, Hit Pedestrian, Minor Injury, N, N
AUS,2,0,0,1,2017, June, Tuesday,16:30,50, Dry, N, Daylight, Right Angle, Minor Injury, N, N
AUS,2,0,0,0,2017, June, Tuesday,20:30,60, Dry, N, Night, Right Angle, Not Injured, N, N
AUS,2,0,0,0,2017, June, Tuesday,15:20,50, Dry, N, Daylight, Rear End, Not Injured, N, N
AUS,4,0,0,2,2017, June, Tuesday,21:20,80, Dry, N, Night, Hit Fixed Object, Minor Injury, N, N
AUS,2,0,0,0,2017, June, Tuesday,22:10,80, Dry, N, Night, Hit Fixed Object, Not Injured, Y, N
AUS,2,1,0,0,2017, June, Tuesday,21:30,40, Dry, N, Night, Hit Pedestrian, Fatal, N, N
AUS,2,0,0,0,2017, June, Wednesday,0:40,80, Dry, N, Night, Hit Fixed Object, Not Injured, N, N
AUS,3,0,0,0,2017, June, Tuesday,12:00,50, Dry, N, Night, Hit Pedestrian, Not Injured, N, N
AUS,2,0,0,1,2017, June, Tuesday,23:20,50, Dry, N, Night, Rear End, Minor Injury, N, N
AUS,3,0,0,0,2017, June, Tuesday,11:50,80, Dry, N, Daylight, Rear End, Not Injured, N, N
AUS,2,0,0,0,2017, June, Tuesday,12:20,100, Dry, N, Daylight, Hit Fixed Object, Not Injured, N, N
AUS,2,0,0,2,2017, June, Tuesday,14:40,60, Dry, N, Daylight, Right Angle, Minor Injury, N, N
AUS,2,0,0,0,2017, June, Tuesday,15:40,60, Dry, N, Daylight, Right Angle, Not Injured, N, N
AUS,2,0,0,0,2017, June, Tuesday,17:50,100, Dry, N, Night, Hit Fixed Object, Not Injured, N, N
AUS,2,0,0,0,2017, June, Wednesday,8:10,60, Dry, N, Daylight, Side Swipe, Not Injured, N, N
AUS,2,0,0,0,2017, June, Tuesday,13:30,50, Dry, N, Daylight, Side Swipe, Not Injured, N, N
AUS,2,0,0,0,2017, June, Wednesday,8:30,50, Dry, N, Daylight, Right Angle, Not Injured, N, N
AUS,3,0,0,1,2017, June, Wednesday,8:50,60, Dry, N, Daylight, Rear End, Minor Injury, N, N
AUS,2,0,0,0,2017, June, Tuesday,10:10,60, Dry, N, Daylight, Right Angle, Not Injured, N, Y
AUS,2,0,0,0,2017, June, Monday,18:30,50, Dry, N, Night, Hit Fixed Object, Not Injured, N, N
AUS,2,0,0,0,2017, June, Sunday,12:30,50, Dry, N, Daylight, Hit Fixed Object, Not Injured, N, N
AUS,2,0,0,1,2017, June, Wednesday,10:30,50, Dry, N, Daylight, Hit Fixed Object, Minor Injury, N, N
AUS,2,0,0,1,2017, June, Wednesday,9:10,80, Dry, N, Daylight, Hit Fixed Object, Minor Injury, N, N