Nation,Total Units,Total Fatalities,Total Serious Injuries,Total Minor Injuries,Year,Month,Day,Time,Speed Limit,Moisture,Adverse Weather Conditions,DayNight,Crash Type,Crash Severity,Alcohol Related ,Drug Related
AUS,2,0,0,0,2017, June, Friday,16:00,60, Dry, N, Daylight, Right Angle, Not Injured, N, N
AUS,2,0,0,0,2017, June, Friday,16:50,60, Dry, N, Daylight, Rear End, Not Injured, N, N
AUS,2,0,0,1,2017, June, Friday,18:50,60, Dry, N, Night, Right Angle, Minor Injury, N, N
AUS,2,0,0,0,2017, June, Friday,18:00,60, Dry, N, Night, Rear End, Not Injured, N, N
AUS,2,0,0,0,2017, June, Friday,19:00,60, Dry, N, Night, Right Angle, Not Injured, N, N
AUS,2,0,0,1,2017, June, Friday,5:50,80, Dry, N, Night, Rear End, Minor Injury, N, N
AUS,2,0,0,1,2017, June, Friday,18:10,60, Dry, N, Night, Rear End, Minor Injury, Y, N
AUS,3,0,0,0,2017, June, Friday,19:00,50, Dry, N, Night, Right Angle, Not Injured, N, N
AUS,4,0,2,2,2017, June, Friday,17:50,110, Wet, N, Night, Rear End, Major Injury, N, N
AUS,2,1,0,0,2017, June, Friday,17:50,100, Dry, N, Night, Hit Fixed Object, Fatal, Y, N
AUS,2,0,1,0,2017, June, Friday,17:20,50, Wet, Y, Night, Hit Pedestrian, Major Injury, N, N
AUS,4,1,0,2,2017, June, Friday,17:30,110, Wet, Y, Night, Rear End, Fatal, N, N
AUS,2,0,0,1,2017, June, Friday,22:30,50, Wet, Y, Night, Hit Fixed Object, Minor Injury, N, N
AUS,2,0,0,0,2017, June, Saturday,5:10,60, Dry, N, Night, Hit Fixed Object, Not Injured, N, N
AUS,3,0,0,0,2017, June, Saturday,3:00,50, Dry, N, Night, Hit Fixed Object, Not Injured, N, N
AUS,2,0,0,0,2017, June, Saturday,7:50,60, Dry, N, Daylight, Side Swipe, Not Injured, N, N
AUS,2,0,0,0,2017, June, Friday,15:30,60, Dry, N, Daylight, Right Angle, Not Injured, N, N
AUS,3,0,0,0,2017, June, Friday,17:30,110, Wet, Y, Night, Rear End, Not Injured, N, N
AUS,2,0,0,0,2017, June, Friday,18:50,60, Dry, N, Night, Rear End, Not Injured, N, N
AUS,2,0,0,1,2017, June, Saturday,11:30,60, Dry, N, Daylight, Right Angle, Minor Injury, N, N
AUS,2,0,0,0,2017, June, Saturday,11:30,40, Dry, N, Daylight, Right Angle, Not Injured, N, N
AUS,3,0,0,0,2017, June, Saturday,11:50,90, Dry, N, Daylight, Rear End, Not Injured, N, N
AUS,2,0,0,0,2017, June, Saturday,11:30,60, Dry, N, Daylight, Right Angle, Not Injured, N, N
AUS,2,0,0,0,2017, June, Saturday,9:00,50, Dry, N, Daylight, Right Angle, Not Injured, N, N
AUS,3,0,0,0,2017, June, Saturday,13:30,60, Dry, N, Daylight, Rear End, Not Injured, N, N
AUS,2,0,0,1,2017, June, Saturday,15:00,90, Dry, N, Daylight, Rear End, Minor Injury, N, N
AUS,2,0,0,0,2017, June, Saturday,15:50,60, Dry, N, Daylight, Rear End, Not Injured, N, N
AUS,2,0,0,0,2017, June, Friday,14:30,60, Dry, N, Daylight, Rear End, Not Injured, N, N
AUS,2,0,0,1,2017, June, Saturday,15:20,60, Dry, N, Daylight, Right Angle, Minor Injury, N, N
AUS,2,0,0,1,2017, June, Saturday,17:20,50, Dry, N, Night, Right Angle, Minor Injury, N, N
AUS,2,0,0,0,2017, June, Saturday,18:00,60, Dry, N, Night, Hit Fixed Object, Not Injured, N, N
AUS,2,0,0,0,2017, June, Saturday,16:30,50, Dry, N, Daylight, Hit Fixed Object, Not Injured, N, N
AUS,2,0,0,0,2017, June, Monday,16:10,60, Dry, N, Daylight, Hit Fixed Object, Not Injured, N, N
AUS,2,0,0,0,2017, June, Saturday,17:30,60, Dry, N, Night, Hit Pedestrian, Not Injured, N, N
AUS,2,0,0,0,2017, June, Saturday,18:20,60, Dry, N, Night, Rear End, Not Injured, N, N
AUS,3,0,0,0,2017, June, Saturday,18:50,90, Dry, N, Night, Rear End, Not Injured, N, N
AUS,2,0,0,0,2017, June, Saturday,20:10,60, Dry, N, Night, Rear End, Not Injured, N, N
AUS,2,0,0,1,2017, June, Saturday,16:00,60, Dry, N, Daylight, Right Angle, Minor Injury, N, N
AUS,2,0,0,0,2017, June, Sunday,2:00,50, Dry, N, Night, Hit Fixed Object, Not Injured, N, N
AUS,2,0,0,0,2017, June, Sunday,5:00,50, Dry, N, Night, Hit Fixed Object, Not Injured, N, N
AUS,3,0,0,0,2017, June, Saturday,12:40,60, Dry, N, Daylight, Rear End, Not Injured, N, N
AUS,2,0,1,0,2017, June, Saturday,11:10,60, Dry, N, Daylight, Side Swipe, Major Injury, N, N
AUS,2,0,0,1,2017, June, Friday,23:00,50, Dry, N, Night, Hit Fixed Object, Minor Injury, N, N
AUS,2,0,0,0,2017, June, Saturday,15:30,50, Dry, N, Daylight, Hit Fixed Object, Not Injured, N, N
AUS,2,0,0,0,2017, June, Saturday,8:30,50, Dry, N, Daylight, Hit Pedestrian, Not Injured, N, N
AUS,3,0,0,1,2017, June, Sunday,10:30,50, Dry, N, Daylight, Hit Fixed Object, Minor Injury, N, Y
AUS,3,0,0,0,2017, June, Sunday,12:30,60, Wet, Y, Daylight, Hit Fixed Object, Not Injured, N, N
AUS,2,0,0,0,2017, June, Sunday,11:10,50, Dry, N, Daylight, Rear End, Not Injured, N, N
AUS,3,0,0,0,2017, June, Saturday,16:00,60, Dry, N, Daylight, Right Angle, Not Injured, N, N
AUS,2,0,0,1,2017, June, Sunday,13:00,80, Wet, Y, Daylight, Hit Fixed Object, Minor Injury, N, N
AUS,2,0,0,0,2017, June, Saturday,21:10,60, Dry, N, Night, Right Angle, Not Injured, N, N
AUS,3,0,0,1,2017, June, Sunday,13:10,80, Wet, Y, Daylight, Rear End, Minor Injury, N, N
AUS,2,0,0,0,2017, June, Friday,12:30,60, Dry, N, Daylight, Rear End, Not Injured, N, N
AUS,2,0,0,1,2017, June, Sunday,14:30,50, Dry, N, Daylight, Head On, Minor Injury, N, N
AUS,2,0,1,0,2017, June, Sunday,15:30,60, Wet, N, Daylight, Head On, Major Injury, N, N
AUS,2,0,0,0,2017, June, Sunday,18:40,50, Dry, N, Night, Hit Fixed Object, Not Injured, N, N
AUS,2,0,0,0,2017, June, Friday,19:10,50, Dry, N, Night, Hit Fixed Object, Not Injured, N, Y
AUS,2,0,0,0,2017, June, Sunday,14:40,60, Dry, N, Daylight, Hit Fixed Object, Not Injured, N, N
AUS,2,0,0,0,2017, June, Sunday,17:40,60, Dry, N, Night, Rear End, Not Injured, N, N
AUS,2,0,0,0,2017, June, Sunday,18:30,80, Wet, Y, Night, Hit Fixed Object, Not Injured, N, N
AUS,2,0,0,0,2017, June, Sunday,16:30,60, Wet, N, Daylight, Hit Fixed Object, Not Injured, N, N
AUS,2,0,0,0,2017, June, Sunday,23:00,60, Wet, N, Night, Rear End, Not Injured, N, N
AUS,2,0,0,0,2017, June, Monday,5:20,90, Wet, Y, Night, Hit Fixed Object, Not Injured, N, N
AUS,2,0,0,1,2017, June, Friday,14:10,60, Dry, N, Daylight, Hit Fixed Object, Minor Injury, N, N
AUS,2,0,0,1,2017, June, Monday,8:00,60, Wet, Y, Daylight, Hit Fixed Object, Minor Injury, N, Y
AUS,2,0,0,1,2017, June, Sunday,11:20,60, Wet, Y, Daylight, Rear End, Minor Injury, N, N
AUS,2,0,0,1,2017, June, Monday,8:30,60, Wet, N, Daylight, Rear End, Minor Injury, N, N
AUS,2,0,0,0,2017, June, Sunday,13:00,80, Dry, N, Daylight, Rear End, Not Injured, N, N
AUS,2,0,0,0,2017, June, Monday,7:50,60, Wet, N, Daylight, Side Swipe, Not Injured, N, N
AUS,2,0,0,1,2017, June, Friday,12:50,60, Dry, N, Daylight, Hit Fixed Object, Minor Injury, N, N
AUS,2,0,0,0,2017, June, Monday,9:40,80, Dry, N, Daylight, Right Angle, Not Injured, N, N
AUS,2,0,0,1,2017, June, Monday,10:00,60, Dry, N, Daylight, Right Angle, Minor Injury, N, N
AUS,2,0,0,1,2017, June, Saturday,12:50,60, Dry, N, Daylight, Rear End, Minor Injury, N, N
AUS,2,0,0,1,2017, June, Monday,7:50,80, Wet, Y, Daylight, Hit Fixed Object, Minor Injury, N, N
AUS,2,0,0,0,2017, June, Monday,12:30,60, Dry, N, Daylight, Rear End, Not Injured, N, N
AUS,2,0,0,0,2017, June, Monday,6:20,90, Wet, Y, Night, Rear End, Not Injured, N, N
AUS,2,0,0,1,2017, June, Monday,13:10,60, Dry, N, Daylight, Hit Fixed Object, Minor Injury, N, N
AUS,2,0,0,0,2017, June, Monday,13:30,50, Dry, N, Daylight, Right Angle, Not Injured, N, N
AUS,2,0,0,0,2017, June, Monday,5:30,60, Dry, N, Night, Side Swipe, Not Injured, N, N
AUS,2,0,0,0,2017, June, Monday,13:20,60, Dry, N, Daylight, Rear End, Not Injured, N, N
AUS,2,0,0,0,2017, June, Monday,10:40,60, Dry, N, Daylight, Right Angle, Not Injured, N, N
AUS,2,0,0,0,2017, June, Monday,14:30,50, Dry, N, Daylight, Rear End, Not Injured, N, N
AUS,2,0,0,0,2017, June, Monday,13:00,50, Dry, N, Daylight, Rear End, Not Injured, N, N
AUS,2,0,0,0,2017, June, Monday,16:00,50, Dry, N, Daylight, Right Angle, Not Injured, N, N
AUS,2,0,0,0,2017, June, Monday,16:30,60, Dry, N, Daylight, Rear End, Not Injured, N, N
AUS,2,0,0,0,2017, June, Monday,12:00,40, Dry, N, Daylight, Rear End, Not Injured, N, N
AUS,2,0,0,1,2017, June, Monday,14:30,60, Dry, N, Daylight, Rear End, Minor Injury, N, N
AUS,2,0,0,1,2017, June, Monday,16:30,60, Dry, N, Daylight, Hit Pedestrian, Minor Injury, N, N
AUS,2,0,0,0,2017, June, Monday,17:10,60, Dry, N, Daylight, Right Angle, Not Injured, N, N
AUS,2,0,0,1,2017, June, Monday,16:30,90, Dry, N, Daylight, Rear End, Minor Injury, N, N
AUS,2,0,0,0,2017, June, Monday,18:40,80, Dry, N, Night, Rear End, Not Injured, N, N
AUS,2,0,0,0,2017, June, Monday,12:30,60, Dry, N, Daylight, Rear End, Not Injured, N, N
AUS,2,0,0,2,2017, June, Monday,21:00,110, Wet, N, Night, Hit Fixed Object, Minor Injury, N, N
AUS,2,0,0,1,2017, June, Monday,23:00,50, Dry, N, Night, Hit Fixed Object, Minor Injury, N, N
AUS,2,0,0,1,2017, June, Monday,23:00,60, Dry, N, Night, Right Angle, Minor Injury, N, N
AUS,2,0,0,0,2017, June, Tuesday,8:30,50, Dry, N, Daylight, Right Angle, Not Injured, N, N
AUS,2,0,0,1,2017, June, Sunday,14:50,60, Dry, N, Daylight, Rear End, Minor Injury, N, N
AUS,3,0,0,1,2017, June, Tuesday,8:00,60, Dry, N, Daylight, Rear End, Minor Injury, N, N
AUS,2,0,0,0,2017, June, Monday,17:30,60, Dry, N, Night, Right Angle, Not Injured, N, N
AUS,2,0,0,0,2017, June, Monday,17:50,80, Dry, N, Night, Rear End, Not Injured, N, N
AUS,2,0,0,1,2017, June, Tuesday,11:20,60, Dry, N, Daylight, Hit Fixed Object, Minor Injury, N, N
AUS,2,0,0,1,2017, June, Tuesday,14:10,80, Dry, N, Daylight, Rear End, Minor Injury, N, N
AUS,2,0,0,2,2017, June, Tuesday,13:10,60, Dry, N, Daylight, Right Angle, Minor Injury, N, N
AUS,2,0,0,1,2017, June, Tuesday,13:20,80, Dry, N, Daylight, Rear End, Minor Injury, N, N
AUS,2,0,0,0,2017, June, Tuesday,12:00,60, Dry, N, Daylight, Side Swipe, Not Injured, N, N
AUS,2,0,0,0,2017, June, Monday,18:30,60, Dry, N, Night, Side Swipe, Not Injured, N, N
AUS,2,0,0,0,2017, June, Tuesday,15:00,60, Dry, N, Daylight, Right Angle, Not Injured, N, N
AUS,2,0,0,1,2017, June, Tuesday,16:20,50, Dry, N, Daylight, Right Angle, Minor Injury, N, N
AUS,2,0,0,2,2017, June, Tuesday,15:30,100, Dry, N, Daylight, Right Angle, Minor Injury, N, N
AUS,2,0,0,0,2017, June, Tuesday,17:00,60, Dry, N, Daylight, Right Angle, Not Injured, N, N
AUS,2,0,0,0,2017, June, Tuesday,17:40,60, Dry, N, Night, Rear End, Not Injured, N, N
AUS,2,0,0,0,2017, June, Tuesday,18:40,60, Dry, N, Night, Side Swipe, Not Injured, N, N
AUS,2,0,0,0,2017, June, Tuesday,20:20,50, Dry, N, Night, Rear End, Not Injured, N, N
AUS,2,0,0,0,2017, June, Tuesday,16:30,100, Dry, N, Daylight, Rear End, Not Injured, N, N
AUS,2,0,0,0,2017, June, Tuesday,8:50,50, Dry, N, Daylight, Rear End, Not Injured, N, N
AUS,2,0,0,1,2017, June, Wednesday,6:30,60, Dry, N, Night, Side Swipe, Minor Injury, N, N
AUS,2,0,0,0,2017, June, Tuesday,18:30,80, Dry, N, Night, Hit Fixed Object, Not Injured, N, N
AUS,2,0,0,0,2017, June, Wednesday,9:30,50, Wet, Y, Daylight, Right Angle, Not Injured, N, N
AUS,2,0,0,2,2017, June, Wednesday,9:50,60, Dry, N, Daylight, Rear End, Minor Injury, N, Y
AUS,2,0,0,0,2017, June, Wednesday,8:00,60, Dry, N, Daylight, Right Angle, Not Injured, N, N
AUS,2,0,0,1,2017, June, Tuesday,16:40,60, Dry, N, Daylight, Rear End, Minor Injury, N, N
AUS,2,0,0,0,2017, June, Wednesday,10:30,40, Dry, N, Daylight, Hit Fixed Object, Not Injured, N, N
AUS,2,0,0,1,2017, June, Wednesday,11:30,50, Dry, N, Daylight, Side Swipe, Minor Injury, N, N
AUS,2,0,0,0,2017, June, Wednesday,9:00,60, Dry, N, Daylight, Side Swipe, Not Injured, N, N
AUS,2,0,0,0,2017, June, Wednesday,9:30,50, Dry, N, Daylight, Side Swipe, Not Injured, N, N
AUS,2,0,0,2,2017, June, Wednesday,11:30,60, Dry, N, Daylight, Rear End, Minor Injury, N, N
AUS,2,0,0,0,2017, June, Wednesday,11:00,60, Dry, N, Daylight, Side Swipe, Not Injured, N, N
AUS,2,0,0,0,2017, June, Wednesday,21:50,80, Dry, N, Night, Hit Fixed Object, Not Injured, Y, N
AUS,2,0,0,1,2017, June, Tuesday,18:10,60, Dry, N, Night, Rear End, Minor Injury, N, N
AUS,2,0,0,4,2017, June, Wednesday,15:20,100, Wet, Y, Daylight, Hit Fixed Object, Minor Injury, N, Y
AUS,2,0,0,0,2017, June, Wednesday,14:30,50, Wet, N, Daylight, Rear End, Not Injured, N, N
AUS,4,0,1,1,2017, June, Wednesday,15:00,60, Wet, Y, Daylight, Rear End, Major Injury, N, N
AUS,2,0,0,1,2017, June, Wednesday,15:40,50, Wet, Y, Daylight, Right Angle, Minor Injury, N, N
AUS,2,0,0,2,2017, June, Wednesday,15:30,60, Wet, Y, Daylight, Rear End, Minor Injury, N, Y
AUS,2,0,0,1,2017, June, Tuesday,14:50,80, Dry, N, Daylight, Right Angle, Minor Injury, N, N
AUS,2,0,0,1,2017, June, Wednesday,16:00,60, Wet, N, Daylight, Rear End, Minor Injury, N, N
AUS,2,0,0,0,2017, June, Wednesday,16:30,60, Wet, N, Daylight, Right Angle, Not Injured, N, N
AUS,2,0,0,1,2017, June, Wednesday,17:30,60, Wet, N, Night, Side Swipe, Minor Injury, N, N
AUS,2,0,1,2,2017, June, Wednesday,18:20,60, Wet, Y, Night, Head On, Major Injury, N, N
AUS,2,0,0,0,2017, June, Wednesday,17:10,80, Wet, N, Daylight, Hit Fixed Object, Not Injured, N, N
AUS,2,0,0,0,2017, June, Wednesday,17:20,60, Wet, Y, Night, Rear End, Not Injured, N, N
AUS,3,0,0,0,2017, June, Wednesday,17:40,100, Wet, Y, Night, Rear End, Not Injured, N, N
AUS,2,0,0,1,2017, June, Wednesday,18:30,50, Dry, N, Night, Hit Pedestrian, Minor Injury, N, N
AUS,5,0,0,0,2017, June, Wednesday,14:40,60, Wet, Y, Daylight, Side Swipe, Not Injured, N, N
AUS,3,0,0,0,2017, June, Wednesday,18:10,60, Wet, Y, Night, Rear End, Not Injured, N, N
AUS,4,0,0,1,2017, June, Wednesday,18:30,80, Wet, Y, Night, Rear End, Minor Injury, N, N
AUS,2,0,0,1,2017, June, Thursday,9:20,50, Dry, N, Daylight, Side Swipe, Minor Injury, N, N
AUS,2,0,0,0,2017, June, Wednesday,17:30,50, Wet, Y, Night, Right Angle, Not Injured, N, N
AUS,2,0,0,0,2017, June, Thursday,0:30,60, Wet, Y, Night, Hit Fixed Object, Not Injured, Y, N
AUS,2,0,0,1,2017, June, Thursday,7:40,50, Wet, N, Daylight, Hit Fixed Object, Minor Injury, N, N
AUS,5,0,0,0,2017, June, Thursday,6:20,60, Dry, N, Night, Rear End, Not Injured, N, N
AUS,2,0,0,0,2017, June, Thursday,8:10,50, Dry, N, Daylight, Rear End, Not Injured, N, N
AUS,2,0,1,1,2017, June, Thursday,6:50,100, Wet, Y, Night, Head On, Major Injury, N, N
AUS,2,0,0,0,2017, June, Thursday,9:00,60, Dry, N, Daylight, Hit Fixed Object, Not Injured, N, N
AUS,2,0,0,0,2017, June, Thursday,8:20,50, Wet, Y, Daylight, Right Angle, Not Injured, N, N
AUS,2,0,0,0,2017, June, Thursday,8:10,60, Wet, Y, Daylight, Right Angle, Not Injured, N, N
AUS,2,0,0,0,2017, June, Wednesday,14:20,80, Wet, Y, Daylight, Hit Fixed Object, Not Injured, N, N
AUS,2,0,0,1,2017, June, Thursday,8:50,60, Dry, N, Daylight, Right Angle, Minor Injury, N, N
AUS,2,0,0,1,2017, June, Thursday,7:00,90, Dry, N, Night, Rear End, Minor Injury, N, N
AUS,2,0,0,0,2017, June, Thursday,10:00,80, Dry, N, Daylight, Right Angle, Not Injured, N, N
AUS,2,0,0,1,2017, June, Thursday,11:00,90, Dry, N, Daylight, Rear End, Minor Injury, N, N
AUS,2,0,0,1,2017, June, Thursday,11:50,60, Dry, N, Daylight, Side Swipe, Minor Injury, N, Y
AUS,2,0,0,0,2017, June, Wednesday,15:20,60, Dry, N, Daylight, Side Swipe, Not Injured, N, N
AUS,2,0,0,0,2017, June, Thursday,8:50,60, Wet, Y, Daylight, Right Angle, Not Injured, N, N
AUS,2,0,0,0,2017, June, Wednesday,12:00,60, Wet, Y, Daylight, Rear End, Not Injured, N, N
AUS,2,0,0,0,2017, June, Wednesday,18:00,100, Wet, Y, Night, Hit Fixed Object, Not Injured, N, N
AUS,2,0,0,0,2017, June, Thursday,13:30,60, Dry, N, Daylight, Right Angle, Not Injured, N, N
AUS,2,0,0,0,2017, June, Thursday,13:30,50, Dry, N, Daylight, Right Angle, Not Injured, N, N
AUS,3,0,0,0,2017, June, Wednesday,18:40,80, Wet, Y, Night, Right Angle, Not Injured, N, Y
AUS,2,0,0,0,2017, June, Thursday,14:00,60, Wet, Y, Daylight, Rear End, Not Injured, N, N
AUS,2,0,0,0,2017, June, Wednesday,15:10,60, Wet, Y, Daylight, Rear End, Not Injured, N, N
AUS,3,0,0,1,2017, June, Wednesday,18:00,60, Wet, Y, Night, Rear End, Minor Injury, N, N
AUS,2,0,0,0,2017, June, Thursday,16:40,50, Wet, N, Daylight, Head On, Not Injured, N, N
AUS,2,0,0,2,2017, June, Thursday,17:10,60, Wet, N, Daylight, Rear End, Minor Injury, N, N
AUS,2,0,0,0,2017, June, Tuesday,11:50,110, Dry, N, Daylight, Hit Fixed Object, Not Injured, N, N
AUS,3,0,0,2,2017, June, Thursday,17:30,60, Wet, Y, Night, Hit Pedestrian, Minor Injury, N, N
AUS,2,0,0,1,2017, June, Thursday,16:40,60, Wet, Y, Daylight, Right Angle, Minor Injury, N, N
AUS,2,0,0,2,2017, June, Thursday,15:40,80, Dry, N, Daylight, Rear End, Minor Injury, N, N
AUS,2,0,0,0,2017, June, Wednesday,21:00,60, Wet, Y, Night, Right Angle, Not Injured, N, N
AUS,2,0,0,0,2017, June, Thursday,19:00,60, Wet, Y, Night, Right Angle, Not Injured, N, N
AUS,4,0,0,1,2017, June, Wednesday,17:20,100, Wet, Y, Night, Hit Fixed Object, Minor Injury, N, N
AUS,2,0,0,1,2017, June, Thursday,20:20,80, Wet, Y, Night, Rear End, Minor Injury, N, N
AUS,2,0,0,0,2017, June, Thursday,20:30,60, Wet, Y, Night, Rear End, Not Injured, N, N
AUS,3,0,0,0,2017, June, Thursday,17:50,50, Wet, Y, Night, Rear End, Not Injured, Y, N
AUS,2,0,0,0,2017, June, Thursday,17:50,50, Wet, Y, Night, Right Angle, Not Injured, N, N
AUS,2,0,0,0,2017, June, Friday,6:20,50, Wet, Y, Night, Right Angle, Not Injured, N, N
AUS,2,0,0,0,2017, June, Friday,7:00,60, Wet, Y, Night, Hit Fixed Object, Not Injured, N, N
AUS,2,0,0,1,2017, June, Friday,6:50,50, Wet, N, Night, Hit Pedestrian, Minor Injury, N, N
AUS,2,0,0,0,2017, June, Thursday,6:50,80, Wet, Y, Night, Rear End, Not Injured, N, N
AUS,3,0,0,0,2017, June, Friday,8:30,60, Dry, N, Daylight, Right Angle, Not Injured, N, N
AUS,3,0,0,1,2017, June, Friday,9:00,60, Wet, N, Daylight, Rear End, Minor Injury, N, N
AUS,2,0,0,0,2017, June, Thursday,16:30,60, Wet, N, Daylight, Right Angle, Not Injured, N, N
AUS,3,0,0,1,2017, June, Friday,8:30,80, Wet, N, Daylight, Rear End, Minor Injury, N, N
AUS,2,0,0,0,2017, June, Friday,9:50,110, Wet, Y, Daylight, Side Swipe, Not Injured, N, N
AUS,2,0,0,0,2017, June, Friday,7:50,100, Wet, N, Daylight, Hit Fixed Object, Not Injured, N, N
AUS,2,0,0,0,2017, June, Friday,7:50,80, Wet, Y, Daylight, Hit Fixed Object, Not Injured, N, N
AUS,2,0,0,1,2017, May, Saturday,14:30,60, Dry, N, Daylight, Right Angle, Minor Injury, N, N
AUS,2,0,0,0,2017, June, Thursday,19:20,50, Wet, Y, Night, Right Angle, Not Injured, N, N
AUS,2,0,0,1,2017, June, Friday,11:40,60, Dry, N, Daylight, Right Angle, Minor Injury, N, N
AUS,2,0,0,0,2017, June, Friday,12:00,60, Dry, N, Daylight, Right Angle, Not Injured, N, N
AUS,3,0,0,1,2017, June, Tuesday,13:50,50, Dry, N, Daylight, Hit Fixed Object, Minor Injury, N, N
AUS,2,0,0,3,2017, June, Friday,10:00,60, Dry, N, Daylight, Side Swipe, Minor Injury, N, N
AUS,2,0,0,1,2017, June, Friday,12:30,80, Dry, N, Daylight, Rear End, Minor Injury, N, N
AUS,3,0,0,0,2017, June, Friday,8:40,60, Dry, N, Daylight, Rear End, Not Injured, N, N
AUS,2,0,0,0,2017, June, Thursday,17:20,40, Wet, N, Night, Right Angle, Not Injured, N, N
AUS,2,0,0,0,2017, June, Friday,14:20,90, Dry, N, Daylight, Rear End, Not Injured, N, N
AUS,2,0,0,0,2017, June, Thursday,19:50,60, Wet, Y, Night, Side Swipe, Not Injured, N, N
AUS,2,0,0,0,2017, June, Thursday,19:30,60, Wet, Y, Night, Right Angle, Not Injured, N, N
AUS,2,0,0,0,2017, June, Friday,13:30,60, Dry, N, Daylight, Rear End, Not Injured, N, N
AUS,2,0,0,1,2017, June, Friday,16:00,50, Dry, N, Daylight, Right Angle, Minor Injury, N, N
AUS,2,0,0,0,2017, June, Friday,14:40,50, Dry, N, Daylight, Side Swipe, Not Injured, N, N
AUS,3,0,0,0,2017, June, Friday,14:50,50, Dry, N, Daylight, Hit Pedestrian, Not Injured, N, N
AUS,2,0,0,0,2017, June, Friday,8:20,60, Dry, N, Daylight, Rear End, Not Injured, N, N
AUS,3,0,0,1,2017, June, Wednesday,15:40,60, Dry, N, Daylight, Rear End, Minor Injury, N, N
AUS,2,0,0,1,2017, June, Friday,14:20,60, Dry, N, Daylight, Right Angle, Minor Injury, N, N
AUS,2,0,0,1,2017, June, Friday,15:10,60, Dry, N, Daylight, Hit Pedestrian, Minor Injury, N, N
AUS,2,0,0,0,2017, June, Thursday,22:00,60, Dry, N, Night, Rear End, Not Injured, N, N
AUS,2,0,0,1,2017, June, Tuesday,16:50,50, Dry, N, Daylight, Hit Pedestrian, Minor Injury, N, N
AUS,2,0,0,0,2017, June, Friday,18:00,70, Dry, N, Night, Side Swipe, Not Injured, N, N
AUS,2,0,0,0,2017, June, Friday,18:20,100, Dry, N, Night, Rear End, Not Injured, N, N
AUS,2,0,0,0,2017, June, Friday,18:20,80, Dry, N, Night, Side Swipe, Not Injured, N, N
AUS,2,0,0,0,2017, June, Friday,18:00,50, Dry, N, Night, Right Angle, Not Injured, N, N
AUS,2,0,0,0,2017, June, Friday,20:30,60, Dry, N, Night, Side Swipe, Not Injured, N, N
AUS,2,0,0,1,2017, June, Friday,19:20,60, Dry, N, Night, Rear End, Minor Injury, N, N
AUS,2,0,0,0,2017, June, Friday,15:30,50, Dry, N, Daylight, Right Angle, Not Injured, N, N
AUS,2,0,0,1,2017, June, Friday,20:10,50, Dry, N, Night, Hit Pedestrian, Minor Injury, N, N
AUS,3,0,0,0,2017, June, Friday,22:10,60, Dry, N, Night, Rear End, Not Injured, N, N
AUS,2,0,0,1,2017, June, Friday,22:20,60, Dry, N, Night, Rear End, Minor Injury, N, N
AUS,2,0,0,2,2017, July, Saturday,4:00,80, Dry, N, Night, Hit Fixed Object, Minor Injury, Y, Y
AUS,2,0,0,0,2017, June, Sunday,22:00,40, Dry, N, Night, Right Angle, Not Injured, N, N
AUS,2,0,0,0,2017, July, Saturday,9:10,60, Dry, N, Daylight, Right Angle, Not Injured, N, N
AUS,2,0,0,1,2017, July, Saturday,11:00,50, Dry, N, Daylight, Right Angle, Minor Injury, N, N
AUS,4,0,0,0,2017, July, Saturday,7:20,60, Dry, N, Night, Hit Fixed Object, Not Injured, Y, N
AUS,2,0,0,0,2017, July, Saturday,11:30,70, Dry, N, Daylight, Rear End, Not Injured, N, N
AUS,3,0,0,1,2017, June, Friday,15:30,60, Dry, N, Daylight, Rear End, Minor Injury, N, N
AUS,2,0,0,0,2017, June, Friday,8:00,60, Dry, N, Daylight, Right Angle, Not Injured, N, N
AUS,2,0,0,1,2017, July, Saturday,12:30,60, Dry, N, Daylight, Hit Pedestrian, Minor Injury, N, N
AUS,2,0,0,0,2017, July, Saturday,13:20,50, Dry, N, Daylight, Rear End, Not Injured, N, N
AUS,2,0,0,0,2017, June, Friday,15:50,60, Dry, N, Daylight, Rear End, Not Injured, N, N
AUS,3,0,0,0,2017, June, Friday,17:10,60, Dry, N, Daylight, Rear End, Not Injured, N, N
AUS,2,0,0,0,2017, July, Saturday,14:40,60, Dry, N, Daylight, Right Angle, Not Injured, N, N
AUS,2,0,0,0,2017, June, Friday,14:40,60, Dry, N, Daylight, Right Angle, Not Injured, N, N
AUS,2,0,0,0,2017, June, Friday,19:50,50, Dry, N, Night, Hit Fixed Object, Not Injured, N, N
AUS,2,0,0,0,2017, June, Wednesday,18:20,100, Wet, Y, Night, Rear End, Not Injured, N, N
AUS,2,0,0,0,2017, June, Friday,17:00,60, Dry, N, Daylight, Side Swipe, Not Injured, N, N
AUS,2,0,0,0,2017, July, Saturday,16:30,50, Dry, N, Daylight, Right Angle, Not Injured, N, N
AUS,2,0,0,0,2017, June, Wednesday,21:20,60, Wet, Y, Night, Hit Fixed Object, Not Injured, N, N
AUS,2,0,0,0,2017, June, Thursday,18:20,60, Wet, Y, Night, Rear End, Not Injured, N, N
AUS,2,0,0,0,2017, July, Saturday,17:00,110, Dry, N, Daylight, Side Swipe, Not Injured, N, N
AUS,3,0,0,0,2017, July, Saturday,17:00,110, Dry, N, Daylight, Hit Fixed Object, Not Injured, N, N
AUS,2,0,1,0,2017, July, Saturday,16:40,60, Dry, N, Daylight, Hit Pedestrian, Major Injury, N, N
AUS,4,0,0,0,2017, July, Saturday,18:50,40, Dry, N, Night, Rear End, Not Injured, N, N
AUS,2,0,0,0,2017, July, Saturday,20:20,60, Dry, N, Night, Hit Pedestrian, Not Injured, Y, N
AUS,2,0,0,0,2017, July, Saturday,16:00,50, Dry, N, Daylight, Right Angle, Not Injured, N, N
AUS,2,0,0,0,2017, July, Sunday,0:30,50, Dry, N, Night, Hit Fixed Object, Not Injured, Y, N
AUS,2,0,0,0,2017, July, Sunday,3:20,50, Dry, N, Night, Head On, Not Injured, N, N
AUS,2,0,1,0,2017, July, Saturday,13:20,80, Dry, N, Daylight, Side Swipe, Major Injury, N, Y
AUS,2,0,0,0,2017, July, Saturday,12:50,50, Dry, N, Daylight, Right Angle, Not Injured, N, N