Nation,Total Units,Total Fatalities,Total Serious Injuries,Total Minor Injuries,Year,Month,Day,Time,Speed Limit,Moisture,Adverse Weather Conditions,DayNight,Crash Type,Crash Severity,Alcohol Related ,Drug Related
AUS,2,0,0,1,2017, July, Saturday,12:40,60, Dry, N, Daylight, Right Angle, Minor Injury, N, N
AUS,2,0,0,0,2017, July, Saturday,13:00,60, Dry, N, Daylight, Right Angle, Not Injured, Y, N
AUS,2,0,0,2,2017, July, Sunday,10:00,70, Dry, N, Daylight, Right Angle, Minor Injury, N, N
AUS,2,0,0,0,2017, July, Sunday,7:20,80, Dry, N, Night, Hit Fixed Object, Not Injured, N, N
AUS,2,0,0,2,2017, July, Saturday,18:20,50, Dry, N, Night, Rear End, Minor Injury, N, N
AUS,2,0,0,1,2017, July, Sunday,12:50,60, Dry, N, Daylight, Rear End, Minor Injury, N, N
AUS,2,0,0,1,2017, July, Sunday,12:30,60, Dry, N, Daylight, Rear End, Minor Injury, N, N
AUS,2,0,0,2,2017, July, Saturday,13:00,60, Dry, N, Daylight, Rear End, Minor Injury, N, N
AUS,2,0,0,1,2017, July, Sunday,12:30,80, Dry, N, Daylight, Hit Fixed Object, Minor Injury, N, N
AUS,2,0,0,0,2017, July, Sunday,7:30,50, Dry, N, Daylight, Hit Fixed Object, Not Injured, Y, N
AUS,2,0,0,0,2017, July, Sunday,14:20,80, Dry, N, Daylight, Rear End, Not Injured, N, N
AUS,2,0,0,0,2017, July, Sunday,14:30,60, Dry, N, Daylight, Rear End, Not Injured, N, N
AUS,2,0,0,1,2017, July, Sunday,15:50,70, Dry, N, Daylight, Right Angle, Minor Injury, N, N
AUS,2,0,0,0,2017, July, Sunday,15:00,80, Dry, N, Daylight, Right Angle, Not Injured, N, N
AUS,2,0,0,0,2017, July, Sunday,14:20,60, Dry, N, Daylight, Right Angle, Not Injured, N, N
AUS,2,0,1,0,2017, July, Sunday,14:50,80, Dry, N, Daylight, Head On, Major Injury, N, N
AUS,3,0,0,1,2017, July, Sunday,14:30,60, Dry, N, Daylight, Rear End, Minor Injury, N, N
AUS,2,0,0,0,2017, July, Sunday,15:20,60, Dry, N, Daylight, Rear End, Not Injured, N, N
AUS,2,0,0,0,2017, July, Sunday,14:30,50, Dry, N, Daylight, Hit Pedestrian, Not Injured, N, N
AUS,2,0,0,1,2017, July, Sunday,18:00,80, Dry, N, Night, Hit Fixed Object, Minor Injury, N, N
AUS,2,0,0,1,2017, July, Monday,4:50,50, Wet, Y, Night, Hit Fixed Object, Minor Injury, Y, N
AUS,3,0,0,0,2017, July, Saturday,14:40,50, Dry, N, Daylight, Rear End, Not Injured, N, N
AUS,2,0,0,1,2017, July, Sunday,12:30,100, Dry, N, Daylight, Hit Fixed Object, Minor Injury, N, N
AUS,2,0,0,0,2017, July, Monday,8:30,80, Wet, N, Daylight, Hit Fixed Object, Not Injured, N, N
AUS,2,0,0,1,2017, January, Monday,20:50,60, Dry, N, Night, Rear End, Minor Injury, N, N
AUS,2,0,0,0,2017, July, Monday,9:20,90, Dry, N, Daylight, Right Angle, Not Injured, N, N
AUS,2,0,1,0,2017, July, Sunday,12:10,80, Dry, N, Daylight, Head On, Major Injury, N, N
AUS,2,0,0,1,2017, July, Monday,6:30,80, Wet, Y, Night, Side Swipe, Minor Injury, N, N
AUS,2,0,0,0,2017, July, Monday,9:20,50, Wet, N, Daylight, Hit Fixed Object, Not Injured, N, Y
AUS,2,0,0,0,2017, June, Friday,14:00,60, Dry, N, Daylight, Side Swipe, Not Injured, N, N
AUS,4,0,0,0,2017, July, Monday,9:10,60, Dry, N, Daylight, Rear End, Not Injured, N, N
AUS,3,0,0,0,2017, June, Thursday,15:20,60, Dry, N, Daylight, Rear End, Not Injured, N, N
AUS,2,0,0,0,2017, July, Monday,11:00,50, Wet, Y, Daylight, Right Angle, Not Injured, N, N
AUS,2,0,0,1,2017, June, Friday,7:40,60, Wet, N, Daylight, Rear End, Minor Injury, N, N
AUS,2,0,0,1,2017, July, Monday,11:00,40, Wet, Y, Daylight, Side Swipe, Minor Injury, N, N
AUS,3,0,0,0,2017, July, Sunday,12:20,60, Dry, N, Daylight, Hit Fixed Object, Not Injured, N, N
AUS,2,0,0,1,2017, July, Monday,13:10,80, Dry, N, Daylight, Hit Fixed Object, Minor Injury, N, Y
AUS,2,0,0,0,2017, July, Saturday,17:30,60, Dry, N, Night, Side Swipe, Not Injured, N, N
AUS,2,0,1,1,2017, July, Monday,6:30,100, Dry, N, Night, Head On, Major Injury, N, Y
AUS,2,0,1,0,2017, July, Sunday,10:30,60, Dry, N, Daylight, Rear End, Major Injury, N, N
AUS,4,0,0,2,2017, July, Monday,13:10,50, Dry, N, Daylight, Hit Fixed Object, Minor Injury, N, N
AUS,2,0,0,1,2017, July, Sunday,13:20,50, Dry, N, Daylight, Rear End, Minor Injury, N, N
AUS,2,0,0,0,2017, June, Friday,12:10,50, Dry, N, Daylight, Rear End, Not Injured, N, N
AUS,2,0,0,0,2017, July, Monday,14:20,60, Dry, N, Daylight, Side Swipe, Not Injured, N, N
AUS,2,0,0,1,2017, July, Monday,17:00,80, Wet, Y, Daylight, Hit Fixed Object, Minor Injury, N, N
AUS,2,0,0,0,2017, July, Monday,17:00,60, Wet, Y, Daylight, Side Swipe, Not Injured, N, N
AUS,2,0,0,0,2017, July, Monday,15:00,90, Dry, N, Daylight, Side Swipe, Not Injured, N, N
AUS,2,0,0,0,2017, July, Monday,17:10,50, Wet, Y, Daylight, Hit Fixed Object, Not Injured, N, N
AUS,2,0,1,0,2017, June, Friday,13:10,100, Dry, N, Daylight, Hit Fixed Object, Major Injury, Y, N
AUS,2,0,0,1,2017, July, Monday,19:20,50, Dry, N, Night, Hit Fixed Object, Minor Injury, N, N
AUS,2,0,0,0,2017, July, Monday,21:00,50, Wet, Y, Night, Side Swipe, Not Injured, N, N
AUS,2,0,0,0,2017, July, Monday,21:20,50, Wet, N, Night, Hit Fixed Object, Not Injured, N, N
AUS,2,0,0,1,2017, July, Monday,23:20,60, Wet, Y, Night, Hit Fixed Object, Minor Injury, N, N
AUS,2,0,0,0,2017, July, Tuesday,6:30,60, Wet, N, Night, Right Angle, Not Injured, N, N
AUS,2,0,1,3,2017, July, Tuesday,6:40,110, Wet, Y, Night, Hit Fixed Object, Major Injury, N, N
AUS,2,1,0,0,2017, July, Tuesday,8:40,60, Wet, N, Daylight, Hit Pedestrian, Fatal, N, N
AUS,2,0,0,1,2017, July, Monday,15:00,60, Dry, N, Daylight, Rear End, Minor Injury, N, N
AUS,2,0,0,0,2017, July, Monday,14:10,90, Dry, N, Daylight, Hit Fixed Object, Not Injured, N, N
AUS,2,0,0,1,2017, July, Monday,15:10,80, Dry, N, Daylight, Rear End, Minor Injury, N, N
AUS,2,0,0,0,2017, July, Tuesday,11:00,50, Dry, N, Daylight, Right Angle, Not Injured, N, N
AUS,2,0,0,2,2017, June, Friday,8:20,100, Dry, N, Daylight, Right Angle, Minor Injury, N, N
AUS,2,0,0,2,2017, July, Tuesday,11:40,80, Wet, Y, Daylight, Rear End, Minor Injury, N, N
AUS,2,0,0,0,2017, July, Monday,8:00,50, Wet, Y, Daylight, Hit Fixed Object, Not Injured, N, N
AUS,2,0,0,1,2017, July, Tuesday,8:40,60, Wet, Y, Daylight, Rear End, Minor Injury, N, N
AUS,2,0,0,0,2017, July, Tuesday,12:10,60, Wet, N, Daylight, Rear End, Not Injured, N, N
AUS,2,0,0,0,2017, June, Monday,11:50,60, Dry, N, Daylight, Side Swipe, Not Injured, N, N
AUS,2,0,0,1,2017, May, Thursday,8:40,60, Dry, N, Daylight, Rear End, Minor Injury, N, N
AUS,2,0,0,0,2017, July, Tuesday,15:30,60, Wet, Y, Daylight, Rear End, Not Injured, N, N
AUS,2,0,0,0,2017, July, Monday,19:20,60, Wet, Y, Night, Rear End, Not Injured, N, N
AUS,2,0,0,0,2017, June, Friday,7:40,60, Dry, N, Daylight, Side Swipe, Not Injured, N, N
AUS,2,0,0,0,2017, July, Tuesday,18:00,50, Wet, Y, Night, Hit Fixed Object, Not Injured, N, N
AUS,2,0,0,0,2017, July, Tuesday,17:30,80, Wet, Y, Night, Rear End, Not Injured, N, N
AUS,2,0,0,0,2017, July, Tuesday,19:10,60, Wet, Y, Night, Right Angle, Not Injured, N, N
AUS,3,0,0,2,2017, July, Tuesday,18:10,50, Wet, Y, Night, Hit Pedestrian, Minor Injury, N, N
AUS,2,0,0,1,2017, July, Tuesday,16:40,50, Wet, N, Daylight, Side Swipe, Minor Injury, N, N
AUS,2,0,0,1,2017, July, Tuesday,18:20,60, Wet, Y, Night, Hit Fixed Object, Minor Injury, N, N
AUS,3,0,0,0,2017, July, Tuesday,17:30,60, Dry, N, Night, Right Angle, Not Injured, N, N
AUS,2,0,0,0,2017, July, Tuesday,17:30,60, Wet, Y, Night, Rear End, Not Injured, N, N
AUS,2,0,0,0,2017, July, Tuesday,19:00,100, Wet, N, Night, Hit Fixed Object, Not Injured, N, N
AUS,2,1,0,0,2017, July, Tuesday,19:10,50, Wet, Y, Night, Hit Pedestrian, Fatal, N, N
AUS,2,0,0,1,2017, July, Wednesday,6:30,50, Wet, Y, Night, Hit Pedestrian, Minor Injury, N, N
AUS,3,0,0,0,2017, July, Wednesday,6:50,80, Wet, N, Night, Rear End, Not Injured, N, N
AUS,2,0,0,1,2017, July, Wednesday,7:20,80, Wet, N, Night, Hit Fixed Object, Minor Injury, N, N
AUS,4,0,0,0,2017, July, Wednesday,7:40,60, Wet, N, Daylight, Rear End, Not Injured, N, N
AUS,2,0,0,1,2017, July, Tuesday,17:30,80, Wet, N, Night, Rear End, Minor Injury, N, N
AUS,2,0,0,1,2017, July, Wednesday,8:50,60, Dry, N, Daylight, Rear End, Minor Injury, N, N
AUS,2,0,0,0,2017, July, Wednesday,10:40,60, Wet, Y, Daylight, Hit Fixed Object, Not Injured, N, N
AUS,5,0,1,1,2017, July, Wednesday,9:30,60, Dry, N, Daylight, Right Angle, Major Injury, N, Y
AUS,2,0,0,0,2017, July, Tuesday,18:30,110, Wet, N, Night, Right Angle, Not Injured, N, N
AUS,4,0,0,0,2017, July, Wednesday,8:00,100, Wet, Y, Daylight, Hit Fixed Object, Not Injured, N, N
AUS,2,0,0,0,2017, July, Wednesday,12:40,60, Dry, N, Daylight, Right Angle, Not Injured, N, N
AUS,2,0,0,0,2017, July, Wednesday,12:20,110, Dry, N, Daylight, Side Swipe, Not Injured, N, N
AUS,3,0,0,1,2017, July, Wednesday,0:00,50, Dry, N, Daylight, Rear End, Minor Injury, N, N
AUS,2,0,0,1,2017, July, Tuesday,13:00,60, Wet, Y, Daylight, Rear End, Minor Injury, N, N
AUS,2,0,1,0,2017, July, Wednesday,14:50,60, Dry, N, Daylight, Hit Pedestrian, Major Injury, N, N
AUS,2,0,0,0,2017, July, Wednesday,13:00,50, Dry, N, Daylight, Side Swipe, Not Injured, N, N
AUS,2,0,1,0,2017, July, Wednesday,16:20,60, Dry, N, Daylight, Side Swipe, Major Injury, N, N
AUS,2,0,0,0,2017, July, Wednesday,15:30,60, Dry, N, Daylight, Right Angle, Not Injured, N, N
AUS,2,0,0,0,2017, July, Wednesday,17:30,60, Dry, N, Night, Rear End, Not Injured, N, N
AUS,2,0,0,1,2017, July, Tuesday,17:10,60, Wet, Y, Daylight, Rear End, Minor Injury, N, N
AUS,2,0,0,0,2017, July, Wednesday,7:20,60, Dry, N, Night, Side Swipe, Not Injured, N, N
AUS,2,0,0,0,2017, July, Wednesday,17:30,50, Dry, N, Night, Right Angle, Not Injured, N, N
AUS,3,0,0,0,2017, July, Wednesday,16:00,50, Dry, N, Daylight, Right Angle, Not Injured, N, N
AUS,3,0,2,0,2017, July, Wednesday,17:00,70, Dry, N, Daylight, Rear End, Major Injury, N, N
AUS,2,0,0,1,2017, July, Wednesday,18:30,60, Dry, N, Night, Hit Pedestrian, Minor Injury, N, N
AUS,2,0,0,1,2017, July, Tuesday,17:30,50, Wet, Y, Night, Hit Pedestrian, Minor Injury, N, N
AUS,2,0,0,0,2017, July, Wednesday,21:20,50, Dry, N, Night, Side Swipe, Not Injured, N, N
AUS,2,0,0,1,2017, July, Thursday,0:00,100, Dry, N, Night, Hit Fixed Object, Minor Injury, Y, N
AUS,2,0,0,0,2017, July, Thursday,7:50,80, Wet, N, Daylight, Hit Fixed Object, Not Injured, N, N
AUS,2,0,1,0,2017, July, Tuesday,18:50,60, Wet, Y, Night, Hit Pedestrian, Major Injury, N, N
AUS,2,0,0,0,2017, July, Thursday,8:40,60, Dry, N, Daylight, Rear End, Not Injured, N, N
AUS,4,0,0,0,2017, July, Wednesday,18:30,60, Dry, N, Night, Rear End, Not Injured, N, N
AUS,3,0,0,0,2017, July, Thursday,7:20,80, Wet, Y, Night, Rear End, Not Injured, N, N
AUS,2,0,0,0,2017, July, Thursday,11:20,50, Dry, N, Daylight, Right Angle, Not Injured, N, N
AUS,2,0,0,1,2017, July, Thursday,11:50,60, Dry, N, Daylight, Right Angle, Minor Injury, N, N
AUS,2,0,0,1,2017, March, Wednesday,9:00,40, Dry, N, Daylight, Rear End, Minor Injury, N, N
AUS,2,0,0,1,2017, July, Tuesday,20:20,60, Wet, Y, Night, Rear End, Minor Injury, N, N
AUS,2,0,0,1,2017, July, Wednesday,11:00,50, Wet, Y, Daylight, Right Angle, Minor Injury, N, N
AUS,3,0,2,1,2017, July, Thursday,14:30,60, Wet, Y, Daylight, Head On, Major Injury, N, N
AUS,2,0,0,0,2017, July, Wednesday,13:00,60, Dry, N, Daylight, Rear End, Not Injured, N, N
AUS,2,0,0,0,2017, July, Thursday,17:00,60, Dry, N, Daylight, Right Angle, Not Injured, N, N
AUS,2,0,0,0,2017, July, Thursday,17:30,80, Dry, N, Night, Rear End, Not Injured, N, N
AUS,3,0,0,0,2017, July, Thursday,6:30,80, Wet, Y, Night, Hit Fixed Object, Not Injured, N, N
AUS,2,0,0,1,2017, July, Wednesday,16:40,60, Dry, N, Daylight, Rear End, Minor Injury, N, N
AUS,3,0,0,2,2017, July, Thursday,18:40,60, Dry, N, Night, Rear End, Minor Injury, N, N
AUS,2,0,0,0,2017, July, Thursday,20:00,60, Dry, N, Night, Rear End, Not Injured, N, N
AUS,2,0,0,0,2017, July, Thursday,17:20,60, Dry, N, Daylight, Right Angle, Not Injured, N, N
AUS,2,0,0,0,2017, July, Friday,0:00,50, Dry, N, Night, Hit Fixed Object, Not Injured, N, N
AUS,2,0,0,0,2017, July, Friday,5:50,80, Wet, Y, Night, Right Angle, Not Injured, N, N
AUS,5,0,0,1,2017, July, Friday,6:30,60, Wet, Y, Night, Hit Fixed Object, Minor Injury, N, N
AUS,2,0,0,2,2017, July, Friday,8:00,60, Wet, Y, Daylight, Rear End, Minor Injury, N, N
AUS,2,0,0,0,2017, July, Friday,8:00,50, Wet, Y, Daylight, Rear End, Not Injured, N, N
AUS,2,0,0,0,2017, July, Thursday,9:20,60, Wet, Y, Daylight, Rear End, Not Injured, N, N
AUS,2,0,0,0,2017, June, Wednesday,17:00,50, Dry, N, Daylight, Right Angle, Not Injured, N, N
AUS,2,0,0,0,2017, July, Friday,9:30,50, Wet, Y, Daylight, Hit Fixed Object, Not Injured, N, N
AUS,2,0,0,1,2017, July, Thursday,7:30,60, Dry, N, Daylight, Right Angle, Minor Injury, N, N
AUS,2,0,1,0,2017, July, Friday,8:40,60, Wet, Y, Daylight, Rear End, Major Injury, N, N
AUS,2,0,0,0,2017, July, Wednesday,7:50,90, Dry, N, Daylight, Side Swipe, Not Injured, N, N
AUS,2,0,0,0,2017, July, Thursday,17:40,50, Wet, Y, Night, Side Swipe, Not Injured, N, N
AUS,4,0,0,1,2017, July, Friday,11:20,60, Wet, Y, Daylight, Rear End, Minor Injury, N, N
AUS,3,0,0,0,2017, July, Friday,12:00,50, Wet, N, Daylight, Rear End, Not Injured, N, N
AUS,2,0,0,0,2017, July, Friday,8:30,60, Wet, N, Daylight, Right Angle, Not Injured, N, N
AUS,2,1,0,0,2017, July, Friday,11:20,50, Wet, Y, Daylight, Hit Pedestrian, Fatal, N, N
AUS,2,0,0,0,2017, July, Friday,13:00,60, Wet, Y, Daylight, Side Swipe, Not Injured, N, N
AUS,2,0,0,0,2017, July, Thursday,11:00,60, Dry, N, Daylight, Hit Pedestrian, Not Injured, N, N
AUS,3,0,1,0,2017, July, Friday,11:40,60, Wet, N, Daylight, Hit Pedestrian, Major Injury, N, N
AUS,2,0,0,0,2017, July, Friday,13:40,60, Dry, N, Daylight, Rear End, Not Injured, N, N
AUS,3,0,0,2,2017, July, Thursday,14:40,60, Dry, N, Daylight, Side Swipe, Minor Injury, N, N
AUS,5,0,2,2,2017, July, Friday,10:20,110, Dry, N, Daylight, Rear End, Major Injury, N, N
AUS,2,0,0,0,2017, July, Friday,12:30,60, Wet, Y, Daylight, Side Swipe, Not Injured, N, N
AUS,2,0,0,0,2017, July, Friday,15:00,50, Dry, N, Daylight, Side Swipe, Not Injured, N, N
AUS,2,0,0,0,2017, July, Friday,5:40,60, Wet, Y, Night, Side Swipe, Not Injured, N, N
AUS,2,0,0,0,2017, July, Thursday,8:30,60, Dry, N, Daylight, Right Angle, Not Injured, N, N
AUS,2,0,0,0,2017, July, Friday,16:10,60, Wet, Y, Daylight, Hit Fixed Object, Not Injured, N, Y
AUS,2,0,0,0,2017, July, Friday,15:00,50, Wet, Y, Daylight, Right Angle, Not Injured, N, N
AUS,2,0,0,0,2017, July, Friday,11:20,60, Wet, N, Daylight, Side Swipe, Not Injured, N, N
AUS,3,0,0,0,2017, July, Friday,17:50,60, Wet, Y, Night, Rear End, Not Injured, N, N
AUS,2,0,0,1,2017, July, Friday,17:40,50, Wet, Y, Night, Right Angle, Minor Injury, N, N
AUS,2,0,0,0,2017, July, Friday,17:30,50, Wet, Y, Night, Hit Pedestrian, Not Injured, N, N
AUS,3,0,1,0,2017, July, Friday,18:20,50, Wet, Y, Night, Hit Pedestrian, Major Injury, N, N
AUS,2,0,0,1,2017, July, Friday,16:40,60, Wet, Y, Daylight, Rear End, Minor Injury, N, N
AUS,2,0,0,0,2017, July, Friday,17:30,50, Wet, Y, Night, Hit Fixed Object, Not Injured, Y, N
AUS,2,0,0,0,2017, July, Friday,17:50,60, Wet, Y, Night, Right Angle, Not Injured, N, N
AUS,2,0,0,0,2017, July, Friday,18:40,60, Wet, Y, Night, Right Angle, Not Injured, N, N
AUS,2,0,0,0,2017, July, Friday,19:30,60, Wet, Y, Night, Right Angle, Not Injured, N, N
AUS,2,0,0,0,2017, July, Friday,16:40,60, Wet, Y, Daylight, Head On, Not Injured, N, N
AUS,2,0,1,1,2017, July, Friday,18:30,60, Wet, Y, Night, Right Angle, Major Injury, N, N
AUS,2,0,0,0,2017, July, Friday,22:00,80, Wet, Y, Night, Hit Fixed Object, Not Injured, N, N
AUS,2,0,0,0,2017, July, Saturday,0:20,60, Wet, Y, Night, Hit Fixed Object, Not Injured, N, N
AUS,2,0,0,0,2017, July, Saturday,0:10,50, Wet, N, Night, Hit Fixed Object, Not Injured, N, N
AUS,2,0,0,1,2017, July, Saturday,1:30,60, Wet, Y, Night, Rear End, Minor Injury, Y, N
AUS,2,0,0,0,2017, July, Saturday,4:00,60, Wet, Y, Night, Hit Fixed Object, Not Injured, N, N
AUS,2,1,1,1,2017, July, Friday,23:20,50, Wet, N, Night, Hit Fixed Object, Fatal, Y, N
AUS,3,0,0,1,2017, July, Friday,16:30,60, Wet, N, Daylight, Rear End, Minor Injury, N, N
AUS,3,1,0,0,2017, July, Saturday,4:00,50, Dry, N, Night, Hit Pedestrian, Fatal, N, N
AUS,2,0,0,0,2017, July, Friday,17:20,70, Dry, N, Daylight, Rear End, Not Injured, N, N
AUS,2,0,0,1,2017, July, Friday,16:30,50, Dry, N, Daylight, Right Angle, Minor Injury, N, N
AUS,2,0,0,0,2017, July, Saturday,14:20,80, Dry, N, Daylight, Rear End, Not Injured, N, N
AUS,2,0,0,0,2017, July, Saturday,13:50,60, Dry, N, Daylight, Rear End, Not Injured, N, N
AUS,3,0,0,0,2017, July, Saturday,0:00,60, Dry, N, Daylight, Rear End, Not Injured, N, N
AUS,4,0,0,0,2017, July, Friday,16:00,60, Wet, Y, Daylight, Rear End, Not Injured, N, N
AUS,2,0,0,0,2017, July, Friday,23:20,60, Dry, N, Night, Right Angle, Not Injured, N, N
AUS,3,0,0,0,2017, July, Saturday,17:10,90, Dry, N, Daylight, Right Angle, Not Injured, N, N
AUS,2,0,0,1,2017, July, Friday,17:50,50, Wet, Y, Night, Right Angle, Minor Injury, N, N
AUS,2,0,0,0,2017, July, Friday,7:30,50, Dry, N, Daylight, Hit Fixed Object, Not Injured, N, N
AUS,2,0,0,0,2017, July, Saturday,19:00,60, Wet, Y, Night, Right Angle, Not Injured, N, N
AUS,2,0,0,0,2017, July, Saturday,19:00,60, Wet, Y, Night, Hit Fixed Object, Not Injured, N, N
AUS,2,0,0,0,2017, July, Saturday,17:40,60, Wet, Y, Night, Rear End, Not Injured, N, N
AUS,3,0,0,1,2017, July, Friday,23:50,80, Dry, N, Night, Hit Fixed Object, Minor Injury, N, N
AUS,2,0,0,0,2017, July, Saturday,19:30,50, Dry, N, Night, Hit Fixed Object, Not Injured, N, N
AUS,2,0,0,0,2017, July, Saturday,22:20,50, Wet, Y, Night, Rear End, Not Injured, N, N
AUS,2,0,0,1,2017, July, Saturday,22:50,60, Wet, Y, Night, Right Angle, Minor Injury, N, N
AUS,2,0,0,0,2017, July, Saturday,23:40,50, Dry, N, Night, Hit Fixed Object, Not Injured, Y, N
AUS,2,0,0,1,2017, July, Saturday,12:10,50, Dry, N, Daylight, Hit Fixed Object, Minor Injury, N, N
AUS,2,1,0,0,2017, July, Sunday,1:50,100, Wet, Y, Night, Hit Fixed Object, Fatal, Y, N
AUS,2,0,0,1,2017, June, Thursday,18:30,60, Wet, Y, Night, Hit Fixed Object, Minor Injury, Y, N
AUS,2,0,0,0,2017, July, Saturday,12:00,60, Dry, N, Daylight, Hit Fixed Object, Not Injured, N, N
AUS,2,0,0,0,2017, July, Sunday,9:40,50, Dry, N, Daylight, Right Angle, Not Injured, N, N
AUS,2,0,0,1,2017, July, Sunday,11:00,50, Dry, N, Daylight, Right Angle, Minor Injury, N, N
AUS,3,0,0,1,2017, July, Saturday,12:50,60, Dry, N, Daylight, Rear End, Minor Injury, N, N
AUS,2,0,0,0,2017, July, Saturday,11:00,60, Dry, N, Daylight, Side Swipe, Not Injured, N, N
AUS,2,0,0,0,2017, July, Saturday,16:20,60, Dry, N, Daylight, Side Swipe, Not Injured, N, N
AUS,2,0,0,0,2017, July, Sunday,12:50,50, Dry, N, Daylight, Hit Fixed Object, Not Injured, N, N
AUS,2,0,0,1,2017, July, Saturday,21:30,60, Wet, Y, Night, Right Angle, Minor Injury, N, N
AUS,2,0,0,0,2017, July, Sunday,9:20,50, Dry, N, Daylight, Right Angle, Not Injured, N, N
AUS,2,0,0,0,2017, July, Sunday,15:40,60, Dry, N, Daylight, Rear End, Not Injured, N, N
AUS,2,0,0,0,2017, July, Sunday,16:40,60, Dry, N, Daylight, Right Angle, Not Injured, N, N
AUS,2,0,0,0,2017, July, Sunday,16:10,60, Dry, N, Daylight, Right Angle, Not Injured, N, N
AUS,2,0,0,0,2017, July, Saturday,15:40,60, Wet, N, Daylight, Rear End, Not Injured, N, N
AUS,2,0,0,1,2017, July, Sunday,16:00,50, Dry, N, Daylight, Hit Fixed Object, Minor Injury, N, N
AUS,2,0,0,0,2017, July, Sunday,18:20,60, Wet, N, Night, Side Swipe, Not Injured, N, N
AUS,2,0,0,0,2017, July, Sunday,18:10,60, Dry, N, Night, Right Angle, Not Injured, N, N
AUS,2,0,0,0,2017, July, Sunday,1:30,40, Wet, Y, Night, Hit Fixed Object, Not Injured, N, N
AUS,2,0,0,0,2017, July, Saturday,22:00,50, Wet, Y, Night, Hit Fixed Object, Not Injured, N, N
AUS,2,0,1,0,2017, July, Sunday,15:50,50, Dry, N, Daylight, Hit Fixed Object, Major Injury, N, Y
AUS,2,0,0,1,2017, July, Sunday,13:30,80, Dry, N, Daylight, Rear End, Minor Injury, N, N
AUS,2,0,0,0,2017, July, Monday,7:30,60, Dry, N, Daylight, Right Angle, Not Injured, N, N
AUS,2,0,0,0,2017, July, Monday,6:40,60, Dry, N, Night, Rear End, Not Injured, N, N
AUS,2,0,0,0,2017, July, Monday,6:00,100, Wet, N, Night, Right Angle, Not Injured, N, N
AUS,2,0,0,2,2017, July, Sunday,19:00,60, Wet, N, Night, Hit Fixed Object, Minor Injury, N, N
AUS,2,0,0,0,2017, July, Monday,10:10,60, Wet, N, Daylight, Hit Fixed Object, Not Injured, N, N
AUS,2,0,0,0,2017, July, Monday,9:30,80, Wet, Y, Daylight, Hit Fixed Object, Not Injured, N, N
AUS,2,0,0,0,2017, July, Monday,9:50,60, Dry, N, Daylight, Rear End, Not Injured, N, N
AUS,2,0,0,0,2017, July, Monday,7:20,60, Dry, N, Night, Side Swipe, Not Injured, N, N
AUS,2,0,0,0,2017, May, Friday,13:30,50, Dry, N, Daylight, Hit Pedestrian, Not Injured, N, N
AUS,2,0,1,1,2017, July, Monday,10:40,100, Dry, N, Daylight, Right Angle, Major Injury, N, N
AUS,2,0,0,1,2017, July, Monday,13:40,50, Dry, N, Daylight, Rear End, Minor Injury, N, N
AUS,2,0,0,0,2017, July, Monday,2:50,90, Dry, N, Night, Hit Fixed Object, Not Injured, N, N
AUS,2,0,0,0,2017, July, Sunday,14:00,110, Wet, Y, Daylight, Hit Fixed Object, Not Injured, N, N
AUS,2,0,0,1,2017, July, Sunday,20:10,100, Dry, N, Night, Hit Fixed Object, Minor Injury, N, N
AUS,3,0,0,0,2017, July, Monday,16:30,60, Dry, N, Daylight, Rear End, Not Injured, N, N
AUS,7,0,0,0,2017, July, Monday,15:40,80, Dry, N, Daylight, Rear End, Not Injured, N, N
AUS,2,0,0,0,2017, July, Monday,17:10,60, Dry, N, Daylight, Hit Fixed Object, Not Injured, N, N
AUS,2,0,0,0,2017, July, Friday,12:20,50, Dry, N, Daylight, Hit Fixed Object, Not Injured, N, N
AUS,2,0,0,1,2017, July, Monday,17:00,60, Dry, N, Daylight, Right Angle, Minor Injury, N, N
AUS,2,0,0,0,2017, July, Monday,2:20,60, Dry, N, Night, Right Angle, Not Injured, N, N
AUS,2,0,0,2,2017, July, Monday,14:50,60, Dry, N, Daylight, Right Angle, Minor Injury, N, N
AUS,2,0,0,1,2017, July, Monday,18:40,50, Dry, N, Night, Hit Pedestrian, Minor Injury, N, N
AUS,3,0,0,1,2017, July, Monday,15:40,60, Dry, N, Daylight, Side Swipe, Minor Injury, N, Y
AUS,2,0,0,0,2017, July, Monday,19:20,60, Dry, N, Night, Right Angle, Not Injured, N, N
AUS,2,0,0,1,2017, July, Monday,20:00,60, Dry, N, Night, Hit Pedestrian, Minor Injury, N, N
AUS,2,0,0,0,2017, July, Monday,20:20,50, Dry, N, Night, Side Swipe, Not Injured, N, N
AUS,2,0,0,1,2017, July, Monday,12:00,110, Dry, N, Night, Hit Fixed Object, Minor Injury, N, N
AUS,2,0,0,0,2017, July, Tuesday,8:50,60, Dry, N, Daylight, Rear End, Not Injured, N, N
AUS,2,0,0,1,2017, July, Friday,8:00,60, Dry, N, Daylight, Rear End, Minor Injury, N, N
AUS,2,0,0,1,2017, July, Tuesday,8:10,50, Dry, N, Daylight, Right Angle, Minor Injury, N, N
AUS,2,0,0,0,2017, July, Tuesday,9:10,60, Dry, N, Daylight, Side Swipe, Not Injured, N, N
AUS,2,0,0,0,2017, July, Monday,14:20,50, Dry, N, Daylight, Side Swipe, Not Injured, N, N
AUS,2,0,0,2,2017, July, Tuesday,9:50,80, Dry, N, Daylight, Rear End, Minor Injury, N, N
AUS,2,0,0,1,2017, July, Tuesday,7:20,50, Dry, N, Night, Side Swipe, Minor Injury, N, N
AUS,2,0,0,0,2017, July, Tuesday,9:00,50, Dry, N, Daylight, Right Angle, Not Injured, N, N
AUS,2,0,0,0,2017, July, Tuesday,10:20,50, Dry, N, Daylight, Rear End, Not Injured, N, N
AUS,2,0,0,0,2017, July, Tuesday,14:00,50, Dry, N, Daylight, Hit Pedestrian, Not Injured, N, N
AUS,2,0,0,0,2017, July, Tuesday,14:50,60, Dry, N, Daylight, Hit Fixed Object, Not Injured, N, N
AUS,2,0,0,0,2017, July, Monday,17:00,50, Dry, N, Daylight, Hit Fixed Object, Not Injured, N, N
AUS,2,0,0,0,2017, July, Tuesday,15:00,70, Dry, N, Daylight, Rear End, Not Injured, N, N
AUS,2,0,0,0,2017, July, Monday,19:00,50, Dry, N, Night, Right Angle, Not Injured, N, N