Nation,Total Units,Total Fatalities,Total Serious Injuries,Total Minor Injuries,Year,Month,Day,Time,Speed Limit,Moisture,Adverse Weather Conditions,DayNight,Crash Type,Crash Severity,Alcohol Related ,Drug Related
AUS,2,0,0,0,2017, July, Tuesday,16:50,80, Dry, N, Daylight, Rear End, Not Injured, N, N
AUS,2,0,0,0,2017, July, Tuesday,16:10,60, Dry, N, Daylight, Right Angle, Not Injured, N, N
AUS,5,0,0,1,2017, July, Tuesday,15:40,80, Dry, N, Daylight, Rear End, Minor Injury, N, N
AUS,2,0,0,1,2017, July, Tuesday,16:10,60, Dry, N, Daylight, Right Angle, Minor Injury, N, N
AUS,2,0,0,0,2017, July, Tuesday,15:30,60, Dry, N, Daylight, Side Swipe, Not Injured, N, N
AUS,3,0,0,0,2017, July, Monday,21:10,50, Dry, N, Night, Hit Fixed Object, Not Injured, N, N
AUS,2,0,0,0,2017, July, Tuesday,15:00,70, Dry, N, Daylight, Side Swipe, Not Injured, N, N
AUS,2,0,0,0,2017, July, Tuesday,19:10,40, Dry, N, Night, Side Swipe, Not Injured, N, N
AUS,2,0,0,0,2017, July, Tuesday,21:40,50, Dry, N, Night, Hit Fixed Object, Not Injured, N, N
AUS,2,0,0,0,2017, July, Tuesday,4:20,80, Dry, N, Night, Hit Fixed Object, Not Injured, N, N
AUS,2,0,0,0,2017, July, Tuesday,17:30,50, Dry, N, Night, Right Angle, Not Injured, N, N
AUS,2,0,0,0,2017, July, Tuesday,9:20,50, Dry, N, Daylight, Right Angle, Not Injured, N, N
AUS,3,0,0,0,2017, July, Wednesday,7:00,60, Dry, N, Night, Side Swipe, Not Injured, N, N
AUS,2,0,0,0,2017, July, Tuesday,18:00,50, Dry, N, Night, Right Angle, Not Injured, N, N
AUS,2,0,0,0,2017, July, Wednesday,6:30,90, Dry, N, Night, Right Angle, Not Injured, N, N
AUS,2,0,0,1,2017, July, Wednesday,7:50,60, Dry, N, Daylight, Rear End, Minor Injury, N, N
AUS,2,0,0,2,2017, July, Wednesday,8:30,50, Dry, N, Daylight, Rear End, Minor Injury, N, N
AUS,2,0,0,1,2017, July, Wednesday,11:00,50, Dry, N, Daylight, Right Angle, Minor Injury, N, N
AUS,2,0,0,0,2017, July, Wednesday,13:20,60, Dry, N, Daylight, Hit Pedestrian, Not Injured, N, N
AUS,2,0,0,0,2017, July, Wednesday,11:40,50, Dry, N, Daylight, Rear End, Not Injured, N, N
AUS,2,0,0,0,2017, July, Wednesday,11:30,50, Dry, N, Daylight, Rear End, Not Injured, N, N
AUS,2,0,0,0,2017, July, Tuesday,14:30,60, Dry, N, Daylight, Side Swipe, Not Injured, N, N
AUS,2,0,0,0,2017, July, Wednesday,9:00,70, Dry, N, Daylight, Rear End, Not Injured, N, N
AUS,2,0,0,0,2017, July, Wednesday,10:40,60, Dry, N, Daylight, Side Swipe, Not Injured, N, N
AUS,2,0,0,1,2017, July, Tuesday,16:00,60, Dry, N, Daylight, Rear End, Minor Injury, N, N
AUS,2,0,0,0,2017, July, Wednesday,12:00,50, Dry, N, Daylight, Rear End, Not Injured, N, N
AUS,2,0,0,0,2017, July, Wednesday,7:30,60, Dry, N, Daylight, Side Swipe, Not Injured, N, N
AUS,2,1,0,1,2017, July, Wednesday,13:50,80, Dry, N, Daylight, Head On, Fatal, N, N
AUS,2,0,0,0,2017, July, Wednesday,17:20,50, Dry, N, Night, Rear End, Not Injured, N, N
AUS,2,0,0,0,2017, July, Wednesday,17:30,80, Dry, N, Night, Right Angle, Not Injured, N, N
AUS,3,0,0,1,2017, July, Wednesday,17:10,60, Dry, N, Daylight, Rear End, Minor Injury, N, N
AUS,2,0,0,0,2017, July, Wednesday,16:00,50, Dry, N, Daylight, Right Angle, Not Injured, N, N
AUS,2,0,0,1,2017, July, Wednesday,14:40,80, Dry, N, Daylight, Head On, Minor Injury, N, N
AUS,2,0,0,0,2017, July, Wednesday,18:20,100, Dry, N, Night, Rear End, Not Injured, N, N
AUS,2,0,0,0,2017, July, Wednesday,19:00,50, Dry, N, Night, Side Swipe, Not Injured, N, N
AUS,2,0,0,1,2017, July, Wednesday,21:10,50, Dry, N, Night, Right Angle, Minor Injury, N, N
AUS,3,0,0,0,2017, July, Thursday,2:30,60, Wet, N, Night, Rear End, Not Injured, N, N
AUS,2,0,0,0,2017, July, Wednesday,3:00,40, Dry, N, Night, Hit Fixed Object, Not Injured, N, N
AUS,3,0,0,1,2017, July, Wednesday,12:00,70, Dry, N, Daylight, Hit Fixed Object, Minor Injury, N, N
AUS,5,0,0,0,2017, July, Thursday,8:20,80, Wet, Y, Daylight, Right Angle, Not Injured, N, N
AUS,2,0,0,0,2017, July, Thursday,9:30,60, Dry, N, Daylight, Side Swipe, Not Injured, N, N
AUS,3,0,0,0,2017, July, Thursday,11:20,80, Dry, N, Daylight, Rear End, Not Injured, N, N
AUS,2,0,0,0,2017, July, Thursday,10:30,60, Dry, N, Daylight, Hit Fixed Object, Not Injured, N, N
AUS,2,0,0,1,2017, July, Tuesday,14:40,60, Dry, N, Daylight, Rear End, Minor Injury, N, N
AUS,2,0,0,0,2017, July, Thursday,13:30,60, Dry, N, Daylight, Right Angle, Not Injured, N, N
AUS,2,0,0,0,2017, July, Thursday,4:30,100, Wet, Y, Night, Hit Fixed Object, Not Injured, N, N
AUS,2,0,0,0,2017, July, Thursday,7:50,80, Wet, Y, Daylight, Side Swipe, Not Injured, N, N
AUS,2,0,0,1,2017, July, Thursday,13:10,110, Dry, N, Daylight, Hit Fixed Object, Minor Injury, N, N
AUS,2,0,0,1,2017, July, Thursday,15:00,50, Dry, N, Daylight, Hit Fixed Object, Minor Injury, N, N
AUS,3,0,0,1,2017, July, Thursday,14:00,50, Dry, N, Daylight, Right Angle, Minor Injury, N, N
AUS,2,0,0,0,2017, July, Thursday,12:30,50, Dry, N, Daylight, Side Swipe, Not Injured, N, N
AUS,2,0,0,0,2017, July, Thursday,14:50,80, Dry, N, Daylight, Head On, Not Injured, N, N
AUS,2,0,0,1,2017, July, Thursday,12:00,50, Dry, N, Daylight, Hit Fixed Object, Minor Injury, N, N
AUS,3,0,0,0,2017, July, Thursday,15:00,60, Dry, N, Daylight, Rear End, Not Injured, N, N
AUS,2,0,0,0,2017, July, Thursday,15:40,60, Dry, N, Daylight, Right Angle, Not Injured, N, N
AUS,3,0,0,3,2017, July, Thursday,13:50,80, Dry, N, Daylight, Right Angle, Minor Injury, N, N
AUS,3,0,0,1,2017, July, Thursday,16:40,60, Dry, N, Daylight, Hit Fixed Object, Minor Injury, N, N
AUS,2,0,0,0,2017, July, Thursday,14:50,50, Dry, N, Daylight, Right Angle, Not Injured, N, N
AUS,2,0,0,1,2017, July, Thursday,14:40,60, Dry, N, Daylight, Rear End, Minor Injury, N, N
AUS,3,0,0,0,2017, July, Thursday,16:20,60, Dry, N, Daylight, Rear End, Not Injured, N, N
AUS,2,0,0,0,2017, July, Thursday,17:20,80, Dry, N, Daylight, Rear End, Not Injured, N, N
AUS,2,0,0,4,2017, July, Thursday,16:40,60, Dry, N, Daylight, Right Angle, Minor Injury, N, N
AUS,2,0,0,0,2017, July, Thursday,18:20,60, Dry, N, Night, Right Angle, Not Injured, N, N
AUS,2,0,0,0,2017, July, Wednesday,16:10,100, Dry, N, Daylight, Rear End, Not Injured, N, N
AUS,2,0,0,1,2017, July, Thursday,17:00,60, Dry, N, Daylight, Right Angle, Minor Injury, N, N
AUS,3,0,0,0,2017, July, Thursday,17:50,60, Dry, N, Night, Rear End, Not Injured, N, N
AUS,2,0,0,0,2017, July, Thursday,19:50,100, Wet, Y, Night, Hit Fixed Object, Not Injured, N, N
AUS,2,0,0,0,2017, July, Thursday,18:00,80, Dry, N, Night, Hit Fixed Object, Not Injured, N, N
AUS,2,0,0,4,2017, July, Thursday,18:20,80, Dry, N, Night, Head On, Minor Injury, N, Y
AUS,2,0,0,0,2017, July, Friday,0:40,80, Dry, N, Night, Right Angle, Not Injured, N, N
AUS,2,0,0,0,2017, July, Thursday,6:40,80, Dry, N, Night, Right Angle, Not Injured, N, N
AUS,2,0,0,0,2017, July, Thursday,11:00,80, Dry, N, Daylight, Right Angle, Not Injured, N, N
AUS,2,0,0,0,2017, July, Tuesday,20:40,80, Dry, N, Night, Hit Fixed Object, Not Injured, N, N
AUS,2,0,0,0,2017, July, Friday,6:00,60, Dry, N, Night, Right Angle, Not Injured, N, N
AUS,2,0,0,0,2017, July, Wednesday,18:30,60, Wet, N, Night, Rear End, Not Injured, N, N
AUS,2,0,0,1,2017, July, Friday,8:20,60, Wet, N, Daylight, Right Angle, Minor Injury, N, N
AUS,2,0,0,0,2017, July, Thursday,13:10,100, Dry, N, Daylight, Hit Fixed Object, Not Injured, N, N
AUS,2,0,0,0,2017, July, Friday,8:30,60, Dry, N, Daylight, Right Angle, Not Injured, N, N
AUS,3,0,0,0,2017, July, Friday,9:30,100, Wet, Y, Daylight, Rear End, Not Injured, N, N
AUS,2,0,0,0,2017, July, Thursday,23:50,50, Dry, N, Night, Hit Fixed Object, Not Injured, Y, N
AUS,2,0,0,0,2017, July, Wednesday,17:40,50, Wet, Y, Night, Rear End, Not Injured, N, N
AUS,2,0,0,0,2017, July, Friday,15:00,50, Dry, N, Daylight, Hit Fixed Object, Not Injured, N, N
AUS,2,0,0,0,2017, July, Friday,14:20,60, Wet, Y, Daylight, Side Swipe, Not Injured, N, N
AUS,2,0,0,0,2017, July, Friday,15:30,110, Dry, N, Daylight, Side Swipe, Not Injured, N, N
AUS,2,0,0,0,2017, July, Friday,16:00,50, Dry, N, Daylight, Side Swipe, Not Injured, N, N
AUS,5,0,0,1,2017, July, Friday,16:00,60, Dry, N, Daylight, Rear End, Minor Injury, N, N
AUS,2,0,0,1,2017, July, Friday,12:30,80, Wet, N, Daylight, Hit Fixed Object, Minor Injury, N, N
AUS,2,0,0,1,2017, July, Friday,15:40,50, Dry, N, Daylight, Right Angle, Minor Injury, N, N
AUS,2,0,0,0,2017, July, Friday,11:50,60, Wet, Y, Daylight, Right Angle, Not Injured, N, N
AUS,2,0,0,0,2017, July, Friday,16:20,60, Dry, N, Daylight, Right Angle, Not Injured, N, N
AUS,3,0,0,0,2017, July, Friday,18:20,80, Wet, Y, Night, Rear End, Not Injured, N, N
AUS,2,0,0,1,2017, July, Friday,17:20,60, Wet, Y, Daylight, Rear End, Minor Injury, N, N
AUS,3,0,0,0,2017, July, Friday,14:40,50, Dry, N, Daylight, Hit Fixed Object, Not Injured, N, N
AUS,2,0,0,0,2017, July, Friday,18:20,90, Wet, Y, Night, Right Angle, Not Injured, N, N
AUS,2,0,0,0,2017, July, Friday,17:40,90, Wet, Y, Night, Side Swipe, Not Injured, N, N
AUS,2,0,0,0,2017, July, Friday,20:30,50, Wet, Y, Night, Hit Fixed Object, Not Injured, N, N
AUS,5,0,0,0,2017, July, Friday,19:50,50, Dry, N, Night, Hit Fixed Object, Not Injured, Y, N
AUS,2,0,0,0,2017, July, Friday,17:00,60, Dry, N, Daylight, Right Angle, Not Injured, N, N
AUS,2,0,0,1,2017, July, Friday,19:50,70, Wet, N, Night, Right Angle, Minor Injury, N, N
AUS,2,0,0,0,2017, July, Friday,15:40,100, Wet, Y, Daylight, Right Angle, Not Injured, N, N
AUS,2,0,0,0,2017, July, Saturday,3:20,50, Dry, N, Night, Side Swipe, Not Injured, N, N
AUS,2,0,0,0,2017, July, Saturday,3:50,90, Wet, Y, Night, Hit Fixed Object, Not Injured, N, N
AUS,2,0,0,1,2017, July, Saturday,6:20,50, Wet, N, Night, Hit Fixed Object, Minor Injury, N, N
AUS,2,0,0,1,2017, July, Friday,15:00,50, Dry, N, Daylight, Right Angle, Minor Injury, N, N
AUS,2,0,0,0,2017, July, Friday,23:30,80, Wet, N, Night, Hit Fixed Object, Not Injured, N, N
AUS,2,0,0,0,2017, July, Saturday,12:30,60, Dry, N, Daylight, Rear End, Not Injured, N, N
AUS,3,0,0,0,2017, July, Friday,17:30,100, Dry, N, Night, Hit Fixed Object, Not Injured, N, N
AUS,2,0,0,1,2017, July, Saturday,11:30,80, Dry, N, Daylight, Hit Fixed Object, Minor Injury, N, N
AUS,2,0,0,1,2017, July, Saturday,12:40,60, Dry, N, Daylight, Right Angle, Minor Injury, N, N
AUS,2,0,0,0,2017, July, Friday,22:00,110, Wet, Y, Night, Hit Fixed Object, Not Injured, N, N
AUS,2,0,0,1,2017, July, Friday,15:20,60, Dry, N, Daylight, Right Angle, Minor Injury, N, N
AUS,2,0,0,0,2017, July, Friday,11:50,60, Wet, N, Daylight, Rear End, Not Injured, N, N
AUS,2,0,0,1,2017, July, Saturday,14:10,110, Dry, N, Daylight, Side Swipe, Minor Injury, N, N
AUS,3,0,1,0,2017, July, Saturday,14:40,50, Dry, N, Daylight, Right Angle, Major Injury, N, N
AUS,2,0,0,0,2017, July, Saturday,14:50,80, Dry, N, Daylight, Right Angle, Not Injured, N, N
AUS,2,0,0,0,2017, July, Saturday,13:50,50, Dry, N, Daylight, Hit Fixed Object, Not Injured, N, N
AUS,2,0,0,1,2017, July, Friday,22:30,60, Dry, N, Night, Rear End, Minor Injury, N, N
AUS,2,0,0,0,2017, July, Friday,21:20,60, Dry, N, Night, Hit Fixed Object, Not Injured, N, N
AUS,2,0,0,0,2017, July, Friday,19:20,60, Wet, Y, Night, Hit Fixed Object, Not Injured, N, N
AUS,3,0,0,1,2017, July, Saturday,18:50,60, Dry, N, Night, Rear End, Minor Injury, N, N
AUS,2,0,0,1,2017, July, Saturday,14:20,50, Dry, N, Daylight, Right Angle, Minor Injury, N, N
AUS,2,0,0,1,2017, July, Saturday,17:50,80, Dry, N, Night, Rear End, Minor Injury, N, N
AUS,2,0,0,0,2017, July, Saturday,20:30,70, Dry, N, Night, Right Angle, Not Injured, N, N
AUS,3,0,0,1,2017, July, Saturday,11:20,60, Dry, N, Daylight, Rear End, Minor Injury, N, N
AUS,2,0,0,0,2017, July, Tuesday,15:20,60, Dry, N, Daylight, Rear End, Not Injured, N, N
AUS,4,0,0,0,2017, July, Saturday,14:20,60, Dry, N, Daylight, Side Swipe, Not Injured, N, N
AUS,2,0,0,1,2017, July, Sunday,5:00,110, Dry, N, Night, Hit Fixed Object, Minor Injury, Y, N
AUS,2,0,0,2,2017, July, Sunday,10:50,60, Dry, N, Daylight, Right Angle, Minor Injury, N, N
AUS,2,0,0,0,2017, July, Saturday,11:20,50, Dry, N, Daylight, Side Swipe, Not Injured, N, N
AUS,2,0,0,0,2017, July, Sunday,13:30,60, Dry, N, Daylight, Hit Fixed Object, Not Injured, N, N
AUS,3,0,0,0,2017, July, Friday,18:00,80, Wet, Y, Night, Rear End, Not Injured, N, N
AUS,2,0,0,0,2017, July, Saturday,22:20,50, Dry, N, Night, Hit Pedestrian, Not Injured, N, N
AUS,2,0,0,0,2017, July, Sunday,12:00,60, Dry, N, Daylight, Right Angle, Not Injured, N, N
AUS,2,0,0,0,2017, July, Sunday,12:50,80, Wet, N, Daylight, Rear End, Not Injured, N, N
AUS,2,0,0,1,2017, July, Saturday,23:30,60, Wet, N, Night, Rear End, Minor Injury, N, N
AUS,2,0,0,0,2017, July, Sunday,17:00,60, Wet, Y, Daylight, Right Angle, Not Injured, N, N
AUS,2,0,0,1,2017, July, Sunday,17:10,80, Dry, N, Daylight, Hit Fixed Object, Minor Injury, N, N
AUS,2,0,0,0,2017, July, Sunday,16:20,60, Wet, Y, Daylight, Right Angle, Not Injured, N, N
AUS,2,0,0,1,2017, July, Sunday,13:00,60, Wet, Y, Daylight, Rear End, Minor Injury, N, N
AUS,3,0,0,0,2017, July, Sunday,18:30,50, Wet, Y, Night, Hit Fixed Object, Not Injured, Y, N
AUS,2,0,0,0,2017, July, Sunday,21:30,100, Wet, N, Night, Hit Fixed Object, Not Injured, N, N
AUS,2,0,0,1,2017, July, Sunday,21:20,60, Wet, Y, Night, Right Angle, Minor Injury, N, N
AUS,2,0,0,0,2017, July, Sunday,21:30,60, Wet, Y, Night, Right Angle, Not Injured, N, N
AUS,2,0,0,0,2017, July, Sunday,21:00,60, Wet, Y, Night, Right Angle, Not Injured, N, N
AUS,2,0,0,0,2017, July, Monday,0:50,100, Wet, Y, Night, Hit Fixed Object, Not Injured, N, N
AUS,2,0,0,0,2017, July, Monday,5:30,60, Wet, Y, Night, Right Angle, Not Injured, N, N
AUS,2,0,0,1,2017, July, Monday,9:00,100, Dry, N, Daylight, Right Angle, Minor Injury, N, N
AUS,3,0,0,1,2017, July, Friday,11:40,80, Wet, N, Daylight, Hit Fixed Object, Minor Injury, N, Y
AUS,2,0,0,1,2017, July, Monday,6:20,50, Wet, Y, Night, Right Angle, Minor Injury, N, N
AUS,3,0,0,0,2017, July, Monday,11:30,60, Wet, Y, Daylight, Hit Fixed Object, Not Injured, N, N
AUS,2,0,1,0,2017, July, Friday,21:30,60, Dry, N, Night, Hit Pedestrian, Major Injury, N, N
AUS,2,0,0,0,2017, July, Monday,12:30,60, Wet, Y, Daylight, Rear End, Not Injured, N, N
AUS,2,0,0,1,2017, July, Monday,7:00,60, Wet, Y, Night, Rear End, Minor Injury, N, N
AUS,2,0,0,0,2017, July, Sunday,19:50,60, Wet, Y, Night, Hit Fixed Object, Not Injured, Y, N
AUS,2,0,0,0,2017, July, Sunday,2:00,100, Dry, N, Night, Hit Fixed Object, Not Injured, N, N
AUS,2,0,0,0,2017, July, Monday,11:00,100, Wet, Y, Daylight, Hit Fixed Object, Not Injured, N, N
AUS,2,0,0,0,2017, July, Monday,14:40,50, Wet, N, Daylight, Side Swipe, Not Injured, N, N
AUS,2,0,0,0,2017, July, Monday,6:50,60, Wet, N, Night, Rear End, Not Injured, N, N
AUS,2,0,0,0,2017, July, Monday,13:00,70, Wet, Y, Daylight, Rear End, Not Injured, N, N
AUS,2,0,0,0,2017, July, Monday,11:30,110, Wet, Y, Daylight, Side Swipe, Not Injured, N, N
AUS,2,0,0,0,2017, July, Monday,12:00,70, Dry, N, Daylight, Side Swipe, Not Injured, N, N
AUS,2,0,0,0,2017, July, Monday,16:20,60, Dry, N, Daylight, Rear End, Not Injured, N, N
AUS,2,0,0,1,2017, July, Friday,12:30,70, Dry, N, Daylight, Rear End, Minor Injury, N, N
AUS,2,0,0,1,2017, July, Monday,19:30,100, Wet, Y, Night, Hit Fixed Object, Minor Injury, N, N
AUS,3,0,0,2,2017, July, Monday,18:10,50, Wet, N, Night, Rear End, Minor Injury, N, N
AUS,2,0,0,0,2017, July, Monday,22:50,50, Dry, N, Night, Right Angle, Not Injured, N, N
AUS,2,0,0,0,2017, July, Tuesday,5:30,50, Wet, Y, Night, Hit Fixed Object, Not Injured, N, N
AUS,2,0,0,0,2017, July, Monday,16:20,60, Wet, Y, Daylight, Rear End, Not Injured, N, N
AUS,3,0,0,0,2017, July, Tuesday,6:50,90, Wet, N, Night, Rear End, Not Injured, N, N
AUS,2,0,0,0,2017, July, Tuesday,8:50,50, Wet, N, Daylight, Right Angle, Not Injured, N, N
AUS,3,0,0,0,2017, July, Tuesday,9:00,60, Wet, Y, Daylight, Rear End, Not Injured, N, N
AUS,2,0,0,0,2017, July, Tuesday,9:00,60, Wet, N, Daylight, Rear End, Not Injured, N, N
AUS,2,0,0,0,2017, July, Monday,8:50,60, Wet, N, Daylight, Rear End, Not Injured, N, N
AUS,3,0,0,2,2017, July, Tuesday,11:20,50, Wet, Y, Daylight, Hit Pedestrian, Minor Injury, N, N
AUS,2,0,0,0,2017, July, Tuesday,12:20,60, Wet, Y, Daylight, Right Angle, Not Injured, N, N
AUS,2,0,0,0,2017, July, Tuesday,12:20,80, Wet, Y, Daylight, Hit Fixed Object, Not Injured, N, N
AUS,2,0,0,2,2017, July, Tuesday,13:30,110, Wet, Y, Daylight, Rear End, Minor Injury, N, N
AUS,2,0,0,0,2017, July, Tuesday,14:20,50, Wet, N, Daylight, Right Angle, Not Injured, N, N
AUS,2,0,0,0,2017, July, Monday,22:50,80, Wet, Y, Night, Hit Fixed Object, Not Injured, N, N
AUS,2,0,0,0,2017, July, Monday,18:50,50, Wet, Y, Night, Hit Fixed Object, Not Injured, N, N
AUS,2,0,0,0,2017, July, Tuesday,14:10,60, Wet, Y, Daylight, Hit Fixed Object, Not Injured, N, N
AUS,2,0,0,0,2017, July, Tuesday,16:00,50, Wet, N, Daylight, Side Swipe, Not Injured, N, N
AUS,2,0,0,0,2017, July, Friday,17:00,60, Dry, N, Daylight, Rear End, Not Injured, N, N
AUS,2,0,0,0,2017, July, Tuesday,17:20,60, Wet, Y, Daylight, Hit Fixed Object, Not Injured, Y, N
AUS,2,0,0,0,2017, July, Wednesday,7:40,60, Dry, N, Daylight, Rear End, Not Injured, N, N
AUS,2,0,0,0,2017, July, Wednesday,6:40,60, Wet, N, Night, Head On, Not Injured, N, N
AUS,2,0,0,0,2017, July, Wednesday,7:00,50, Dry, N, Night, Rear End, Not Injured, N, N
AUS,2,0,0,0,2017, July, Wednesday,9:40,50, Dry, N, Daylight, Right Angle, Not Injured, N, N
AUS,2,0,0,0,2017, July, Wednesday,7:10,60, Dry, N, Night, Side Swipe, Not Injured, N, N
AUS,2,0,0,1,2017, July, Monday,11:00,60, Dry, N, Daylight, Rear End, Minor Injury, N, N
AUS,3,0,0,0,2017, July, Wednesday,10:10,80, Wet, Y, Daylight, Right Angle, Not Injured, N, N
AUS,2,0,0,1,2017, July, Tuesday,11:20,60, Wet, Y, Daylight, Rear End, Minor Injury, N, N
AUS,3,0,0,0,2017, July, Wednesday,10:40,60, Dry, N, Daylight, Rear End, Not Injured, N, N
AUS,3,0,0,1,2017, July, Wednesday,11:20,80, Dry, N, Daylight, Rear End, Minor Injury, N, N
AUS,2,0,0,1,2017, July, Tuesday,10:50,60, Dry, N, Daylight, Right Angle, Minor Injury, N, N
AUS,2,0,0,0,2017, July, Wednesday,9:20,60, Wet, N, Daylight, Side Swipe, Not Injured, N, N
AUS,2,0,0,0,2017, July, Wednesday,14:00,60, Dry, N, Daylight, Side Swipe, Not Injured, N, N
AUS,3,0,0,0,2017, July, Wednesday,10:10,60, Dry, N, Daylight, Rear End, Not Injured, N, N
AUS,2,0,0,0,2017, July, Wednesday,13:40,60, Dry, N, Daylight, Right Angle, Not Injured, N, N
AUS,3,0,0,0,2017, July, Monday,13:50,60, Dry, N, Daylight, Rear End, Not Injured, N, N
AUS,2,0,0,0,2017, July, Wednesday,17:50,80, Dry, N, Night, Rear End, Not Injured, N, N
AUS,2,0,1,1,2017, July, Wednesday,16:20,80, Dry, N, Daylight, Right Angle, Major Injury, N, N
AUS,2,0,0,0,2017, July, Wednesday,16:00,70, Dry, N, Daylight, Right Angle, Not Injured, N, N
AUS,2,0,0,0,2017, July, Wednesday,16:30,80, Dry, N, Daylight, Hit Fixed Object, Not Injured, Y, N
AUS,2,0,0,0,2017, July, Wednesday,16:30,60, Dry, N, Daylight, Rear End, Not Injured, N, N
AUS,2,0,0,1,2017, July, Wednesday,18:10,60, Dry, N, Night, Rear End, Minor Injury, N, N
AUS,2,0,0,0,2017, July, Wednesday,20:50,20, Wet, N, Night, Hit Fixed Object, Not Injured, N, N
AUS,2,0,0,1,2017, July, Wednesday,16:30,60, Dry, N, Daylight, Right Angle, Minor Injury, N, N
AUS,3,0,0,1,2017, July, Wednesday,20:20,50, Dry, N, Night, Hit Fixed Object, Minor Injury, N, N
AUS,2,0,0,1,2017, July, Thursday,6:50,70, Dry, N, Night, Right Angle, Minor Injury, N, N
AUS,2,0,0,1,2017, July, Thursday,7:10,50, Dry, N, Night, Rear End, Minor Injury, N, N
AUS,2,0,0,3,2017, July, Thursday,9:50,60, Dry, N, Daylight, Rear End, Minor Injury, N, N
AUS,2,0,1,0,2017, July, Thursday,8:10,60, Dry, N, Daylight, Rear End, Major Injury, N, N
AUS,2,0,0,0,2017, July, Thursday,10:30,60, Dry, N, Daylight, Right Angle, Not Injured, N, N
AUS,2,0,0,0,2017, July, Thursday,4:20,100, Wet, N, Night, Hit Fixed Object, Not Injured, N, N
AUS,2,0,0,0,2017, July, Thursday,8:30,40, Dry, N, Daylight, Side Swipe, Not Injured, N, N
AUS,2,0,1,1,2017, July, Thursday,10:50,110, Dry, N, Daylight, Side Swipe, Major Injury, N, N
AUS,2,0,0,0,2017, July, Thursday,12:30,50, Dry, N, Daylight, Hit Fixed Object, Not Injured, N, N
AUS,2,0,0,0,2017, July, Wednesday,10:20,60, Wet, Y, Daylight, Side Swipe, Not Injured, N, N
AUS,2,0,0,0,2017, July, Thursday,10:30,60, Dry, N, Daylight, Rear End, Not Injured, N, N
AUS,2,0,0,0,2017, July, Thursday,15:40,60, Dry, N, Daylight, Right Angle, Not Injured, N, N
AUS,2,1,0,0,2017, July, Thursday,14:30,80, Dry, N, Daylight, Side Swipe, Fatal, N, N
AUS,2,0,0,0,2017, July, Thursday,17:20,50, Dry, N, Daylight, Side Swipe, Not Injured, N, N
AUS,2,0,0,0,2017, July, Thursday,17:00,60, Dry, N, Daylight, Right Angle, Not Injured, N, N
AUS,2,0,0,0,2017, July, Thursday,13:50,70, Dry, N, Daylight, Rear End, Not Injured, N, N
AUS,3,0,0,1,2017, July, Thursday,17:30,60, Dry, N, Night, Rear End, Minor Injury, N, N
AUS,2,0,0,1,2017, July, Thursday,17:30,60, Dry, N, Night, Rear End, Minor Injury, N, N
AUS,2,0,0,0,2017, July, Thursday,16:40,60, Dry, N, Daylight, Rear End, Not Injured, N, N
AUS,2,0,0,0,2017, July, Thursday,13:50,40, Dry, N, Daylight, Side Swipe, Not Injured, N, N
AUS,2,0,0,0,2017, July, Tuesday,22:10,50, Dry, N, Night, Right Angle, Not Injured, N, N
AUS,2,0,0,0,2017, July, Thursday,19:40,60, Dry, N, Night, Right Angle, Not Injured, N, N
AUS,2,0,0,0,2017, July, Friday,14:40,100, Dry, N, Daylight, Rear End, Not Injured, N, N
AUS,2,0,0,0,2017, July, Thursday,22:00,110, Dry, N, Night, Rear End, Not Injured, N, N
AUS,2,0,0,0,2017, July, Friday,2:50,90, Dry, N, Night, Hit Fixed Object, Not Injured, N, N
AUS,2,0,0,0,2017, July, Friday,4:00,110, Dry, N, Night, Hit Fixed Object, Not Injured, N, N
AUS,2,0,0,1,2017, July, Thursday,11:00,60, Dry, N, Daylight, Rear End, Minor Injury, N, N
AUS,2,0,0,1,2017, July, Friday,8:50,60, Dry, N, Daylight, Rear End, Minor Injury, N, N
AUS,2,0,1,0,2017, July, Tuesday,11:00,50, Wet, N, Daylight, Hit Pedestrian, Major Injury, N, N
AUS,2,0,0,0,2017, July, Thursday,16:20,60, Dry, N, Daylight, Side Swipe, Not Injured, N, N
AUS,2,0,0,1,2017, July, Thursday,20:50,60, Dry, N, Night, Rear End, Minor Injury, N, N
AUS,2,0,1,0,2017, July, Friday,7:40,60, Dry, N, Daylight, Rear End, Major Injury, N, N
AUS,2,0,0,0,2017, July, Thursday,17:30,80, Dry, N, Night, Side Swipe, Not Injured, N, N
AUS,2,0,0,0,2017, July, Friday,10:40,100, Dry, N, Daylight, Hit Fixed Object, Not Injured, N, N
AUS,2,0,0,0,2017, July, Friday,10:50,60, Dry, N, Daylight, Right Angle, Not Injured, N, N
AUS,2,0,1,0,2017, July, Friday,11:10,80, Dry, N, Daylight, Hit Fixed Object, Major Injury, N, N
AUS,2,0,0,1,2017, July, Friday,12:30,110, Dry, N, Daylight, Right Angle, Minor Injury, N, N
AUS,2,0,0,2,2017, July, Friday,14:00,80, Dry, N, Daylight, Rear End, Minor Injury, N, N
AUS,2,0,0,1,2017, July, Friday,12:30,60, Dry, N, Daylight, Right Angle, Minor Injury, N, N
AUS,2,0,0,0,2017, July, Friday,12:20,60, Dry, N, Daylight, Side Swipe, Not Injured, N, N
AUS,2,0,0,1,2017, July, Thursday,13:30,50, Dry, N, Daylight, Right Angle, Minor Injury, N, N
AUS,2,0,0,1,2017, July, Friday,16:30,60, Dry, N, Daylight, Rear End, Minor Injury, N, N
AUS,2,0,0,1,2017, July, Friday,15:50,80, Dry, N, Daylight, Right Angle, Minor Injury, N, N
AUS,2,0,0,2,2017, July, Friday,16:40,90, Dry, N, Daylight, Rear End, Minor Injury, N, N
AUS,2,0,0,1,2017, July, Friday,16:40,60, Dry, N, Daylight, Hit Pedestrian, Minor Injury, N, N
AUS,2,0,0,0,2017, July, Friday,16:20,60, Dry, N, Daylight, Rear End, Not Injured, N, N
AUS,2,0,0,0,2017, July, Friday,15:50,60, Dry, N, Daylight, Right Angle, Not Injured, N, N
AUS,2,0,0,0,2017, July, Friday,17:30,80, Dry, N, Daylight, Rear End, Not Injured, N, N