Nation,Total Units,Total Fatalities,Total Serious Injuries,Total Minor Injuries,Year,Month,Day,Time,Speed Limit,Moisture,Adverse Weather Conditions,DayNight,Crash Type,Crash Severity,Alcohol Related ,Drug Related
AUS,2,0,0,0,2017, July, Friday,18:20,90, Dry, N, Night, Rear End, Not Injured, N, N
AUS,5,0,0,4,2017, July, Friday,18:40,80, Dry, N, Night, Rear End, Minor Injury, N, N
AUS,2,0,0,0,2017, July, Friday,16:00,110, Dry, N, Daylight, Head On, Not Injured, N, N
AUS,3,0,0,0,2017, July, Friday,16:00,60, Dry, N, Daylight, Rear End, Not Injured, N, N
AUS,3,0,0,0,2017, July, Friday,15:30,90, Dry, N, Daylight, Rear End, Not Injured, N, N
AUS,2,0,0,0,2017, July, Friday,16:10,60, Dry, N, Daylight, Rear End, Not Injured, N, N
AUS,2,0,0,0,2017, July, Friday,19:50,80, Dry, N, Night, Rear End, Not Injured, N, N
AUS,2,0,0,0,2017, July, Friday,19:10,60, Dry, N, Night, Side Swipe, Not Injured, N, N
AUS,2,0,0,1,2017, July, Friday,18:40,50, Dry, N, Night, Rear End, Minor Injury, N, N
AUS,3,0,0,0,2017, July, Friday,18:20,70, Dry, N, Night, Rear End, Not Injured, N, N
AUS,2,0,0,0,2017, July, Friday,20:30,60, Dry, N, Night, Hit Fixed Object, Not Injured, Y, N
AUS,2,0,0,0,2017, July, Friday,23:00,60, Dry, N, Night, Hit Fixed Object, Not Injured, N, N
AUS,2,0,0,0,2017, July, Friday,16:30,50, Dry, N, Daylight, Right Angle, Not Injured, N, N
AUS,2,0,0,0,2017, July, Saturday,6:30,60, Dry, N, Night, Rear End, Not Injured, N, N
AUS,2,0,0,1,2017, July, Saturday,14:00,110, Dry, N, Daylight, Hit Fixed Object, Minor Injury, N, N
AUS,2,0,0,1,2017, July, Friday,17:00,60, Dry, N, Daylight, Side Swipe, Minor Injury, N, N
AUS,2,0,0,0,2017, July, Saturday,13:30,60, Dry, N, Daylight, Rear End, Not Injured, N, N
AUS,3,0,0,0,2017, July, Saturday,13:30,50, Dry, N, Daylight, Right Angle, Not Injured, N, N
AUS,2,0,0,0,2017, July, Friday,18:20,50, Dry, N, Night, Right Angle, Not Injured, N, N
AUS,2,0,0,0,2017, July, Friday,16:50,60, Dry, N, Daylight, Right Angle, Not Injured, N, N
AUS,3,0,0,2,2017, July, Saturday,16:40,60, Dry, N, Daylight, Rear End, Minor Injury, N, N
AUS,2,0,0,1,2017, July, Saturday,13:30,90, Dry, N, Daylight, Hit Fixed Object, Minor Injury, N, Y
AUS,2,0,0,1,2017, July, Saturday,18:40,80, Dry, N, Night, Rear End, Minor Injury, N, N
AUS,2,0,0,2,2017, July, Saturday,19:00,60, Dry, N, Night, Rear End, Minor Injury, N, N
AUS,2,0,0,1,2017, July, Friday,16:20,100, Dry, N, Daylight, Rear End, Minor Injury, N, N
AUS,2,0,0,1,2017, July, Saturday,15:20,60, Dry, N, Daylight, Rear End, Minor Injury, N, N
AUS,2,0,0,0,2017, July, Sunday,7:00,60, Dry, N, Night, Hit Fixed Object, Not Injured, N, N
AUS,2,0,0,0,2017, July, Tuesday,6:20,80, Wet, Y, Night, Hit Fixed Object, Not Injured, N, N
AUS,2,0,0,0,2017, July, Saturday,19:20,60, Dry, N, Night, Side Swipe, Not Injured, N, N
AUS,2,0,0,1,2017, July, Sunday,9:30,50, Dry, N, Daylight, Right Angle, Minor Injury, N, N
AUS,2,0,0,0,2017, July, Sunday,9:30,60, Dry, N, Daylight, Side Swipe, Not Injured, N, N
AUS,2,0,0,0,2017, July, Sunday,12:50,60, Wet, N, Daylight, Rear End, Not Injured, N, N
AUS,2,0,0,4,2017, July, Friday,20:00,110, Dry, N, Night, Rear End, Minor Injury, N, N
AUS,2,0,0,0,2017, July, Sunday,16:40,50, Dry, N, Daylight, Hit Fixed Object, Not Injured, Y, N
AUS,2,0,1,0,2017, July, Sunday,18:20,50, Dry, N, Night, Hit Fixed Object, Major Injury, N, N
AUS,2,0,0,0,2017, July, Sunday,16:30,50, Dry, N, Daylight, Right Angle, Not Injured, N, N
AUS,2,0,0,0,2017, July, Monday,4:20,60, Dry, N, Night, Hit Fixed Object, Not Injured, N, N
AUS,3,0,0,0,2017, July, Monday,8:20,60, Dry, N, Daylight, Rear End, Not Injured, N, N
AUS,2,0,0,0,2017, July, Monday,7:50,60, Dry, N, Daylight, Right Angle, Not Injured, N, N
AUS,2,0,0,1,2017, July, Monday,8:40,60, Dry, N, Daylight, Hit Fixed Object, Minor Injury, N, N
AUS,2,0,0,0,2017, July, Monday,9:00,60, Dry, N, Daylight, Rear End, Not Injured, N, N
AUS,2,0,0,0,2017, July, Friday,14:30,60, Dry, N, Daylight, Side Swipe, Not Injured, N, N
AUS,2,0,0,0,2017, July, Monday,7:50,50, Dry, N, Daylight, Hit Pedestrian, Not Injured, N, N
AUS,3,0,1,1,2017, July, Sunday,13:30,60, Wet, Y, Daylight, Rear End, Major Injury, N, N
AUS,2,0,0,0,2017, July, Sunday,19:30,60, Dry, N, Night, Right Angle, Not Injured, N, N
AUS,2,0,0,1,2017, July, Monday,8:40,50, Dry, N, Daylight, Hit Pedestrian, Minor Injury, N, N
AUS,2,0,0,1,2017, July, Monday,9:20,60, Dry, N, Daylight, Right Angle, Minor Injury, N, N
AUS,2,0,0,0,2017, July, Sunday,12:00,60, Dry, N, Daylight, Side Swipe, Not Injured, N, N
AUS,2,0,0,1,2017, July, Sunday,15:30,60, Dry, N, Daylight, Rear End, Minor Injury, N, N
AUS,2,0,0,1,2017, July, Monday,0:00,60, Dry, N, Daylight, Side Swipe, Minor Injury, N, N
AUS,2,0,0,0,2017, July, Saturday,11:20,50, Dry, N, Daylight, Hit Pedestrian, Not Injured, N, N
AUS,2,1,4,1,2017, July, Monday,12:10,110, Dry, N, Daylight, Right Angle, Fatal, N, N
AUS,2,0,0,0,2017, July, Monday,13:00,60, Dry, N, Daylight, Side Swipe, Not Injured, N, N
AUS,2,0,0,0,2017, July, Monday,9:50,60, Dry, N, Daylight, Side Swipe, Not Injured, N, N
AUS,3,0,0,0,2017, July, Monday,14:40,50, Dry, N, Daylight, Rear End, Not Injured, N, N
AUS,2,0,0,0,2017, July, Monday,15:30,50, Dry, N, Daylight, Right Angle, Not Injured, N, N
AUS,3,0,1,0,2017, July, Monday,15:10,60, Dry, N, Daylight, Hit Fixed Object, Major Injury, N, N
AUS,2,0,0,0,2017, July, Monday,14:00,60, Dry, N, Daylight, Rear End, Not Injured, N, N
AUS,2,0,0,1,2017, July, Monday,17:10,70, Dry, N, Daylight, Right Angle, Minor Injury, N, N
AUS,2,0,0,0,2017, July, Monday,10:30,60, Dry, N, Daylight, Side Swipe, Not Injured, N, N
AUS,2,0,0,0,2017, July, Monday,17:20,50, Dry, N, Daylight, Right Angle, Not Injured, N, N
AUS,2,0,0,1,2017, July, Monday,16:40,60, Dry, N, Daylight, Rear End, Minor Injury, N, N
AUS,2,0,0,0,2017, July, Monday,17:40,60, Dry, N, Night, Side Swipe, Not Injured, N, N
AUS,2,0,0,1,2017, July, Monday,16:50,60, Dry, N, Daylight, Right Angle, Minor Injury, N, N
AUS,2,0,0,0,2017, July, Monday,18:40,60, Dry, N, Night, Hit Fixed Object, Not Injured, N, N
AUS,2,0,0,1,2017, July, Monday,16:10,50, Dry, N, Daylight, Right Angle, Minor Injury, N, N
AUS,2,0,0,0,2017, July, Monday,19:40,60, Dry, N, Night, Rear End, Not Injured, N, N
AUS,2,0,0,0,2017, July, Monday,16:40,60, Dry, N, Daylight, Rear End, Not Injured, N, N
AUS,2,0,0,0,2017, July, Monday,14:50,60, Dry, N, Daylight, Side Swipe, Not Injured, N, N
AUS,2,0,0,0,2017, July, Tuesday,2:00,50, Dry, N, Night, Hit Fixed Object, Not Injured, N, N
AUS,2,0,0,0,2017, July, Monday,14:20,60, Dry, N, Daylight, Rear End, Not Injured, N, N
AUS,3,0,0,0,2017, July, Monday,16:00,60, Dry, N, Daylight, Side Swipe, Not Injured, N, N
AUS,3,0,0,0,2017, July, Tuesday,8:00,60, Dry, N, Daylight, Side Swipe, Not Injured, N, N
AUS,2,0,0,1,2017, July, Tuesday,8:30,60, Dry, N, Daylight, Right Angle, Minor Injury, N, N
AUS,3,0,0,0,2017, July, Tuesday,8:10,60, Dry, N, Daylight, Right Angle, Not Injured, N, N
AUS,2,0,0,0,2017, July, Tuesday,9:00,50, Dry, N, Daylight, Rear End, Not Injured, N, N
AUS,4,0,0,4,2017, July, Tuesday,8:50,60, Dry, N, Daylight, Rear End, Minor Injury, N, N
AUS,2,0,0,0,2017, July, Tuesday,9:20,50, Dry, N, Daylight, Right Angle, Not Injured, N, N
AUS,3,0,0,0,2017, July, Tuesday,8:00,50, Dry, N, Daylight, Hit Fixed Object, Not Injured, N, N
AUS,2,0,0,1,2017, July, Tuesday,7:50,50, Dry, N, Daylight, Right Angle, Minor Injury, N, N
AUS,3,0,2,0,2017, July, Tuesday,8:50,80, Dry, N, Daylight, Right Angle, Major Injury, N, N
AUS,2,0,0,1,2017, July, Friday,12:50,60, Dry, N, Daylight, Right Angle, Minor Injury, N, N
AUS,2,0,0,0,2017, July, Tuesday,12:30,100, Dry, N, Daylight, Rear End, Not Injured, N, N
AUS,2,0,0,0,2017, July, Tuesday,8:20,60, Dry, N, Daylight, Right Angle, Not Injured, N, N
AUS,2,0,0,0,2017, July, Monday,20:30,60, Dry, N, Night, Right Angle, Not Injured, N, N
AUS,2,0,0,0,2017, July, Tuesday,14:10,50, Dry, N, Daylight, Right Angle, Not Injured, N, N
AUS,2,0,0,0,2017, July, Sunday,16:00,90, Dry, N, Daylight, Rear End, Not Injured, N, N
AUS,2,0,0,0,2017, July, Tuesday,14:20,50, Dry, N, Daylight, Rear End, Not Injured, N, N
AUS,2,0,0,0,2017, July, Tuesday,13:50,50, Dry, N, Daylight, Hit Pedestrian, Not Injured, N, N
AUS,2,0,0,0,2017, July, Tuesday,15:30,50, Wet, N, Daylight, Side Swipe, Not Injured, N, N
AUS,3,0,0,1,2017, July, Wednesday,8:20,60, Dry, N, Daylight, Rear End, Minor Injury, N, N
AUS,2,0,0,0,2017, July, Tuesday,15:20,50, Dry, N, Daylight, Right Angle, Not Injured, N, N
AUS,2,0,0,0,2017, July, Monday,20:00,50, Dry, N, Night, Hit Fixed Object, Not Injured, N, N
AUS,2,0,0,0,2017, July, Tuesday,17:30,60, Dry, N, Daylight, Right Angle, Not Injured, N, N
AUS,2,0,0,0,2017, July, Tuesday,19:40,50, Wet, N, Night, Hit Fixed Object, Not Injured, N, N
AUS,2,0,0,1,2017, July, Tuesday,18:50,60, Dry, N, Night, Rear End, Minor Injury, N, N
AUS,2,0,0,0,2017, July, Tuesday,20:10,60, Wet, Y, Night, Hit Fixed Object, Not Injured, N, N
AUS,2,0,0,1,2017, July, Tuesday,20:20,50, Wet, Y, Night, Hit Pedestrian, Minor Injury, N, N
AUS,2,0,0,0,2017, July, Tuesday,21:00,100, Dry, N, Night, Hit Fixed Object, Not Injured, N, N
AUS,2,0,0,1,2017, July, Wednesday,2:00,60, Wet, N, Night, Hit Fixed Object, Minor Injury, N, N
AUS,2,0,0,1,2017, July, Wednesday,7:30,60, Wet, N, Daylight, Rear End, Minor Injury, N, N
AUS,2,0,0,0,2017, July, Sunday,11:00,60, Dry, N, Daylight, Side Swipe, Not Injured, N, N
AUS,3,0,0,0,2017, July, Wednesday,7:50,80, Dry, N, Daylight, Side Swipe, Not Injured, N, N
AUS,2,0,0,1,2017, July, Tuesday,16:20,50, Dry, N, Daylight, Side Swipe, Minor Injury, N, N
AUS,2,0,0,0,2017, July, Wednesday,9:20,60, Wet, N, Daylight, Hit Fixed Object, Not Injured, N, N
AUS,2,0,0,1,2017, July, Monday,10:10,60, Dry, N, Daylight, Right Angle, Minor Injury, N, N
AUS,2,0,0,1,2017, July, Tuesday,18:10,60, Wet, Y, Night, Rear End, Minor Injury, N, N
AUS,2,0,0,1,2017, July, Monday,13:00,60, Dry, N, Daylight, Rear End, Minor Injury, N, N
AUS,2,0,0,1,2017, July, Tuesday,12:20,60, Dry, N, Daylight, Right Angle, Minor Injury, N, N
AUS,2,0,0,0,2017, July, Wednesday,10:20,50, Dry, N, Daylight, Hit Fixed Object, Not Injured, N, N
AUS,2,0,0,1,2017, July, Wednesday,11:00,50, Dry, N, Daylight, Hit Pedestrian, Minor Injury, N, N
AUS,4,0,1,0,2017, July, Wednesday,10:20,50, Dry, N, Daylight, Hit Pedestrian, Major Injury, N, N
AUS,2,0,0,0,2017, July, Wednesday,12:50,60, Dry, N, Daylight, Side Swipe, Not Injured, N, N
AUS,2,0,0,1,2017, July, Wednesday,14:20,60, Dry, N, Daylight, Hit Pedestrian, Minor Injury, N, N
AUS,2,0,0,0,2017, July, Wednesday,15:30,40, Dry, N, Daylight, Hit Fixed Object, Not Injured, N, N
AUS,2,0,0,0,2017, July, Wednesday,15:20,50, Dry, N, Daylight, Right Angle, Not Injured, N, N
AUS,3,0,0,1,2017, July, Tuesday,19:20,60, Wet, Y, Night, Rear End, Minor Injury, N, N
AUS,2,0,0,0,2017, July, Wednesday,8:30,60, Dry, N, Daylight, Rear End, Not Injured, N, N
AUS,3,0,0,1,2017, July, Wednesday,15:50,60, Dry, N, Daylight, Right Angle, Minor Injury, N, N
AUS,3,0,0,0,2017, July, Wednesday,18:00,50, Dry, N, Night, Rear End, Not Injured, N, N
AUS,2,0,0,1,2017, July, Wednesday,19:10,60, Dry, N, Night, Side Swipe, Minor Injury, N, N
AUS,4,0,0,0,2017, July, Wednesday,15:40,80, Dry, N, Daylight, Hit Fixed Object, Not Injured, N, N
AUS,2,0,1,0,2017, July, Wednesday,17:20,60, Dry, N, Daylight, Right Angle, Major Injury, N, N
AUS,2,0,0,0,2017, July, Wednesday,18:00,60, Dry, N, Night, Hit Fixed Object, Not Injured, N, N
AUS,2,0,0,0,2017, July, Wednesday,15:30,60, Dry, N, Daylight, Right Angle, Not Injured, N, N
AUS,3,0,0,1,2017, July, Wednesday,21:00,80, Dry, N, Night, Right Angle, Minor Injury, N, N
AUS,2,0,0,0,2017, July, Thursday,5:30,50, Dry, N, Night, Hit Fixed Object, Not Injured, N, N
AUS,2,0,0,0,2017, July, Wednesday,15:50,50, Dry, N, Daylight, Right Angle, Not Injured, N, N
AUS,2,0,0,0,2017, July, Wednesday,16:50,50, Dry, N, Daylight, Right Angle, Not Injured, N, N
AUS,2,0,0,0,2017, July, Wednesday,15:00,60, Dry, N, Daylight, Rear End, Not Injured, N, N
AUS,2,0,0,0,2017, July, Wednesday,15:30,60, Dry, N, Daylight, Rear End, Not Injured, N, N
AUS,2,0,0,1,2017, July, Tuesday,3:00,100, Wet, N, Night, Hit Fixed Object, Minor Injury, N, N
AUS,2,0,0,1,2017, July, Thursday,9:30,50, Dry, N, Daylight, Hit Fixed Object, Minor Injury, Y, N
AUS,3,0,0,0,2017, July, Wednesday,14:50,50, Dry, N, Daylight, Rear End, Not Injured, N, N
AUS,2,0,0,1,2017, July, Tuesday,6:10,60, Dry, N, Night, Side Swipe, Minor Injury, N, N
AUS,2,0,0,1,2017, July, Thursday,10:00,60, Dry, N, Daylight, Rear End, Minor Injury, N, N
AUS,2,0,0,0,2017, July, Thursday,14:10,60, Wet, Y, Daylight, Side Swipe, Not Injured, N, N
AUS,2,0,0,0,2017, July, Thursday,15:10,60, Wet, N, Daylight, Rear End, Not Injured, N, N
AUS,2,0,0,1,2017, July, Thursday,15:30,60, Wet, Y, Daylight, Hit Pedestrian, Minor Injury, N, N
AUS,2,0,0,0,2017, July, Thursday,15:40,80, Wet, Y, Daylight, Rear End, Not Injured, N, N
AUS,2,0,0,1,2017, July, Wednesday,14:20,50, Dry, N, Daylight, Right Angle, Minor Injury, N, N
AUS,2,0,0,0,2017, July, Thursday,15:40,50, Wet, N, Daylight, Right Angle, Not Injured, N, N
AUS,2,0,0,1,2017, July, Thursday,15:20,60, Wet, Y, Daylight, Rear End, Minor Injury, N, N
AUS,2,0,0,0,2017, July, Tuesday,17:50,50, Dry, N, Night, Hit Fixed Object, Not Injured, N, N
AUS,2,0,0,1,2017, July, Thursday,16:20,60, Wet, N, Daylight, Rear End, Minor Injury, N, N
AUS,2,0,0,0,2017, July, Thursday,17:40,50, Wet, Y, Night, Right Angle, Not Injured, N, N
AUS,2,0,0,0,2017, July, Thursday,16:10,60, Wet, Y, Daylight, Rear End, Not Injured, N, N
AUS,2,0,0,1,2017, July, Thursday,12:40,60, Dry, N, Daylight, Right Angle, Minor Injury, N, N
AUS,2,0,0,0,2017, July, Thursday,20:30,50, Wet, N, Night, Hit Fixed Object, Not Injured, N, N
AUS,2,0,0,0,2017, July, Friday,2:30,80, Wet, Y, Night, Hit Fixed Object, Not Injured, N, N
AUS,3,0,0,0,2017, July, Sunday,6:00,60, Wet, N, Night, Hit Fixed Object, Not Injured, N, N
AUS,2,0,0,0,2017, July, Wednesday,9:00,50, Dry, N, Daylight, Rear End, Not Injured, N, N
AUS,2,0,0,0,2017, July, Thursday,19:30,50, Wet, N, Night, Right Angle, Not Injured, N, N
AUS,3,0,0,0,2017, July, Friday,8:40,70, Wet, N, Daylight, Rear End, Not Injured, N, N
AUS,2,0,0,1,2017, July, Thursday,15:30,60, Wet, Y, Daylight, Rear End, Minor Injury, N, N
AUS,3,0,0,0,2017, July, Friday,8:30,60, Dry, N, Daylight, Rear End, Not Injured, N, N
AUS,2,0,0,0,2017, July, Sunday,16:40,60, Wet, N, Daylight, Rear End, Not Injured, N, N
AUS,2,0,1,0,2017, July, Friday,10:40,50, Dry, N, Daylight, Hit Pedestrian, Major Injury, N, N
AUS,2,1,1,0,2017, July, Friday,3:50,50, Wet, Y, Night, Hit Fixed Object, Fatal, N, Y
AUS,2,0,0,0,2017, July, Thursday,21:50,50, Wet, N, Night, Hit Fixed Object, Not Injured, N, N
AUS,2,0,0,0,2017, July, Friday,12:40,50, Dry, N, Daylight, Right Angle, Not Injured, N, N
AUS,2,0,0,0,2017, July, Thursday,12:40,80, Dry, N, Daylight, Rear End, Not Injured, N, N
AUS,2,0,0,0,2017, July, Friday,0:00,50, Dry, N, Daylight, Right Angle, Not Injured, N, Y
AUS,2,0,0,0,2017, July, Thursday,14:30,50, Wet, Y, Daylight, Hit Fixed Object, Not Injured, N, N
AUS,2,0,0,0,2017, July, Friday,13:00,60, Dry, N, Daylight, Rear End, Not Injured, N, N
AUS,2,0,0,0,2017, July, Friday,13:30,60, Dry, N, Daylight, Side Swipe, Not Injured, N, N
AUS,2,0,0,0,2017, July, Friday,12:20,80, Dry, N, Daylight, Rear End, Not Injured, N, N
AUS,2,0,0,0,2017, July, Friday,13:20,60, Dry, N, Daylight, Right Angle, Not Injured, N, N
AUS,2,0,0,1,2017, July, Friday,13:40,100, Dry, N, Daylight, Hit Fixed Object, Minor Injury, N, N
AUS,2,0,0,0,2017, July, Thursday,16:30,50, Dry, N, Daylight, Side Swipe, Not Injured, N, N
AUS,2,0,0,1,2017, July, Friday,16:00,80, Dry, N, Daylight, Hit Fixed Object, Minor Injury, N, N
AUS,4,0,0,1,2017, July, Friday,15:20,60, Dry, N, Daylight, Rear End, Minor Injury, N, N
AUS,2,0,0,0,2017, July, Friday,15:30,60, Dry, N, Daylight, Rear End, Not Injured, N, N
AUS,2,0,1,0,2017, July, Friday,7:40,110, Dry, N, Daylight, Hit Fixed Object, Major Injury, N, N
AUS,2,0,0,0,2017, July, Friday,17:30,60, Dry, N, Daylight, Right Angle, Not Injured, N, N
AUS,2,0,0,0,2017, July, Friday,18:50,60, Dry, N, Night, Right Angle, Not Injured, N, N
AUS,2,0,0,0,2017, July, Friday,18:20,80, Dry, N, Night, Rear End, Not Injured, N, N
AUS,2,0,0,0,2017, July, Friday,8:50,80, Dry, N, Daylight, Rear End, Not Injured, N, N
AUS,2,0,0,0,2017, July, Friday,14:00,60, Dry, N, Daylight, Side Swipe, Not Injured, N, N
AUS,4,0,0,0,2017, July, Friday,18:50,80, Dry, N, Night, Hit Fixed Object, Not Injured, N, N
AUS,2,0,0,0,2017, July, Friday,20:40,60, Dry, N, Night, Right Angle, Not Injured, N, N
AUS,2,0,0,0,2017, July, Friday,19:10,60, Dry, N, Night, Side Swipe, Not Injured, N, N
AUS,2,0,1,0,2017, July, Friday,21:20,50, Dry, N, Night, Hit Pedestrian, Major Injury, Y, N
AUS,2,0,0,1,2017, July, Friday,11:00,60, Dry, N, Daylight, Rear End, Minor Injury, N, N
AUS,3,0,0,0,2017, July, Saturday,10:50,60, Dry, N, Daylight, Right Angle, Not Injured, N, N
AUS,3,0,0,0,2017, July, Saturday,12:20,60, Dry, N, Daylight, Rear End, Not Injured, N, N
AUS,2,0,0,1,2017, July, Friday,7:50,60, Dry, N, Daylight, Rear End, Minor Injury, N, N
AUS,2,0,0,0,2017, July, Saturday,12:00,50, Dry, N, Daylight, Hit Fixed Object, Not Injured, N, N
AUS,2,0,0,1,2017, July, Saturday,12:00,80, Dry, N, Daylight, Rear End, Minor Injury, N, N
AUS,2,0,0,0,2017, July, Saturday,12:30,70, Dry, N, Daylight, Rear End, Not Injured, N, N
AUS,2,0,0,0,2017, July, Saturday,13:00,50, Dry, N, Daylight, Hit Fixed Object, Not Injured, N, N
AUS,2,0,0,0,2017, July, Saturday,14:30,80, Dry, N, Daylight, Side Swipe, Not Injured, N, N
AUS,2,0,1,0,2017, July, Thursday,17:20,80, Dry, N, Daylight, Hit Fixed Object, Major Injury, N, N
AUS,2,0,0,1,2017, July, Saturday,15:00,60, Wet, Y, Daylight, Right Angle, Minor Injury, N, N
AUS,2,0,0,1,2017, July, Saturday,12:00,90, Dry, N, Daylight, Hit Fixed Object, Minor Injury, N, N
AUS,2,0,0,0,2017, July, Saturday,17:30,60, Wet, Y, Daylight, Hit Fixed Object, Not Injured, N, N
AUS,3,0,0,0,2017, July, Saturday,16:20,60, Wet, Y, Daylight, Rear End, Not Injured, N, N
AUS,2,0,0,0,2017, July, Saturday,16:30,60, Wet, Y, Daylight, Side Swipe, Not Injured, N, N
AUS,2,0,0,0,2017, July, Saturday,16:10,80, Wet, Y, Daylight, Hit Fixed Object, Not Injured, N, N
AUS,2,0,0,0,2017, July, Saturday,15:00,60, Dry, N, Daylight, Rear End, Not Injured, N, N
AUS,2,0,0,0,2017, July, Saturday,17:00,50, Wet, N, Daylight, Hit Fixed Object, Not Injured, N, N
AUS,2,0,0,1,2017, July, Saturday,16:20,100, Wet, Y, Daylight, Hit Fixed Object, Minor Injury, N, N
AUS,2,0,0,7,2017, July, Saturday,20:30,60, Wet, Y, Night, Right Angle, Minor Injury, N, N
AUS,2,0,0,1,2017, July, Saturday,21:40,80, Wet, Y, Night, Hit Fixed Object, Minor Injury, N, N
AUS,2,0,0,0,2017, July, Saturday,23:30,50, Wet, N, Night, Right Angle, Not Injured, N, N
AUS,2,0,0,0,2017, July, Sunday,1:30,50, Wet, N, Night, Hit Fixed Object, Not Injured, Y, N
AUS,2,0,0,0,2017, July, Sunday,8:50,60, Wet, N, Daylight, Hit Fixed Object, Not Injured, N, N
AUS,2,0,0,1,2017, July, Saturday,9:00,50, Dry, N, Daylight, Hit Pedestrian, Minor Injury, N, N
AUS,2,0,0,0,2017, July, Sunday,10:00,60, Dry, N, Daylight, Right Angle, Not Injured, N, N
AUS,2,0,0,0,2017, July, Sunday,11:40,60, Dry, N, Daylight, Rear End, Not Injured, N, N
AUS,2,0,1,0,2017, July, Sunday,0:00,90, Dry, N, Daylight, Rear End, Major Injury, N, N
AUS,2,0,0,0,2017, July, Sunday,11:50,60, Dry, N, Daylight, Head On, Not Injured, N, N
AUS,2,0,0,0,2017, July, Sunday,14:30,60, Dry, N, Daylight, Right Angle, Not Injured, N, N
AUS,2,0,0,1,2017, July, Sunday,12:50,60, Dry, N, Daylight, Rear End, Minor Injury, N, N
AUS,2,0,0,2,2017, July, Sunday,13:00,110, Wet, N, Daylight, Hit Fixed Object, Minor Injury, N, N
AUS,2,0,0,0,2017, July, Sunday,16:50,50, Dry, N, Daylight, Right Angle, Not Injured, N, N
AUS,3,0,0,0,2017, July, Sunday,18:00,60, Dry, N, Night, Rear End, Not Injured, N, N
AUS,2,0,0,0,2017, July, Saturday,21:00,60, Wet, Y, Night, Rear End, Not Injured, N, N
AUS,2,0,0,0,2017, July, Sunday,17:20,50, Dry, N, Daylight, Hit Fixed Object, Not Injured, N, N
AUS,3,0,0,0,2017, July, Sunday,1:00,100, Dry, N, Night, Hit Fixed Object, Not Injured, Y, N
AUS,2,0,0,0,2017, July, Sunday,23:00,60, Dry, N, Night, Hit Fixed Object, Not Injured, N, N
AUS,2,0,0,0,2017, July, Monday,1:00,50, Dry, N, Night, Hit Fixed Object, Not Injured, N, N
AUS,2,0,0,1,2017, July, Monday,5:50,60, Wet, Y, Night, Rear End, Minor Injury, N, N
AUS,2,0,0,1,2017, July, Friday,13:40,80, Dry, N, Daylight, Rear End, Minor Injury, N, N
AUS,3,0,0,0,2017, July, Monday,7:50,90, Wet, Y, Daylight, Rear End, Not Injured, N, N
AUS,2,0,0,0,2017, July, Sunday,16:50,60, Dry, N, Daylight, Hit Fixed Object, Not Injured, N, N
AUS,3,0,0,1,2017, July, Monday,8:20,60, Wet, Y, Daylight, Rear End, Minor Injury, N, N
AUS,2,0,0,0,2017, July, Sunday,18:30,60, Wet, N, Night, Right Angle, Not Injured, N, N
AUS,3,0,0,0,2017, July, Monday,8:40,60, Wet, Y, Daylight, Rear End, Not Injured, N, N
AUS,2,0,0,0,2017, July, Monday,7:50,60, Wet, Y, Daylight, Right Angle, Not Injured, N, N
AUS,3,0,0,0,2017, July, Monday,7:00,60, Wet, Y, Night, Hit Fixed Object, Not Injured, N, N
AUS,2,0,0,0,2017, July, Monday,9:20,60, Dry, N, Daylight, Side Swipe, Not Injured, N, N
AUS,2,0,0,1,2017, July, Monday,10:30,60, Wet, Y, Daylight, Right Angle, Minor Injury, N, N
AUS,2,0,0,0,2017, July, Monday,8:10,90, Dry, N, Daylight, Side Swipe, Not Injured, N, N
AUS,2,0,0,0,2017, July, Monday,9:40,60, Dry, N, Daylight, Side Swipe, Not Injured, N, N
AUS,2,0,0,0,2017, July, Monday,8:00,50, Wet, N, Daylight, Side Swipe, Not Injured, N, N
AUS,2,0,0,0,2017, July, Friday,8:20,60, Dry, N, Daylight, Side Swipe, Not Injured, N, N
AUS,2,0,0,0,2017, July, Monday,12:20,50, Dry, N, Daylight, Right Angle, Not Injured, N, N
AUS,2,0,0,1,2017, July, Sunday,14:00,60, Dry, N, Daylight, Rear End, Minor Injury, N, N
AUS,2,0,0,0,2017, July, Monday,14:50,80, Dry, N, Daylight, Rear End, Not Injured, N, N
AUS,2,0,0,0,2017, July, Monday,14:50,80, Dry, N, Daylight, Rear End, Not Injured, N, N
AUS,4,0,0,1,2017, July, Monday,15:40,60, Dry, N, Daylight, Rear End, Minor Injury, N, Y
AUS,2,0,0,1,2017, July, Monday,14:50,60, Wet, N, Daylight, Side Swipe, Minor Injury, N, N
AUS,2,0,0,0,2017, July, Monday,15:30,60, Dry, N, Daylight, Right Angle, Not Injured, N, N
AUS,2,0,0,1,2017, July, Thursday,18:20,60, Dry, N, Night, Rear End, Minor Injury, N, N
AUS,2,0,0,1,2017, July, Monday,14:30,60, Wet, Y, Daylight, Rear End, Minor Injury, N, N
AUS,2,0,0,1,2017, July, Monday,18:40,110, Dry, N, Night, Hit Fixed Object, Minor Injury, N, N
AUS,2,0,0,0,2017, July, Monday,16:20,60, Dry, N, Daylight, Right Angle, Not Injured, N, N
AUS,2,0,0,0,2017, July, Monday,20:30,60, Wet, Y, Night, Hit Fixed Object, Not Injured, N, N
AUS,2,0,0,0,2017, July, Monday,5:30,80, Wet, Y, Night, Hit Fixed Object, Not Injured, N, N
AUS,3,0,0,1,2017, July, Monday,20:40,50, Dry, N, Night, Right Angle, Minor Injury, N, N
AUS,2,0,0,0,2017, July, Monday,7:50,60, Wet, Y, Daylight, Hit Fixed Object, Not Injured, N, N
AUS,2,0,0,1,2017, August, Tuesday,8:20,60, Dry, N, Daylight, Right Angle, Minor Injury, N, N
AUS,2,0,0,1,2017, July, Monday,11:20,60, Dry, N, Daylight, Rear End, Minor Injury, N, N
AUS,2,0,0,0,2017, August, Tuesday,7:00,110, Wet, Y, Night, Right Angle, Not Injured, N, N
AUS,2,0,0,0,2017, August, Tuesday,8:40,60, Dry, N, Daylight, Rear End, Not Injured, N, N
AUS,2,0,0,1,2017, August, Tuesday,7:50,70, Dry, N, Daylight, Rear End, Minor Injury, N, N
AUS,2,0,0,1,2017, August, Tuesday,8:50,50, Dry, N, Daylight, Right Angle, Minor Injury, N, N