Nation,Total Units,Total Fatalities,Total Serious Injuries,Total Minor Injuries,Year,Month,Day,Time,Speed Limit,Moisture,Adverse Weather Conditions,DayNight,Crash Type,Crash Severity,Alcohol Related ,Drug Related
AUS,3,0,0,0,2017, August, Tuesday,6:30,60, Dry, N, Night, Rear End, Not Injured, N, N
AUS,2,0,0,0,2017, June, Saturday,0:20,50, Dry, N, Night, Hit Fixed Object, Not Injured, Y, N
AUS,2,0,0,0,2017, July, Monday,10:20,60, Dry, N, Daylight, Hit Pedestrian, Not Injured, N, N
AUS,2,0,0,1,2017, August, Tuesday,8:20,60, Dry, N, Daylight, Rear End, Minor Injury, N, N
AUS,2,0,0,0,2017, July, Monday,17:50,90, Dry, N, Night, Hit Fixed Object, Not Injured, N, N
AUS,2,0,0,0,2017, August, Tuesday,11:50,50, Dry, N, Daylight, Right Angle, Not Injured, N, N
AUS,3,0,0,0,2017, July, Saturday,13:00,50, Dry, N, Daylight, Hit Fixed Object, Not Injured, N, N
AUS,3,0,0,0,2017, August, Tuesday,8:40,60, Dry, N, Daylight, Rear End, Not Injured, N, N
AUS,2,0,0,1,2017, July, Monday,16:10,50, Dry, N, Daylight, Side Swipe, Minor Injury, N, N
AUS,2,0,0,1,2017, August, Tuesday,12:30,70, Dry, N, Daylight, Rear End, Minor Injury, N, N
AUS,2,0,0,1,2017, August, Tuesday,12:30,50, Dry, N, Daylight, Rear End, Minor Injury, N, N
AUS,2,0,0,1,2017, July, Friday,9:10,90, Dry, N, Daylight, Hit Fixed Object, Minor Injury, N, N
AUS,3,0,0,1,2017, August, Tuesday,15:20,50, Dry, N, Daylight, Right Angle, Minor Injury, N, N
AUS,2,0,0,1,2017, August, Tuesday,13:40,60, Dry, N, Daylight, Rear End, Minor Injury, N, N
AUS,2,0,0,1,2017, August, Tuesday,11:00,110, Dry, N, Daylight, Head On, Minor Injury, N, N
AUS,2,0,0,1,2017, August, Tuesday,16:20,60, Dry, N, Daylight, Right Angle, Minor Injury, N, N
AUS,2,0,0,0,2017, August, Tuesday,16:50,50, Dry, N, Daylight, Right Angle, Not Injured, N, N
AUS,2,0,0,0,2017, August, Tuesday,16:30,60, Dry, N, Daylight, Rear End, Not Injured, N, N
AUS,2,0,0,0,2017, August, Tuesday,15:30,80, Dry, N, Daylight, Head On, Not Injured, N, N
AUS,2,0,0,1,2017, August, Tuesday,17:00,50, Dry, N, Daylight, Right Angle, Minor Injury, N, N
AUS,2,0,0,0,2017, August, Tuesday,19:20,70, Dry, N, Night, Rear End, Not Injured, N, N
AUS,2,0,0,0,2017, August, Tuesday,20:10,60, Dry, N, Night, Rear End, Not Injured, N, N
AUS,2,0,0,0,2017, July, Monday,9:20,50, Wet, N, Daylight, Rear End, Not Injured, N, N
AUS,2,0,1,1,2017, August, Tuesday,18:20,60, Dry, N, Night, Rear End, Major Injury, N, N
AUS,3,1,0,1,2017, August, Tuesday,19:10,90, Dry, N, Night, Head On, Fatal, N, N
AUS,2,0,0,0,2017, August, Tuesday,21:00,60, Dry, N, Night, Rear End, Not Injured, Y, N
AUS,2,0,0,0,2017, July, Saturday,2:30,110, Dry, N, Night, Hit Fixed Object, Not Injured, Y, N
AUS,3,0,0,0,2017, August, Wednesday,2:10,60, Dry, N, Night, Hit Fixed Object, Not Injured, Y, N
AUS,2,0,0,1,2017, August, Wednesday,7:40,60, Dry, N, Daylight, Rear End, Minor Injury, N, N
AUS,2,0,0,1,2017, July, Monday,8:00,60, Dry, N, Daylight, Rear End, Minor Injury, N, N
AUS,2,0,0,1,2017, August, Wednesday,8:30,50, Dry, N, Daylight, Hit Pedestrian, Minor Injury, N, N
AUS,4,0,0,0,2017, August, Wednesday,7:00,90, Dry, N, Night, Rear End, Not Injured, N, N
AUS,2,0,0,0,2017, August, Wednesday,7:40,40, Dry, N, Daylight, Right Angle, Not Injured, N, N
AUS,2,0,0,2,2017, August, Tuesday,6:50,60, Dry, N, Night, Rear End, Minor Injury, N, N
AUS,2,0,0,0,2017, August, Tuesday,21:00,50, Dry, N, Night, Hit Fixed Object, Not Injured, N, N
AUS,3,0,0,0,2017, August, Wednesday,8:00,70, Dry, N, Daylight, Rear End, Not Injured, N, N
AUS,2,0,0,1,2017, August, Tuesday,17:20,70, Dry, N, Daylight, Rear End, Minor Injury, N, N
AUS,2,0,0,0,2017, August, Wednesday,10:00,60, Dry, N, Daylight, Rear End, Not Injured, N, N
AUS,2,0,0,0,2017, August, Wednesday,7:30,90, Dry, N, Daylight, Rear End, Not Injured, N, N
AUS,2,0,0,0,2017, August, Wednesday,12:20,60, Dry, N, Daylight, Side Swipe, Not Injured, N, N
AUS,2,0,0,0,2017, August, Tuesday,13:20,110, Dry, N, Daylight, Rear End, Not Injured, N, N
AUS,2,0,0,0,2017, August, Wednesday,0:00,60, Dry, N, Daylight, Right Angle, Not Injured, N, N
AUS,2,1,0,0,2017, August, Wednesday,13:20,60, Dry, N, Daylight, Hit Fixed Object, Fatal, N, N
AUS,2,0,0,0,2017, August, Wednesday,13:50,40, Dry, N, Daylight, Side Swipe, Not Injured, N, N
AUS,2,0,0,0,2017, August, Wednesday,17:10,60, Dry, N, Daylight, Right Angle, Not Injured, N, N
AUS,2,0,0,0,2017, August, Wednesday,16:30,60, Wet, N, Daylight, Side Swipe, Not Injured, N, N
AUS,2,0,0,0,2017, August, Wednesday,6:30,60, Wet, Y, Night, Side Swipe, Not Injured, N, N
AUS,2,0,0,0,2017, August, Wednesday,14:10,50, Dry, N, Daylight, Hit Pedestrian, Not Injured, N, N
AUS,2,0,0,2,2017, July, Monday,19:00,100, Dry, N, Night, Hit Fixed Object, Minor Injury, N, N
AUS,2,0,0,0,2017, August, Wednesday,14:20,60, Dry, N, Daylight, Rear End, Not Injured, N, N
AUS,2,0,0,1,2017, August, Wednesday,16:00,90, Dry, N, Daylight, Rear End, Minor Injury, N, N
AUS,2,0,0,0,2017, August, Wednesday,16:00,80, Wet, Y, Daylight, Side Swipe, Not Injured, N, N
AUS,5,0,0,0,2017, August, Wednesday,17:50,60, Dry, N, Night, Rear End, Not Injured, N, N
AUS,2,0,0,0,2017, August, Wednesday,18:20,70, Dry, N, Night, Rear End, Not Injured, N, N
AUS,2,0,0,0,2017, August, Wednesday,16:50,70, Dry, N, Daylight, Rear End, Not Injured, N, N
AUS,3,0,0,0,2017, August, Wednesday,18:00,110, Wet, Y, Night, Side Swipe, Not Injured, N, N
AUS,2,0,0,0,2017, August, Wednesday,22:30,50, Wet, Y, Night, Hit Fixed Object, Not Injured, N, N
AUS,2,0,0,1,2017, August, Thursday,8:30,50, Wet, N, Daylight, Right Angle, Minor Injury, N, N
AUS,2,0,0,0,2017, August, Thursday,6:20,80, Wet, Y, Night, Rear End, Not Injured, N, N
AUS,2,0,0,0,2017, August, Thursday,8:50,60, Dry, N, Daylight, Right Angle, Not Injured, N, N
AUS,2,0,0,0,2017, August, Thursday,8:10,80, Wet, Y, Daylight, Right Angle, Not Injured, N, N
AUS,2,0,0,1,2017, August, Wednesday,21:00,50, Wet, N, Night, Hit Pedestrian, Minor Injury, N, N
AUS,2,0,0,0,2017, August, Thursday,8:30,60, Dry, N, Daylight, Side Swipe, Not Injured, N, N
AUS,2,0,0,0,2017, August, Thursday,6:30,80, Wet, Y, Night, Rear End, Not Injured, N, N
AUS,2,0,0,0,2017, August, Thursday,11:00,60, Dry, N, Daylight, Right Angle, Not Injured, N, N
AUS,2,0,0,0,2017, August, Thursday,9:40,60, Wet, N, Daylight, Head On, Not Injured, N, N
AUS,2,0,0,0,2017, August, Thursday,12:40,60, Dry, N, Daylight, Hit Fixed Object, Not Injured, N, N
AUS,2,0,0,1,2017, July, Sunday,12:30,60, Dry, N, Daylight, Rear End, Minor Injury, N, N
AUS,2,0,0,1,2017, July, Saturday,2:00,50, Dry, N, Night, Right Angle, Minor Injury, N, N
AUS,2,0,0,0,2017, August, Thursday,15:50,60, Dry, N, Daylight, Right Angle, Not Injured, N, N
AUS,2,0,0,0,2017, August, Thursday,15:10,60, Dry, N, Daylight, Rear End, Not Injured, N, N
AUS,2,0,0,0,2017, August, Thursday,17:20,60, Dry, N, Daylight, Right Angle, Not Injured, N, N
AUS,3,0,0,0,2017, August, Thursday,15:40,80, Dry, N, Daylight, Right Angle, Not Injured, N, N
AUS,3,0,0,0,2017, August, Wednesday,20:50,50, Wet, Y, Night, Hit Fixed Object, Not Injured, N, N
AUS,2,0,0,0,2017, August, Thursday,18:30,60, Dry, N, Night, Rear End, Not Injured, N, N
AUS,2,0,0,0,2017, August, Thursday,15:00,50, Dry, N, Daylight, Right Angle, Not Injured, N, N
AUS,2,0,0,1,2017, August, Thursday,18:50,60, Dry, N, Night, Rear End, Minor Injury, N, N
AUS,2,0,0,0,2017, August, Thursday,11:00,60, Dry, N, Daylight, Rear End, Not Injured, N, N
AUS,2,0,0,0,2017, August, Friday,2:00,50, Dry, N, Night, Hit Fixed Object, Not Injured, N, N
AUS,2,0,0,1,2017, August, Friday,8:20,60, Dry, N, Daylight, Rear End, Minor Injury, N, N
AUS,2,0,0,0,2017, August, Thursday,16:10,80, Dry, N, Daylight, Rear End, Not Injured, N, N
AUS,2,0,0,0,2017, August, Friday,0:10,110, Dry, N, Night, Hit Fixed Object, Not Injured, N, N
AUS,2,0,0,0,2017, August, Thursday,15:30,50, Dry, N, Daylight, Right Angle, Not Injured, N, N
AUS,2,0,0,0,2017, August, Thursday,10:40,60, Dry, N, Daylight, Side Swipe, Not Injured, N, N
AUS,6,0,1,0,2017, August, Friday,8:30,50, Dry, N, Daylight, Right Angle, Major Injury, N, N
AUS,2,0,0,0,2017, August, Friday,10:20,50, Wet, N, Daylight, Right Angle, Not Injured, N, N
AUS,3,0,0,0,2017, August, Friday,10:30,60, Dry, N, Daylight, Rear End, Not Injured, N, N
AUS,2,0,0,0,2017, August, Friday,9:00,60, Dry, N, Daylight, Rear End, Not Injured, N, N
AUS,2,0,0,0,2017, August, Friday,10:00,50, Wet, N, Daylight, Side Swipe, Not Injured, N, N
AUS,2,0,0,0,2017, August, Thursday,7:20,50, Dry, N, Daylight, Right Angle, Not Injured, N, N
AUS,2,0,0,1,2017, August, Friday,10:20,50, Wet, N, Daylight, Hit Pedestrian, Minor Injury, N, N
AUS,2,0,0,0,2017, August, Friday,10:40,50, Wet, N, Daylight, Hit Fixed Object, Not Injured, N, N
AUS,2,0,0,0,2017, August, Tuesday,12:50,50, Dry, N, Daylight, Hit Fixed Object, Not Injured, N, N
AUS,2,0,0,0,2017, August, Friday,12:40,70, Dry, N, Daylight, Rear End, Not Injured, N, N
AUS,2,0,0,0,2017, August, Thursday,16:50,50, Dry, N, Daylight, Rear End, Not Injured, N, N
AUS,3,0,0,1,2017, August, Friday,14:50,90, Wet, Y, Daylight, Side Swipe, Minor Injury, N, N
AUS,2,0,0,0,2017, August, Thursday,20:30,60, Dry, N, Night, Right Angle, Not Injured, N, N
AUS,2,0,0,0,2017, August, Friday,16:00,70, Wet, Y, Daylight, Hit Fixed Object, Not Injured, N, N
AUS,2,0,0,0,2017, August, Friday,14:50,80, Wet, Y, Daylight, Rear End, Not Injured, N, N
AUS,3,0,0,0,2017, August, Friday,10:30,60, Wet, N, Daylight, Rear End, Not Injured, N, N
AUS,2,0,0,0,2017, August, Friday,15:50,60, Wet, Y, Daylight, Hit Fixed Object, Not Injured, N, N
AUS,3,0,0,0,2017, August, Friday,15:10,80, Wet, Y, Daylight, Hit Fixed Object, Not Injured, N, N
AUS,2,0,0,1,2017, August, Friday,16:30,50, Wet, N, Daylight, Head On, Minor Injury, N, Y
AUS,3,0,0,1,2017, August, Friday,15:50,80, Wet, Y, Daylight, Rear End, Minor Injury, N, N
AUS,2,0,0,0,2017, August, Friday,16:00,60, Wet, Y, Daylight, Side Swipe, Not Injured, N, N
AUS,2,0,0,0,2017, August, Friday,16:30,90, Wet, Y, Daylight, Hit Fixed Object, Not Injured, N, N
AUS,3,0,0,0,2017, August, Friday,17:20,60, Wet, Y, Daylight, Hit Fixed Object, Not Injured, N, N
AUS,3,0,0,0,2017, August, Friday,16:50,70, Wet, N, Daylight, Rear End, Not Injured, N, N
AUS,3,0,0,0,2017, August, Friday,17:30,60, Wet, Y, Daylight, Rear End, Not Injured, N, N
AUS,2,0,0,0,2017, August, Friday,15:40,50, Wet, Y, Daylight, Rear End, Not Injured, N, N
AUS,2,0,0,0,2017, August, Friday,17:10,50, Dry, N, Daylight, Side Swipe, Not Injured, N, N
AUS,2,0,0,1,2017, August, Thursday,21:00,50, Dry, N, Night, Right Angle, Minor Injury, N, N
AUS,2,0,0,0,2017, August, Friday,18:20,60, Wet, Y, Night, Hit Fixed Object, Not Injured, N, N
AUS,2,0,0,0,2017, August, Friday,18:00,50, Wet, Y, Night, Hit Fixed Object, Not Injured, N, N
AUS,2,0,0,0,2017, August, Friday,18:30,100, Wet, Y, Night, Rear End, Not Injured, N, N
AUS,2,0,0,0,2017, August, Friday,17:00,80, Wet, N, Daylight, Rear End, Not Injured, N, N
AUS,2,0,0,0,2017, August, Friday,16:30,60, Wet, Y, Daylight, Right Angle, Not Injured, N, N
AUS,3,0,0,0,2017, August, Friday,19:00,50, Wet, Y, Night, Side Swipe, Not Injured, N, N
AUS,2,0,0,0,2017, August, Friday,23:30,60, Wet, N, Night, Hit Fixed Object, Not Injured, N, N
AUS,2,0,0,0,2017, August, Saturday,1:10,50, Wet, Y, Night, Hit Fixed Object, Not Injured, N, N
AUS,2,0,0,0,2017, August, Saturday,8:50,80, Wet, N, Daylight, Hit Fixed Object, Not Injured, N, N
AUS,2,0,0,0,2017, August, Friday,21:50,60, Dry, N, Night, Side Swipe, Not Injured, N, N
AUS,2,0,0,0,2017, August, Saturday,11:20,60, Dry, N, Daylight, Rear End, Not Injured, N, N
AUS,2,0,0,0,2017, August, Friday,11:30,110, Dry, N, Daylight, Side Swipe, Not Injured, N, N
AUS,2,0,0,0,2017, August, Thursday,15:50,60, Dry, N, Daylight, Rear End, Not Injured, N, N
AUS,2,0,0,0,2017, August, Saturday,13:00,60, Dry, N, Daylight, Right Angle, Not Injured, N, N
AUS,2,0,0,0,2017, August, Saturday,13:40,50, Dry, N, Daylight, Right Angle, Not Injured, N, N
AUS,2,0,0,1,2017, August, Thursday,20:00,50, Dry, N, Night, Hit Pedestrian, Minor Injury, N, N
AUS,3,0,0,2,2017, August, Saturday,11:00,50, Dry, N, Daylight, Rear End, Minor Injury, N, N
AUS,2,0,0,0,2017, August, Friday,9:10,50, Dry, N, Daylight, Right Angle, Not Injured, N, N
AUS,2,0,0,0,2017, August, Saturday,15:10,50, Dry, N, Daylight, Right Angle, Not Injured, N, N
AUS,2,0,0,0,2017, August, Saturday,14:50,50, Dry, N, Daylight, Right Angle, Not Injured, N, N
AUS,2,0,0,0,2017, August, Saturday,15:50,110, Wet, Y, Daylight, Head On, Not Injured, N, N
AUS,2,0,0,2,2017, August, Friday,18:30,70, Wet, N, Night, Rear End, Minor Injury, N, N
AUS,3,0,0,1,2017, August, Saturday,12:10,60, Dry, N, Daylight, Rear End, Minor Injury, N, N
AUS,2,0,0,0,2017, August, Saturday,18:20,60, Wet, Y, Night, Right Angle, Not Injured, N, N
AUS,2,0,0,0,2017, August, Saturday,22:00,60, Wet, Y, Night, Right Angle, Not Injured, N, N
AUS,2,0,0,1,2017, August, Saturday,22:10,50, Wet, Y, Night, Side Swipe, Minor Injury, N, N
AUS,2,0,0,0,2017, August, Sunday,1:00,60, Wet, Y, Night, Hit Fixed Object, Not Injured, N, N
AUS,2,0,0,1,2017, August, Saturday,13:00,100, Dry, N, Daylight, Head On, Minor Injury, N, N
AUS,4,0,0,1,2017, August, Saturday,12:30,60, Dry, N, Daylight, Rear End, Minor Injury, N, N
AUS,2,0,0,1,2017, August, Sunday,7:30,100, Wet, Y, Daylight, Hit Fixed Object, Minor Injury, N, N
AUS,2,0,0,0,2017, August, Sunday,8:30,60, Wet, Y, Daylight, Hit Fixed Object, Not Injured, N, N
AUS,2,0,0,1,2017, August, Sunday,11:50,60, Dry, N, Daylight, Rear End, Minor Injury, N, N
AUS,2,0,0,1,2017, August, Sunday,10:10,80, Wet, Y, Daylight, Hit Fixed Object, Minor Injury, N, Y
AUS,2,0,0,0,2017, August, Sunday,10:00,110, Wet, Y, Daylight, Hit Fixed Object, Not Injured, N, N
AUS,2,0,0,0,2017, August, Saturday,22:40,80, Wet, Y, Night, Hit Fixed Object, Not Injured, N, N
AUS,3,0,0,0,2017, August, Saturday,20:20,100, Wet, Y, Night, Hit Fixed Object, Not Injured, N, N
AUS,2,0,0,0,2017, August, Saturday,20:40,50, Wet, Y, Night, Hit Fixed Object, Not Injured, N, N
AUS,2,0,0,0,2017, August, Saturday,20:20,60, Wet, Y, Night, Side Swipe, Not Injured, N, N
AUS,2,0,0,0,2017, August, Sunday,15:10,80, Wet, Y, Daylight, Rear End, Not Injured, Y, N
AUS,2,0,0,1,2017, August, Sunday,16:00,100, Wet, Y, Daylight, Hit Fixed Object, Minor Injury, N, Y
AUS,2,0,0,0,2017, August, Sunday,19:30,90, Wet, Y, Night, Hit Fixed Object, Not Injured, N, N
AUS,2,0,0,0,2017, August, Sunday,21:20,50, Dry, N, Night, Head On, Not Injured, N, N
AUS,2,0,0,1,2017, August, Sunday,19:40,50, Dry, N, Night, Right Angle, Minor Injury, N, N
AUS,2,0,0,0,2017, August, Sunday,5:20,50, Wet, N, Night, Hit Fixed Object, Not Injured, N, N
AUS,2,0,0,1,2017, August, Monday,1:00,110, Wet, N, Night, Hit Fixed Object, Minor Injury, N, N
AUS,3,0,0,0,2017, August, Sunday,7:40,50, Wet, Y, Daylight, Hit Fixed Object, Not Injured, N, N
AUS,3,0,0,0,2017, August, Monday,7:50,60, Dry, N, Daylight, Rear End, Not Injured, N, N
AUS,2,0,0,0,2017, August, Monday,8:00,60, Wet, N, Daylight, Right Angle, Not Injured, N, N
AUS,2,0,0,0,2017, August, Monday,8:50,60, Wet, N, Daylight, Rear End, Not Injured, N, N
AUS,3,0,0,1,2017, August, Monday,8:20,40, Dry, N, Daylight, Right Angle, Minor Injury, N, N
AUS,3,0,0,0,2017, August, Monday,9:00,50, Dry, N, Daylight, Side Swipe, Not Injured, N, N
AUS,2,0,0,0,2017, August, Monday,9:10,50, Wet, N, Daylight, Right Angle, Not Injured, N, N
AUS,2,0,0,0,2017, August, Sunday,10:00,50, Dry, N, Daylight, Side Swipe, Not Injured, N, N
AUS,2,0,0,0,2017, August, Friday,19:30,100, Wet, Y, Night, Hit Fixed Object, Not Injured, N, N
AUS,2,0,0,2,2017, August, Monday,11:10,80, Dry, N, Daylight, Right Angle, Minor Injury, N, N
AUS,2,0,0,1,2017, August, Monday,11:10,60, Dry, N, Daylight, Rear End, Minor Injury, N, N
AUS,2,0,0,0,2017, August, Monday,10:00,90, Dry, N, Daylight, Hit Fixed Object, Not Injured, N, N
AUS,2,0,0,1,2017, August, Monday,12:00,50, Dry, N, Daylight, Hit Fixed Object, Minor Injury, N, N
AUS,2,0,0,0,2017, August, Monday,11:20,60, Dry, N, Daylight, Side Swipe, Not Injured, N, N
AUS,2,0,0,2,2017, August, Monday,9:40,100, Wet, Y, Daylight, Rear End, Minor Injury, N, N
AUS,2,0,0,0,2017, August, Saturday,18:30,110, Wet, Y, Night, Hit Fixed Object, Not Injured, N, N
AUS,2,0,0,0,2017, August, Monday,8:30,60, Dry, N, Daylight, Rear End, Not Injured, N, N
AUS,2,0,0,1,2017, August, Saturday,7:50,50, Dry, N, Daylight, Right Angle, Minor Injury, N, N
AUS,2,0,0,1,2017, August, Monday,10:10,100, Wet, Y, Daylight, Hit Fixed Object, Minor Injury, N, N
AUS,2,0,0,0,2017, August, Monday,10:30,60, Dry, N, Daylight, Rear End, Not Injured, N, N
AUS,2,0,0,0,2017, August, Monday,13:30,60, Dry, N, Daylight, Right Angle, Not Injured, N, N
AUS,2,0,0,0,2017, August, Monday,14:20,60, Dry, N, Daylight, Hit Fixed Object, Not Injured, N, N
AUS,2,0,0,0,2017, August, Monday,6:50,100, Dry, N, Night, Rear End, Not Injured, N, N
AUS,3,0,0,1,2017, August, Monday,15:30,60, Dry, N, Daylight, Rear End, Minor Injury, N, N
AUS,2,0,0,1,2017, August, Monday,15:40,50, Dry, N, Daylight, Hit Pedestrian, Minor Injury, N, N
AUS,2,0,0,0,2017, August, Monday,16:00,60, Dry, N, Daylight, Rear End, Not Injured, N, N
AUS,2,0,0,0,2017, August, Monday,15:50,50, Dry, N, Daylight, Right Angle, Not Injured, N, N
AUS,2,0,0,0,2017, August, Monday,16:50,50, Dry, N, Daylight, Side Swipe, Not Injured, N, N
AUS,2,0,0,0,2017, August, Wednesday,12:30,100, Dry, N, Daylight, Side Swipe, Not Injured, N, N
AUS,2,0,0,0,2017, August, Monday,14:30,80, Dry, N, Daylight, Hit Fixed Object, Not Injured, N, N
AUS,2,0,0,1,2017, August, Monday,18:00,50, Dry, N, Night, Rear End, Minor Injury, N, N
AUS,2,0,0,0,2017, August, Monday,16:50,50, Dry, N, Daylight, Right Angle, Not Injured, N, N
AUS,2,0,0,1,2017, August, Monday,16:00,80, Wet, N, Daylight, Right Angle, Minor Injury, N, N
AUS,2,0,0,0,2017, August, Friday,12:20,50, Wet, Y, Daylight, Right Angle, Not Injured, N, N
AUS,2,0,0,0,2017, August, Monday,16:50,50, Dry, N, Daylight, Hit Pedestrian, Not Injured, N, N
AUS,2,0,0,0,2017, August, Monday,17:30,50, Dry, N, Daylight, Hit Fixed Object, Not Injured, N, N
AUS,2,0,1,0,2017, August, Sunday,8:20,100, Wet, Y, Daylight, Head On, Major Injury, N, N
AUS,2,0,0,0,2017, August, Monday,16:10,60, Dry, N, Daylight, Right Angle, Not Injured, N, N
AUS,2,0,0,4,2017, August, Monday,15:30,60, Dry, N, Daylight, Head On, Minor Injury, N, N
AUS,2,0,0,0,2017, August, Monday,19:00,100, Wet, N, Night, Hit Fixed Object, Not Injured, N, N
AUS,3,0,0,0,2017, August, Tuesday,6:20,60, Wet, Y, Night, Rear End, Not Injured, N, N
AUS,2,0,0,0,2017, August, Tuesday,9:50,60, Dry, N, Daylight, Side Swipe, Not Injured, N, N
AUS,3,0,0,3,2017, August, Tuesday,8:50,60, Wet, Y, Daylight, Right Angle, Minor Injury, N, N
AUS,2,0,0,0,2017, August, Tuesday,10:50,70, Dry, N, Daylight, Side Swipe, Not Injured, N, N
AUS,2,0,0,1,2017, August, Tuesday,11:20,60, Dry, N, Daylight, Hit Pedestrian, Minor Injury, N, N
AUS,2,0,0,1,2017, August, Tuesday,9:50,60, Dry, N, Daylight, Side Swipe, Minor Injury, N, N
AUS,2,0,0,1,2017, August, Monday,15:00,100, Dry, N, Daylight, Hit Fixed Object, Minor Injury, N, N
AUS,2,0,0,0,2017, August, Saturday,18:30,50, Dry, N, Night, Right Angle, Not Injured, N, N
AUS,2,0,0,0,2017, August, Tuesday,8:30,50, Dry, N, Daylight, Side Swipe, Not Injured, N, N
AUS,2,0,0,0,2017, August, Monday,12:30,90, Dry, N, Daylight, Side Swipe, Not Injured, N, N
AUS,2,0,0,0,2017, August, Monday,13:10,60, Dry, N, Daylight, Right Angle, Not Injured, N, N
AUS,2,0,0,0,2017, August, Tuesday,12:30,80, Dry, N, Daylight, Rear End, Not Injured, N, N
AUS,2,0,0,0,2017, August, Tuesday,14:50,60, Dry, N, Daylight, Side Swipe, Not Injured, N, N
AUS,2,0,0,1,2017, August, Tuesday,15:30,100, Dry, N, Daylight, Rear End, Minor Injury, N, N
AUS,3,0,2,2,2017, August, Tuesday,11:20,60, Dry, N, Daylight, Right Angle, Major Injury, N, N
AUS,2,0,0,1,2017, August, Tuesday,15:30,60, Dry, N, Daylight, Rear End, Minor Injury, N, N
AUS,2,0,0,1,2017, June, Thursday,6:20,50, Dry, N, Night, Right Angle, Minor Injury, N, N
AUS,2,0,0,0,2017, August, Tuesday,17:00,60, Dry, N, Daylight, Hit Fixed Object, Not Injured, N, N
AUS,2,0,0,0,2017, August, Tuesday,17:30,50, Dry, N, Daylight, Right Angle, Not Injured, N, N
AUS,2,0,0,0,2017, August, Tuesday,17:40,50, Dry, N, Night, Right Angle, Not Injured, N, N
AUS,2,0,0,0,2017, August, Tuesday,16:20,60, Dry, N, Daylight, Side Swipe, Not Injured, N, N
AUS,2,0,0,0,2017, August, Tuesday,17:40,60, Dry, N, Night, Rear End, Not Injured, N, N
AUS,2,0,0,0,2017, August, Tuesday,19:30,60, Dry, N, Night, Right Angle, Not Injured, N, N
AUS,2,0,0,0,2017, August, Tuesday,19:30,60, Dry, N, Night, Right Angle, Not Injured, N, N
AUS,2,0,0,0,2017, August, Friday,20:30,50, Dry, N, Night, Hit Fixed Object, Not Injured, N, N
AUS,2,0,0,1,2017, August, Tuesday,14:50,70, Dry, N, Daylight, Rear End, Minor Injury, N, N
AUS,2,0,0,1,2017, August, Wednesday,5:30,80, Dry, N, Night, Side Swipe, Minor Injury, N, N
AUS,2,0,0,0,2017, August, Tuesday,10:20,50, Dry, N, Daylight, Right Angle, Not Injured, N, N
AUS,2,0,0,0,2017, August, Wednesday,8:10,50, Dry, N, Daylight, Hit Fixed Object, Not Injured, N, N
AUS,2,0,0,0,2017, August, Tuesday,14:50,60, Dry, N, Daylight, Rear End, Not Injured, N, N
AUS,2,0,0,0,2017, August, Wednesday,6:10,60, Dry, N, Night, Rear End, Not Injured, N, N
AUS,2,0,0,0,2017, August, Monday,9:40,60, Wet, Y, Daylight, Hit Fixed Object, Not Injured, N, N
AUS,2,0,0,0,2017, August, Wednesday,9:50,60, Dry, N, Daylight, Right Angle, Not Injured, N, N
AUS,3,0,0,0,2017, August, Wednesday,8:40,80, Dry, N, Daylight, Right Angle, Not Injured, N, N
AUS,2,0,0,0,2017, August, Wednesday,8:50,50, Dry, N, Daylight, Right Angle, Not Injured, N, N
AUS,2,0,0,0,2017, August, Wednesday,7:40,50, Dry, N, Daylight, Side Swipe, Not Injured, N, N
AUS,2,0,0,0,2017, August, Wednesday,9:30,50, Dry, N, Daylight, Hit Fixed Object, Not Injured, N, N
AUS,2,0,0,0,2017, August, Wednesday,11:20,50, Dry, N, Daylight, Rear End, Not Injured, N, N
AUS,2,0,0,0,2017, August, Wednesday,6:50,60, Dry, N, Night, Side Swipe, Not Injured, N, N
AUS,2,0,0,1,2017, August, Wednesday,10:30,60, Dry, N, Daylight, Hit Pedestrian, Minor Injury, N, N
AUS,2,0,0,2,2017, August, Wednesday,14:10,50, Dry, N, Daylight, Right Angle, Minor Injury, N, N
AUS,2,0,0,0,2017, August, Tuesday,16:40,60, Dry, N, Daylight, Side Swipe, Not Injured, N, N
AUS,2,0,0,0,2017, August, Wednesday,15:00,50, Dry, N, Daylight, Right Angle, Not Injured, N, N
AUS,3,0,0,0,2017, August, Wednesday,15:50,50, Dry, N, Daylight, Rear End, Not Injured, N, N
AUS,2,0,0,1,2017, August, Wednesday,15:00,80, Dry, N, Daylight, Hit Fixed Object, Minor Injury, N, N
AUS,2,0,0,0,2017, August, Sunday,10:30,60, Wet, Y, Daylight, Hit Fixed Object, Not Injured, N, N
AUS,2,0,0,0,2017, August, Wednesday,8:00,60, Dry, N, Daylight, Rear End, Not Injured, N, N
AUS,2,0,0,0,2017, August, Wednesday,16:40,60, Dry, N, Daylight, Rear End, Not Injured, N, N
AUS,2,0,0,0,2017, August, Wednesday,12:30,60, Dry, N, Daylight, Rear End, Not Injured, N, N
AUS,2,0,0,2,2017, August, Wednesday,15:40,60, Dry, N, Daylight, Right Angle, Minor Injury, N, N
AUS,2,0,0,0,2017, August, Wednesday,17:50,60, Dry, N, Night, Right Angle, Not Injured, N, N
AUS,2,0,0,0,2017, August, Wednesday,16:30,50, Dry, N, Daylight, Right Angle, Not Injured, N, N
AUS,2,0,0,0,2017, August, Thursday,9:10,60, Dry, N, Daylight, Side Swipe, Not Injured, N, N
AUS,2,0,0,0,2017, August, Thursday,8:20,80, Dry, N, Daylight, Rear End, Not Injured, N, N