Nation,Total Units,Total Fatalities,Total Serious Injuries,Total Minor Injuries,Year,Month,Day,Time,Speed Limit,Moisture,Adverse Weather Conditions,DayNight,Crash Type,Crash Severity,Alcohol Related ,Drug Related
AUS,2,0,0,0,2017, August, Saturday,10:30,50, Dry, N, Daylight, Rear End, Not Injured, N, N
AUS,2,0,0,0,2017, August, Saturday,7:00,60, Dry, N, Daylight, Right Angle, Not Injured, N, N
AUS,3,0,0,0,2017, August, Saturday,10:00,80, Dry, N, Daylight, Rear End, Not Injured, N, N
AUS,2,0,0,0,2017, August, Friday,16:10,60, Wet, Y, Daylight, Side Swipe, Not Injured, N, N
AUS,2,0,0,1,2017, August, Thursday,15:20,50, Dry, N, Daylight, Hit Pedestrian, Minor Injury, N, N
AUS,3,0,0,1,2017, August, Saturday,13:10,80, Dry, N, Daylight, Rear End, Minor Injury, N, N
AUS,2,0,0,1,2017, August, Friday,15:20,60, Dry, N, Daylight, Rear End, Minor Injury, N, N
AUS,2,0,0,0,2017, August, Friday,18:20,50, Dry, N, Night, Right Angle, Not Injured, Y, N
AUS,2,0,1,2,2017, August, Saturday,14:50,100, Dry, N, Daylight, Hit Fixed Object, Major Injury, N, N
AUS,2,0,0,1,2017, August, Friday,20:30,60, Dry, N, Night, Right Angle, Minor Injury, Y, N
AUS,2,0,0,0,2017, August, Friday,19:20,50, Dry, N, Night, Side Swipe, Not Injured, N, N
AUS,2,0,0,0,2017, August, Saturday,9:00,60, Dry, N, Daylight, Right Angle, Not Injured, N, N
AUS,3,0,0,0,2017, August, Saturday,15:00,60, Dry, N, Daylight, Rear End, Not Injured, N, N
AUS,2,0,0,0,2017, August, Saturday,17:00,50, Dry, N, Daylight, Right Angle, Not Injured, N, N
AUS,3,0,0,0,2017, August, Saturday,15:50,60, Dry, N, Daylight, Rear End, Not Injured, N, N
AUS,2,0,0,0,2017, August, Saturday,12:00,60, Dry, N, Daylight, Side Swipe, Not Injured, N, N
AUS,2,0,0,0,2017, August, Saturday,16:20,50, Dry, N, Daylight, Side Swipe, Not Injured, N, N
AUS,2,0,0,0,2017, August, Saturday,18:50,80, Dry, N, Night, Hit Fixed Object, Not Injured, N, N
AUS,3,0,0,0,2017, August, Saturday,18:30,60, Dry, N, Night, Rear End, Not Injured, N, N
AUS,2,0,0,1,2017, August, Saturday,21:10,70, Dry, N, Night, Hit Fixed Object, Minor Injury, N, N
AUS,2,0,0,0,2017, August, Sunday,2:10,60, Dry, N, Night, Hit Fixed Object, Not Injured, N, N
AUS,2,0,2,0,2017, August, Saturday,16:00,110, Dry, N, Daylight, Right Angle, Major Injury, N, N
AUS,2,0,0,0,2017, August, Sunday,8:00,40, Dry, N, Daylight, Hit Fixed Object, Not Injured, N, N
AUS,2,1,0,1,2017, August, Sunday,6:30,80, Dry, N, Night, Right Angle, Fatal, N, N
AUS,2,0,0,0,2017, August, Saturday,14:30,50, Dry, N, Daylight, Right Angle, Not Injured, N, N
AUS,2,0,1,0,2017, August, Sunday,9:40,80, Dry, N, Daylight, Hit Fixed Object, Major Injury, N, Y
AUS,2,0,0,2,2017, August, Sunday,11:40,60, Dry, N, Daylight, Rear End, Minor Injury, N, N
AUS,2,0,0,0,2017, August, Sunday,10:30,60, Dry, N, Daylight, Right Angle, Not Injured, N, N
AUS,2,0,0,0,2017, August, Sunday,11:40,90, Dry, N, Daylight, Rear End, Not Injured, N, N
AUS,2,0,0,0,2017, August, Sunday,13:50,60, Dry, N, Daylight, Right Angle, Not Injured, N, N
AUS,2,0,0,0,2017, August, Sunday,14:20,80, Dry, N, Daylight, Hit Fixed Object, Not Injured, N, N
AUS,2,0,0,0,2017, August, Sunday,13:50,80, Dry, N, Daylight, Rear End, Not Injured, N, N
AUS,2,0,0,0,2017, August, Saturday,21:30,80, Dry, N, Night, Hit Fixed Object, Not Injured, N, N
AUS,2,0,0,0,2017, August, Saturday,21:10,100, Dry, N, Night, Hit Fixed Object, Not Injured, N, N
AUS,2,0,0,0,2017, August, Sunday,16:20,50, Wet, Y, Daylight, Hit Fixed Object, Not Injured, N, N
AUS,2,0,0,1,2017, August, Sunday,17:20,60, Wet, Y, Daylight, Right Angle, Minor Injury, N, N
AUS,2,0,0,0,2017, August, Sunday,17:40,60, Wet, Y, Daylight, Right Angle, Not Injured, N, N
AUS,3,0,0,0,2017, August, Sunday,18:40,60, Wet, Y, Night, Right Angle, Not Injured, N, N
AUS,2,0,0,0,2017, August, Sunday,18:50,60, Wet, Y, Night, Hit Fixed Object, Not Injured, N, N
AUS,3,0,0,0,2017, August, Sunday,18:30,50, Wet, Y, Night, Hit Fixed Object, Not Injured, N, N
AUS,2,0,0,0,2017, August, Sunday,18:00,110, Dry, N, Night, Hit Fixed Object, Not Injured, N, N
AUS,2,0,0,0,2017, August, Sunday,15:30,100, Dry, N, Daylight, Head On, Not Injured, N, N
AUS,2,0,0,0,2017, August, Sunday,18:00,60, Wet, Y, Night, Rear End, Not Injured, N, N
AUS,2,0,0,1,2017, August, Sunday,19:30,60, Wet, Y, Night, Hit Fixed Object, Minor Injury, N, N
AUS,2,0,0,0,2017, August, Sunday,18:30,80, Wet, Y, Night, Hit Fixed Object, Not Injured, N, N
AUS,2,0,1,2,2017, August, Sunday,18:40,110, Wet, Y, Night, Head On, Major Injury, N, N
AUS,2,0,0,0,2017, August, Sunday,19:00,50, Wet, Y, Night, Hit Fixed Object, Not Injured, N, N
AUS,3,0,0,0,2017, August, Saturday,12:30,80, Dry, N, Daylight, Rear End, Not Injured, N, N
AUS,6,0,0,1,2017, August, Monday,8:00,60, Wet, Y, Daylight, Rear End, Minor Injury, N, N
AUS,2,0,0,0,2017, August, Friday,19:20,80, Wet, N, Night, Hit Fixed Object, Not Injured, N, N
AUS,2,0,1,0,2017, August, Saturday,12:50,80, Dry, N, Daylight, Rear End, Major Injury, N, N
AUS,2,0,0,0,2017, August, Monday,8:30,50, Wet, Y, Daylight, Right Angle, Not Injured, N, N
AUS,2,0,0,0,2017, August, Sunday,16:30,60, Wet, Y, Daylight, Rear End, Not Injured, N, N
AUS,2,0,0,1,2017, August, Sunday,16:30,50, Wet, Y, Daylight, Rear End, Minor Injury, N, N
AUS,2,0,0,0,2017, August, Monday,8:50,60, Dry, N, Daylight, Rear End, Not Injured, N, N
AUS,3,0,0,1,2017, August, Monday,9:00,50, Wet, Y, Daylight, Rear End, Minor Injury, N, N
AUS,2,0,0,0,2017, August, Sunday,6:30,90, Wet, Y, Night, Hit Fixed Object, Not Injured, N, N
AUS,2,0,0,0,2017, August, Monday,12:30,70, Wet, N, Daylight, Side Swipe, Not Injured, N, N
AUS,2,0,0,0,2017, August, Sunday,17:20,100, Wet, Y, Daylight, Head On, Not Injured, N, N
AUS,2,0,0,0,2017, August, Monday,8:30,60, Wet, N, Daylight, Side Swipe, Not Injured, N, N
AUS,2,0,1,2,2017, August, Sunday,10:50,60, Dry, N, Daylight, Right Angle, Major Injury, N, N
AUS,2,0,0,0,2017, August, Monday,10:50,60, Wet, N, Daylight, Side Swipe, Not Injured, N, N
AUS,2,0,0,1,2017, August, Monday,10:30,50, Wet, N, Daylight, Hit Fixed Object, Minor Injury, N, N
AUS,2,0,0,1,2017, August, Sunday,21:30,60, Wet, Y, Night, Right Angle, Minor Injury, N, N
AUS,2,0,0,0,2017, August, Monday,8:10,60, Wet, Y, Daylight, Right Angle, Not Injured, N, N
AUS,2,0,0,1,2017, August, Monday,12:40,100, Wet, Y, Daylight, Hit Fixed Object, Minor Injury, N, N
AUS,2,0,0,1,2017, August, Saturday,9:20,50, Wet, N, Daylight, Rear End, Minor Injury, N, N
AUS,2,0,0,0,2017, August, Friday,16:40,60, Wet, N, Daylight, Right Angle, Not Injured, N, N
AUS,2,0,0,0,2017, August, Monday,13:30,50, Dry, N, Daylight, Right Angle, Not Injured, N, N
AUS,2,0,0,0,2017, August, Monday,8:50,50, Wet, Y, Daylight, Right Angle, Not Injured, N, N
AUS,2,0,0,1,2017, August, Monday,10:50,110, Dry, N, Daylight, Hit Fixed Object, Minor Injury, N, N
AUS,2,0,0,0,2017, August, Monday,16:00,50, Dry, N, Daylight, Right Angle, Not Injured, N, N
AUS,2,0,0,0,2017, August, Monday,16:10,60, Dry, N, Daylight, Right Angle, Not Injured, N, N
AUS,2,0,0,0,2017, August, Sunday,12:10,60, Dry, N, Daylight, Head On, Not Injured, N, N
AUS,2,0,0,1,2017, August, Monday,15:20,60, Dry, N, Daylight, Right Angle, Minor Injury, N, N
AUS,2,0,0,1,2017, June, Thursday,18:00,60, Dry, N, Night, Rear End, Minor Injury, N, N
AUS,2,0,0,0,2017, August, Monday,16:20,90, Dry, N, Daylight, Hit Fixed Object, Not Injured, N, Y
AUS,2,0,0,1,2017, August, Monday,12:00,60, Wet, Y, Daylight, Hit Fixed Object, Minor Injury, N, N
AUS,3,0,0,0,2017, August, Monday,16:40,60, Dry, N, Daylight, Side Swipe, Not Injured, N, N
AUS,2,0,0,0,2017, August, Monday,18:40,50, Dry, N, Night, Side Swipe, Not Injured, N, N
AUS,2,0,0,1,2017, August, Monday,8:30,50, Wet, Y, Daylight, Head On, Minor Injury, N, N
AUS,3,0,0,2,2017, August, Monday,16:30,50, Dry, N, Daylight, Rear End, Minor Injury, N, N
AUS,2,0,0,0,2017, August, Friday,12:40,80, Wet, Y, Daylight, Rear End, Not Injured, N, N
AUS,4,1,1,1,2017, August, Monday,17:00,80, Dry, N, Daylight, Head On, Fatal, N, Y
AUS,2,0,0,3,2017, August, Monday,22:00,60, Dry, N, Night, Rear End, Minor Injury, N, N
AUS,2,0,0,1,2017, August, Wednesday,21:30,100, Dry, N, Night, Hit Fixed Object, Minor Injury, N, N
AUS,2,0,0,0,2017, August, Sunday,15:00,80, Dry, N, Daylight, Side Swipe, Not Injured, N, N
AUS,2,0,0,1,2017, August, Monday,11:30,60, Wet, N, Daylight, Rear End, Minor Injury, N, N
AUS,3,0,0,0,2017, August, Tuesday,6:00,80, Dry, N, Night, Hit Fixed Object, Not Injured, N, Y
AUS,2,0,0,1,2017, August, Monday,22:30,50, Dry, N, Night, Right Angle, Minor Injury, N, N
AUS,2,0,0,0,2017, August, Tuesday,10:10,50, Dry, N, Daylight, Rear End, Not Injured, N, N
AUS,2,0,0,1,2017, August, Tuesday,0:00,60, Dry, N, Daylight, Hit Fixed Object, Minor Injury, N, N
AUS,2,0,1,0,2017, August, Monday,7:10,100, Dry, N, Daylight, Hit Fixed Object, Major Injury, N, N
AUS,2,0,0,1,2017, August, Monday,19:40,60, Dry, N, Night, Rear End, Minor Injury, N, N
AUS,3,0,0,0,2017, August, Monday,15:30,50, Dry, N, Daylight, Rear End, Not Injured, N, N
AUS,2,0,0,1,2017, June, Saturday,13:30,50, Dry, N, Daylight, Rear End, Minor Injury, N, N
AUS,2,0,0,0,2017, August, Monday,16:10,50, Dry, N, Daylight, Side Swipe, Not Injured, N, N
AUS,2,0,0,1,2017, August, Tuesday,16:30,50, Wet, Y, Daylight, Side Swipe, Minor Injury, N, N
AUS,2,0,0,3,2017, August, Tuesday,14:00,60, Dry, N, Daylight, Side Swipe, Minor Injury, N, N
AUS,2,0,0,1,2017, August, Tuesday,15:50,60, Dry, N, Daylight, Right Angle, Minor Injury, N, N
AUS,2,0,0,0,2017, August, Tuesday,16:20,100, Dry, N, Daylight, Side Swipe, Not Injured, N, N
AUS,3,0,0,0,2017, August, Tuesday,15:00,60, Dry, N, Daylight, Rear End, Not Injured, N, N
AUS,2,0,0,1,2017, August, Tuesday,15:00,100, Dry, N, Daylight, Hit Fixed Object, Minor Injury, N, N
AUS,2,0,0,0,2017, August, Tuesday,14:00,50, Dry, N, Daylight, Right Angle, Not Injured, N, N
AUS,2,0,0,0,2017, August, Tuesday,15:20,60, Dry, N, Daylight, Right Angle, Not Injured, N, N
AUS,2,0,0,0,2017, August, Tuesday,15:50,70, Dry, N, Daylight, Rear End, Not Injured, N, N
AUS,2,0,0,1,2017, August, Tuesday,17:40,60, Dry, N, Daylight, Rear End, Minor Injury, N, N
AUS,2,0,0,0,2017, August, Tuesday,14:10,60, Dry, N, Daylight, Right Angle, Not Injured, N, N
AUS,2,0,0,0,2017, August, Tuesday,16:30,60, Dry, N, Daylight, Right Angle, Not Injured, N, N
AUS,2,0,0,0,2017, August, Monday,12:50,100, Wet, Y, Daylight, Side Swipe, Not Injured, N, N
AUS,2,0,1,0,2017, August, Wednesday,2:40,110, Dry, N, Night, Head On, Major Injury, N, N
AUS,2,0,0,0,2017, August, Wednesday,8:20,50, Dry, N, Daylight, Rear End, Not Injured, N, N
AUS,3,0,0,1,2017, August, Tuesday,9:00,60, Dry, N, Daylight, Rear End, Minor Injury, N, N
AUS,2,0,0,0,2017, August, Wednesday,7:20,90, Wet, Y, Daylight, Rear End, Not Injured, N, N
AUS,2,0,0,1,2017, August, Monday,15:20,60, Dry, N, Daylight, Rear End, Minor Injury, N, N
AUS,2,0,0,1,2017, August, Tuesday,17:00,60, Dry, N, Daylight, Rear End, Minor Injury, N, N
AUS,2,0,0,1,2017, August, Wednesday,9:40,60, Wet, Y, Daylight, Rear End, Minor Injury, N, N
AUS,2,0,0,0,2017, August, Wednesday,9:50,50, Wet, Y, Daylight, Right Angle, Not Injured, N, N
AUS,2,0,0,0,2017, August, Wednesday,10:00,60, Dry, N, Daylight, Side Swipe, Not Injured, N, N
AUS,2,0,0,0,2017, August, Wednesday,11:20,50, Dry, N, Daylight, Rear End, Not Injured, N, N
AUS,2,0,0,0,2017, August, Wednesday,7:40,60, Wet, N, Daylight, Rear End, Not Injured, N, N
AUS,2,0,0,1,2017, August, Tuesday,20:30,60, Dry, N, Night, Hit Fixed Object, Minor Injury, N, N
AUS,2,0,0,1,2017, August, Wednesday,12:30,60, Wet, N, Daylight, Hit Fixed Object, Minor Injury, N, N
AUS,2,0,0,0,2017, August, Wednesday,13:10,80, Wet, N, Daylight, Right Angle, Not Injured, N, N
AUS,2,0,0,0,2017, August, Wednesday,12:10,50, Wet, Y, Daylight, Side Swipe, Not Injured, N, N
AUS,2,0,0,0,2017, August, Wednesday,15:30,50, Dry, N, Daylight, Rear End, Not Injured, N, N
AUS,2,0,0,1,2017, August, Wednesday,15:20,60, Dry, N, Daylight, Side Swipe, Minor Injury, N, N
AUS,2,0,0,0,2017, August, Wednesday,15:20,60, Dry, N, Daylight, Right Angle, Not Injured, N, N
AUS,3,0,0,1,2017, August, Wednesday,16:00,60, Dry, N, Daylight, Rear End, Minor Injury, N, N
AUS,2,0,0,0,2017, August, Wednesday,15:30,50, Dry, N, Daylight, Right Angle, Not Injured, N, N
AUS,2,0,0,0,2017, August, Wednesday,16:00,50, Dry, N, Daylight, Hit Fixed Object, Not Injured, N, N
AUS,2,0,0,1,2017, August, Wednesday,18:10,60, Dry, N, Night, Hit Fixed Object, Minor Injury, N, N
AUS,2,0,0,0,2017, August, Monday,18:00,60, Dry, N, Night, Right Angle, Not Injured, N, N
AUS,2,1,0,2,2017, August, Wednesday,14:50,60, Dry, N, Daylight, Right Angle, Fatal, N, Y
AUS,2,0,0,2,2017, August, Wednesday,18:00,60, Dry, N, Night, Rear End, Minor Injury, N, N
AUS,2,0,0,1,2017, August, Wednesday,20:00,60, Dry, N, Night, Hit Pedestrian, Minor Injury, Y, N
AUS,4,0,0,1,2017, August, Wednesday,19:40,60, Dry, N, Night, Hit Fixed Object, Minor Injury, Y, N
AUS,2,0,0,0,2017, August, Thursday,7:30,70, Dry, N, Daylight, Rear End, Not Injured, N, N
AUS,2,0,0,1,2017, August, Wednesday,17:00,60, Dry, N, Daylight, Rear End, Minor Injury, N, N
AUS,3,0,0,0,2017, August, Wednesday,13:10,40, Dry, N, Daylight, Hit Fixed Object, Not Injured, N, N
AUS,2,0,0,0,2017, August, Thursday,7:00,50, Dry, N, Daylight, Right Angle, Not Injured, N, N
AUS,2,0,0,0,2017, August, Thursday,8:20,50, Dry, N, Daylight, Right Angle, Not Injured, N, N
AUS,2,0,0,1,2017, August, Thursday,10:20,50, Dry, N, Daylight, Right Angle, Minor Injury, N, N
AUS,2,0,0,0,2017, August, Thursday,6:30,80, Dry, N, Night, Hit Fixed Object, Not Injured, N, N
AUS,2,0,0,0,2017, August, Thursday,9:50,50, Dry, N, Daylight, Side Swipe, Not Injured, N, N
AUS,3,0,0,0,2017, August, Thursday,11:30,60, Dry, N, Daylight, Side Swipe, Not Injured, N, N
AUS,2,0,0,0,2017, August, Thursday,11:00,50, Dry, N, Daylight, Right Angle, Not Injured, N, N
AUS,2,0,0,0,2017, August, Wednesday,17:10,60, Dry, N, Daylight, Rear End, Not Injured, N, N
AUS,2,0,0,1,2017, August, Tuesday,9:30,60, Dry, N, Daylight, Rear End, Minor Injury, N, N
AUS,2,0,0,2,2017, August, Tuesday,10:20,90, Dry, N, Daylight, Rear End, Minor Injury, N, N
AUS,2,0,0,1,2017, August, Thursday,14:50,60, Dry, N, Daylight, Right Angle, Minor Injury, N, N
AUS,2,0,0,1,2017, August, Thursday,14:20,70, Dry, N, Daylight, Rear End, Minor Injury, N, N
AUS,2,0,0,0,2017, August, Tuesday,15:40,50, Dry, N, Daylight, Right Angle, Not Injured, N, N
AUS,3,0,0,1,2017, August, Thursday,14:20,60, Dry, N, Daylight, Rear End, Minor Injury, N, N
AUS,2,0,0,0,2017, August, Thursday,15:00,80, Dry, N, Daylight, Rear End, Not Injured, N, N
AUS,2,0,0,0,2017, August, Thursday,16:00,60, Dry, N, Daylight, Rear End, Not Injured, N, N
AUS,2,0,0,0,2017, August, Thursday,16:30,70, Dry, N, Daylight, Rear End, Not Injured, Y, N
AUS,2,0,0,0,2017, August, Thursday,6:20,60, Wet, Y, Night, Side Swipe, Not Injured, N, N
AUS,2,0,0,1,2017, August, Thursday,16:00,80, Dry, N, Daylight, Hit Pedestrian, Minor Injury, N, N
AUS,2,0,0,0,2017, August, Thursday,17:00,50, Dry, N, Daylight, Side Swipe, Not Injured, N, N
AUS,3,0,0,0,2017, August, Thursday,17:30,60, Dry, N, Daylight, Rear End, Not Injured, N, N
AUS,2,0,0,0,2017, August, Thursday,18:30,50, Dry, N, Night, Rear End, Not Injured, N, N
AUS,2,0,0,1,2017, August, Wednesday,11:00,80, Dry, N, Daylight, Hit Fixed Object, Minor Injury, N, N
AUS,2,0,0,1,2017, August, Thursday,20:00,100, Dry, N, Night, Hit Fixed Object, Minor Injury, N, N
AUS,2,0,0,0,2017, August, Thursday,9:20,60, Dry, N, Daylight, Rear End, Not Injured, N, N
AUS,2,0,0,0,2017, August, Friday,9:30,60, Dry, N, Daylight, Rear End, Not Injured, N, N
AUS,6,0,0,1,2017, August, Thursday,10:50,60, Dry, N, Daylight, Rear End, Minor Injury, N, N
AUS,2,0,0,0,2017, August, Friday,7:40,50, Dry, N, Daylight, Hit Fixed Object, Not Injured, N, N
AUS,2,0,0,0,2017, August, Friday,8:20,50, Dry, N, Daylight, Hit Fixed Object, Not Injured, N, N
AUS,3,0,0,0,2017, August, Friday,7:50,60, Dry, N, Daylight, Rear End, Not Injured, N, N
AUS,2,0,0,0,2017, August, Friday,8:30,60, Dry, N, Daylight, Right Angle, Not Injured, N, N
AUS,2,0,0,2,2017, August, Friday,8:20,60, Dry, N, Daylight, Side Swipe, Minor Injury, N, N
AUS,2,0,0,1,2017, August, Friday,9:20,60, Dry, N, Daylight, Rear End, Minor Injury, N, N
AUS,2,0,0,0,2017, August, Thursday,10:50,60, Dry, N, Daylight, Hit Fixed Object, Not Injured, N, N
AUS,2,0,0,0,2017, August, Friday,0:00,60, Dry, N, Daylight, Right Angle, Not Injured, N, N
AUS,2,0,0,0,2017, August, Friday,9:30,40, Dry, N, Daylight, Right Angle, Not Injured, N, N
AUS,2,0,0,0,2017, August, Friday,10:30,60, Dry, N, Daylight, Right Angle, Not Injured, N, N
AUS,2,0,0,2,2017, August, Friday,8:50,110, Dry, N, Daylight, Right Angle, Minor Injury, N, N
AUS,3,0,0,0,2017, August, Friday,8:50,100, Dry, N, Daylight, Hit Fixed Object, Not Injured, N, N
AUS,2,0,0,0,2017, August, Friday,13:50,50, Dry, N, Daylight, Rear End, Not Injured, Y, N
AUS,2,0,0,0,2017, August, Thursday,17:10,60, Dry, N, Daylight, Rear End, Not Injured, N, N
AUS,2,0,0,0,2017, August, Friday,15:00,60, Dry, N, Daylight, Rear End, Not Injured, N, N
AUS,2,0,0,1,2017, August, Friday,15:30,40, Dry, N, Daylight, Rear End, Minor Injury, N, N
AUS,2,0,0,0,2017, August, Friday,16:30,110, Dry, N, Daylight, Hit Fixed Object, Not Injured, N, N
AUS,2,0,0,0,2017, August, Friday,14:30,60, Dry, N, Daylight, Rear End, Not Injured, N, N
AUS,2,0,0,0,2017, August, Friday,16:40,60, Dry, N, Daylight, Side Swipe, Not Injured, N, N
AUS,2,0,0,0,2017, August, Friday,15:20,60, Dry, N, Daylight, Rear End, Not Injured, N, N
AUS,2,0,0,0,2017, August, Friday,15:30,50, Dry, N, Daylight, Right Angle, Not Injured, N, N
AUS,2,0,0,0,2017, August, Friday,20:00,50, Dry, N, Night, Hit Fixed Object, Not Injured, N, N
AUS,2,0,0,0,2017, August, Friday,18:20,50, Dry, N, Night, Hit Fixed Object, Not Injured, N, N
AUS,2,0,0,2,2017, August, Friday,16:50,80, Dry, N, Daylight, Head On, Minor Injury, N, N
AUS,2,0,0,0,2017, August, Saturday,2:20,40, Dry, N, Night, Hit Fixed Object, Not Injured, N, N
AUS,2,0,1,0,2017, August, Saturday,1:50,50, Dry, N, Night, Hit Pedestrian, Major Injury, Y, N
AUS,3,0,1,0,2017, August, Saturday,1:50,50, Dry, N, Night, Hit Fixed Object, Major Injury, N, N
AUS,2,0,0,0,2017, August, Friday,23:00,80, Dry, N, Night, Hit Fixed Object, Not Injured, N, N
AUS,2,0,0,0,2017, August, Friday,14:40,50, Dry, N, Daylight, Rear End, Not Injured, N, N
AUS,2,0,0,0,2017, August, Friday,17:00,110, Dry, N, Daylight, Hit Fixed Object, Not Injured, N, N
AUS,2,0,0,1,2017, August, Friday,21:20,60, Dry, N, Night, Rear End, Minor Injury, N, N
AUS,2,0,0,1,2017, August, Saturday,10:20,60, Dry, N, Daylight, Rear End, Minor Injury, N, N
AUS,2,0,0,0,2017, August, Saturday,11:50,60, Dry, N, Daylight, Right Angle, Not Injured, N, N
AUS,2,0,0,0,2017, August, Saturday,11:30,60, Dry, N, Daylight, Hit Fixed Object, Not Injured, N, N
AUS,2,0,0,0,2017, August, Saturday,10:50,60, Dry, N, Daylight, Rear End, Not Injured, N, N
AUS,2,0,0,0,2017, August, Saturday,6:00,70, Dry, N, Night, Rear End, Not Injured, N, N
AUS,2,0,0,0,2017, August, Friday,16:00,60, Dry, N, Daylight, Right Angle, Not Injured, N, N
AUS,2,0,0,1,2017, August, Friday,17:30,60, Dry, N, Daylight, Hit Fixed Object, Minor Injury, N, N
AUS,2,0,0,0,2017, August, Saturday,16:00,60, Dry, N, Daylight, Hit Fixed Object, Not Injured, N, N
AUS,3,0,0,1,2017, August, Saturday,14:40,60, Dry, N, Daylight, Rear End, Minor Injury, N, N
AUS,2,0,0,0,2017, August, Friday,18:50,60, Dry, N, Night, Right Angle, Not Injured, N, N
AUS,2,0,0,1,2017, August, Saturday,16:20,100, Wet, Y, Daylight, Hit Fixed Object, Minor Injury, Y, N
AUS,2,0,0,1,2017, August, Saturday,15:40,50, Dry, N, Daylight, Hit Fixed Object, Minor Injury, N, N
AUS,2,0,0,1,2017, August, Friday,8:30,50, Dry, N, Daylight, Rear End, Minor Injury, N, N
AUS,3,0,0,0,2017, August, Saturday,6:00,60, Dry, N, Night, Hit Fixed Object, Not Injured, N, N
AUS,2,0,0,0,2017, August, Saturday,15:40,50, Dry, N, Daylight, Hit Fixed Object, Not Injured, Y, N
AUS,3,0,0,0,2017, August, Saturday,19:40,60, Dry, N, Night, Hit Pedestrian, Not Injured, N, N
AUS,2,0,0,0,2017, August, Saturday,18:30,50, Dry, N, Night, Hit Fixed Object, Not Injured, N, N
AUS,3,0,0,0,2017, August, Saturday,20:50,60, Dry, N, Night, Right Angle, Not Injured, N, N
AUS,2,0,0,1,2017, August, Saturday,18:10,50, Dry, N, Night, Hit Fixed Object, Minor Injury, N, Y
AUS,2,0,0,0,2017, August, Sunday,1:50,50, Dry, N, Night, Hit Fixed Object, Not Injured, N, N
AUS,2,0,0,0,2017, August, Sunday,5:40,50, Wet, N, Night, Hit Fixed Object, Not Injured, N, N
AUS,2,0,0,0,2017, August, Saturday,11:00,60, Dry, N, Daylight, Rear End, Not Injured, N, N
AUS,2,0,0,0,2017, August, Saturday,16:00,50, Dry, N, Daylight, Side Swipe, Not Injured, N, N
AUS,2,0,0,1,2017, August, Sunday,10:00,50, Dry, N, Daylight, Right Angle, Minor Injury, N, N
AUS,2,0,0,0,2017, August, Sunday,10:30,70, Dry, N, Daylight, Right Angle, Not Injured, N, N
AUS,2,0,0,2,2017, August, Sunday,11:40,50, Wet, Y, Daylight, Right Angle, Minor Injury, N, N
AUS,2,0,0,0,2017, August, Sunday,11:50,60, Dry, N, Daylight, Hit Fixed Object, Not Injured, N, N
AUS,2,0,0,0,2017, August, Saturday,5:50,70, Dry, N, Night, Side Swipe, Not Injured, N, N
AUS,2,0,0,1,2017, August, Sunday,8:20,50, Dry, N, Daylight, Side Swipe, Minor Injury, N, N
AUS,2,0,0,0,2017, August, Saturday,22:30,60, Dry, N, Night, Hit Fixed Object, Not Injured, N, N
AUS,2,0,0,1,2017, August, Sunday,15:30,60, Dry, N, Daylight, Rear End, Minor Injury, N, N
AUS,2,0,0,1,2017, August, Sunday,16:10,60, Dry, N, Daylight, Right Angle, Minor Injury, N, N
AUS,2,0,0,0,2017, August, Saturday,14:00,50, Dry, N, Daylight, Hit Fixed Object, Not Injured, N, N
AUS,2,0,0,0,2017, August, Sunday,16:30,60, Dry, N, Daylight, Rear End, Not Injured, N, N
AUS,3,0,0,0,2017, August, Sunday,17:40,60, Dry, N, Daylight, Rear End, Not Injured, N, N
AUS,3,0,0,0,2017, August, Sunday,15:50,50, Dry, N, Daylight, Hit Fixed Object, Not Injured, Y, N
AUS,2,0,0,1,2017, August, Sunday,19:50,80, Dry, N, Night, Head On, Minor Injury, Y, N
AUS,2,0,0,0,2017, August, Sunday,20:30,100, Dry, N, Night, Hit Fixed Object, Not Injured, Y, N
AUS,2,1,0,0,2017, August, Sunday,15:10,80, Dry, N, Daylight, Hit Fixed Object, Fatal, N, N
AUS,2,0,0,0,2017, August, Sunday,23:00,50, Dry, N, Night, Hit Fixed Object, Not Injured, N, N
AUS,3,0,0,0,2017, August, Sunday,12:00,60, Dry, N, Daylight, Rear End, Not Injured, N, N
AUS,3,0,0,0,2017, August, Monday,9:10,60, Dry, N, Daylight, Hit Fixed Object, Not Injured, N, N
AUS,2,0,0,0,2017, August, Sunday,14:10,60, Dry, N, Daylight, Rear End, Not Injured, N, N
AUS,2,0,0,1,2017, August, Monday,6:20,80, Dry, N, Night, Right Angle, Minor Injury, N, N
AUS,2,0,0,0,2017, August, Sunday,18:30,40, Dry, N, Night, Hit Fixed Object, Not Injured, N, N
AUS,2,0,0,1,2017, August, Friday,15:10,50, Dry, N, Daylight, Rear End, Minor Injury, N, N
AUS,2,0,0,1,2017, August, Monday,7:50,60, Dry, N, Daylight, Right Angle, Minor Injury, N, N
AUS,3,0,0,3,2017, August, Tuesday,9:00,80, Dry, N, Daylight, Rear End, Minor Injury, N, N
AUS,2,0,0,0,2017, August, Saturday,8:00,60, Dry, N, Daylight, Right Angle, Not Injured, N, N
AUS,2,0,0,0,2017, August, Monday,8:50,60, Dry, N, Daylight, Rear End, Not Injured, N, N
AUS,2,0,0,0,2017, August, Monday,13:30,60, Dry, N, Daylight, Rear End, Not Injured, N, N
AUS,2,0,0,0,2017, August, Sunday,13:50,50, Dry, N, Daylight, Right Angle, Not Injured, N, N
AUS,2,0,0,1,2017, August, Monday,14:20,60, Dry, N, Daylight, Rear End, Minor Injury, N, N