Nation,Total Units,Total Fatalities,Total Serious Injuries,Total Minor Injuries,Year,Month,Day,Time,Speed Limit,Moisture,Adverse Weather Conditions,DayNight,Crash Type,Crash Severity,Alcohol Related ,Drug Related
AUS,2,0,1,0,2017, August, Monday,12:10,60, Dry, N, Daylight, Hit Pedestrian, Major Injury, N, N
AUS,2,0,0,0,2017, August, Monday,15:10,50, Dry, N, Daylight, Right Angle, Not Injured, N, N
AUS,2,0,0,0,2017, August, Monday,16:30,50, Dry, N, Daylight, Side Swipe, Not Injured, N, N
AUS,3,0,0,1,2017, August, Monday,17:20,80, Dry, N, Daylight, Rear End, Minor Injury, N, N
AUS,2,0,0,0,2017, August, Monday,19:10,60, Dry, N, Night, Rear End, Not Injured, N, N
AUS,2,0,0,0,2017, August, Monday,16:30,50, Dry, N, Daylight, Side Swipe, Not Injured, N, N
AUS,2,0,0,0,2017, August, Monday,21:20,50, Dry, N, Night, Hit Fixed Object, Not Injured, N, N
AUS,2,0,0,0,2017, August, Tuesday,4:30,50, Dry, N, Night, Hit Fixed Object, Not Injured, N, N
AUS,2,0,0,0,2017, August, Tuesday,7:00,50, Dry, N, Daylight, Hit Fixed Object, Not Injured, N, N
AUS,4,0,0,0,2017, August, Monday,13:10,90, Dry, N, Daylight, Rear End, Not Injured, N, N
AUS,2,0,0,1,2017, August, Tuesday,8:00,50, Dry, N, Daylight, Side Swipe, Minor Injury, N, N
AUS,5,0,0,0,2017, August, Tuesday,7:20,60, Dry, N, Daylight, Right Angle, Not Injured, N, N
AUS,2,0,0,0,2017, August, Monday,9:30,60, Dry, N, Daylight, Rear End, Not Injured, N, N
AUS,3,0,0,0,2017, August, Tuesday,7:10,60, Dry, N, Daylight, Rear End, Not Injured, N, N
AUS,2,0,0,0,2017, August, Tuesday,8:50,50, Dry, N, Daylight, Side Swipe, Not Injured, N, N
AUS,2,0,0,1,2017, November, Sunday,12:00,60, Dry, N, Daylight, Rear End, Minor Injury, N, N
AUS,2,0,0,1,2017, August, Tuesday,8:30,50, Dry, N, Daylight, Right Angle, Minor Injury, N, N
AUS,3,0,0,1,2017, August, Tuesday,8:40,60, Dry, N, Daylight, Rear End, Minor Injury, N, N
AUS,2,0,1,1,2017, August, Tuesday,9:20,100, Dry, N, Daylight, Hit Fixed Object, Major Injury, N, N
AUS,3,0,0,0,2017, October, Friday,15:00,60, Dry, N, Daylight, Rear End, Not Injured, N, N
AUS,2,0,0,0,2017, August, Tuesday,12:00,60, Dry, N, Daylight, Right Angle, Not Injured, N, N
AUS,2,0,0,0,2017, August, Tuesday,13:00,50, Dry, N, Daylight, Side Swipe, Not Injured, N, N
AUS,2,0,0,1,2017, August, Tuesday,13:30,60, Dry, N, Daylight, Rear End, Minor Injury, N, N
AUS,2,0,0,0,2017, August, Tuesday,8:40,50, Dry, N, Daylight, Right Angle, Not Injured, N, N
AUS,2,0,0,0,2017, August, Tuesday,1:30,60, Dry, N, Night, Right Angle, Not Injured, N, N
AUS,2,0,0,0,2017, August, Tuesday,12:50,60, Dry, N, Daylight, Side Swipe, Not Injured, N, N
AUS,2,0,0,0,2017, August, Tuesday,14:40,50, Dry, N, Daylight, Hit Fixed Object, Not Injured, N, N
AUS,3,0,0,0,2017, August, Tuesday,15:40,60, Dry, N, Daylight, Rear End, Not Injured, N, N
AUS,3,0,0,0,2017, August, Tuesday,15:40,60, Dry, N, Daylight, Rear End, Not Injured, N, N
AUS,2,0,0,0,2017, August, Tuesday,13:00,60, Dry, N, Daylight, Side Swipe, Not Injured, N, N
AUS,3,0,0,0,2017, August, Monday,14:00,60, Dry, N, Daylight, Rear End, Not Injured, N, N
AUS,2,0,0,0,2017, August, Tuesday,7:30,60, Dry, N, Daylight, Side Swipe, Not Injured, N, N
AUS,2,0,0,0,2017, August, Tuesday,16:30,50, Dry, N, Daylight, Rear End, Not Injured, N, N
AUS,2,0,0,1,2017, August, Saturday,17:40,50, Dry, N, Daylight, Rear End, Minor Injury, N, N
AUS,4,0,1,0,2017, August, Tuesday,16:40,60, Dry, N, Daylight, Side Swipe, Major Injury, Y, Y
AUS,2,0,0,0,2017, August, Tuesday,16:20,60, Dry, N, Daylight, Hit Fixed Object, Not Injured, N, N
AUS,2,0,0,0,2017, August, Sunday,8:00,50, Dry, N, Daylight, Hit Fixed Object, Not Injured, N, N
AUS,2,0,0,0,2017, August, Tuesday,16:50,60, Dry, N, Daylight, Right Angle, Not Injured, N, N
AUS,2,0,0,1,2017, August, Tuesday,16:50,50, Dry, N, Daylight, Rear End, Minor Injury, N, N
AUS,2,0,0,0,2017, August, Tuesday,17:00,60, Dry, N, Daylight, Right Angle, Not Injured, N, N
AUS,2,0,0,1,2017, August, Tuesday,16:10,60, Dry, N, Daylight, Side Swipe, Minor Injury, N, N
AUS,3,0,0,1,2017, August, Tuesday,15:50,90, Dry, N, Daylight, Rear End, Minor Injury, N, N
AUS,2,0,0,0,2017, August, Tuesday,22:10,60, Dry, N, Night, Hit Fixed Object, Not Injured, N, N
AUS,3,1,0,1,2017, August, Tuesday,18:50,100, Dry, N, Night, Hit Fixed Object, Fatal, Y, Y
AUS,2,0,0,0,2017, August, Wednesday,6:30,60, Dry, N, Night, Right Angle, Not Injured, N, N
AUS,2,0,0,0,2017, August, Wednesday,6:50,90, Dry, N, Daylight, Rear End, Not Injured, N, N
AUS,2,0,0,1,2017, August, Tuesday,12:30,60, Dry, N, Daylight, Right Angle, Minor Injury, N, N
AUS,3,0,0,0,2017, August, Wednesday,9:10,80, Dry, N, Daylight, Rear End, Not Injured, N, N
AUS,2,0,0,0,2017, August, Wednesday,8:10,50, Dry, N, Daylight, Side Swipe, Not Injured, N, N
AUS,2,0,0,0,2017, August, Wednesday,7:50,110, Dry, N, Daylight, Rear End, Not Injured, N, N
AUS,3,0,0,0,2017, August, Wednesday,7:40,60, Dry, N, Daylight, Rear End, Not Injured, N, N
AUS,2,0,0,0,2017, August, Wednesday,8:10,90, Dry, N, Daylight, Rear End, Not Injured, N, N
AUS,2,0,0,0,2017, August, Wednesday,9:30,50, Dry, N, Daylight, Rear End, Not Injured, N, N
AUS,2,0,0,0,2017, August, Sunday,9:50,80, Dry, N, Daylight, Hit Fixed Object, Not Injured, N, N
AUS,2,0,0,1,2017, August, Wednesday,8:20,60, Dry, N, Daylight, Rear End, Minor Injury, N, N
AUS,2,0,0,0,2017, August, Friday,13:20,80, Dry, N, Daylight, Hit Fixed Object, Not Injured, N, N
AUS,2,0,0,1,2017, August, Wednesday,10:00,60, Dry, N, Daylight, Hit Fixed Object, Minor Injury, N, N
AUS,2,0,0,1,2017, August, Wednesday,10:00,50, Dry, N, Daylight, Right Angle, Minor Injury, N, N
AUS,2,0,0,2,2017, August, Wednesday,11:20,60, Dry, N, Daylight, Right Angle, Minor Injury, N, N
AUS,2,0,0,0,2017, August, Wednesday,11:30,60, Dry, N, Daylight, Hit Fixed Object, Not Injured, N, N
AUS,2,0,0,1,2017, August, Tuesday,8:30,60, Dry, N, Daylight, Rear End, Minor Injury, N, N
AUS,2,0,0,1,2017, August, Wednesday,10:20,50, Dry, N, Daylight, Rear End, Minor Injury, N, N
AUS,2,0,0,0,2017, August, Wednesday,7:40,50, Dry, N, Daylight, Right Angle, Not Injured, N, N
AUS,2,0,0,0,2017, August, Wednesday,12:20,80, Dry, N, Daylight, Rear End, Not Injured, N, N
AUS,2,0,0,0,2017, August, Wednesday,8:30,60, Dry, N, Daylight, Rear End, Not Injured, N, N
AUS,2,0,0,0,2017, August, Wednesday,11:20,100, Dry, N, Daylight, Rear End, Not Injured, N, N
AUS,4,0,0,0,2017, August, Wednesday,11:50,60, Dry, N, Daylight, Hit Fixed Object, Not Injured, N, N
AUS,2,0,0,0,2017, August, Wednesday,13:40,60, Dry, N, Daylight, Rear End, Not Injured, N, N
AUS,2,0,0,1,2017, August, Friday,8:20,60, Dry, N, Daylight, Right Angle, Minor Injury, N, N
AUS,2,0,0,2,2017, August, Wednesday,11:10,70, Dry, N, Daylight, Rear End, Minor Injury, N, N
AUS,3,0,0,0,2017, August, Wednesday,10:50,100, Dry, N, Daylight, Side Swipe, Not Injured, N, N
AUS,2,0,0,0,2017, August, Wednesday,8:40,50, Dry, N, Daylight, Rear End, Not Injured, N, N
AUS,3,0,0,0,2017, August, Wednesday,12:50,50, Dry, N, Daylight, Side Swipe, Not Injured, N, N
AUS,2,0,0,0,2017, August, Wednesday,17:30,100, Dry, N, Daylight, Hit Fixed Object, Not Injured, N, N
AUS,2,0,0,0,2017, August, Wednesday,14:10,80, Dry, N, Daylight, Hit Fixed Object, Not Injured, N, N
AUS,3,0,0,0,2017, August, Wednesday,15:30,50, Dry, N, Daylight, Hit Fixed Object, Not Injured, N, N
AUS,2,0,0,0,2017, August, Wednesday,1:30,60, Wet, N, Night, Head On, Not Injured, N, N
AUS,2,0,0,0,2017, August, Wednesday,18:10,60, Dry, N, Night, Side Swipe, Not Injured, N, N
AUS,3,0,0,0,2017, August, Wednesday,19:20,60, Dry, N, Night, Rear End, Not Injured, N, N
AUS,2,0,0,1,2017, August, Wednesday,18:20,60, Dry, N, Night, Hit Pedestrian, Minor Injury, N, N
AUS,2,0,0,0,2017, August, Wednesday,14:20,100, Dry, N, Daylight, Hit Fixed Object, Not Injured, N, N
AUS,2,0,0,0,2017, August, Wednesday,14:30,100, Dry, N, Daylight, Hit Fixed Object, Not Injured, N, N
AUS,2,0,0,0,2017, August, Thursday,8:40,60, Dry, N, Daylight, Right Angle, Not Injured, N, N
AUS,2,0,0,0,2017, August, Wednesday,16:20,80, Dry, N, Daylight, Right Angle, Not Injured, N, N
AUS,2,0,0,0,2017, August, Thursday,9:20,80, Dry, N, Daylight, Hit Fixed Object, Not Injured, N, N
AUS,2,0,0,1,2017, August, Thursday,8:50,50, Dry, N, Daylight, Hit Pedestrian, Minor Injury, N, N
AUS,2,0,0,0,2017, August, Thursday,7:00,60, Dry, N, Daylight, Right Angle, Not Injured, N, N
AUS,2,0,0,0,2017, August, Thursday,7:20,50, Dry, N, Daylight, Hit Fixed Object, Not Injured, N, N
AUS,2,0,0,1,2017, August, Wednesday,15:20,50, Dry, N, Daylight, Right Angle, Minor Injury, N, N
AUS,2,0,0,0,2017, August, Wednesday,22:00,60, Dry, N, Night, Rear End, Not Injured, N, N
AUS,2,0,0,0,2017, August, Thursday,9:10,60, Dry, N, Daylight, Hit Fixed Object, Not Injured, N, N
AUS,2,0,0,1,2017, August, Wednesday,16:40,60, Dry, N, Daylight, Rear End, Minor Injury, N, N
AUS,2,0,0,1,2017, August, Thursday,10:00,60, Dry, N, Daylight, Rear End, Minor Injury, N, N
AUS,2,0,0,0,2017, August, Thursday,8:10,60, Dry, N, Daylight, Right Angle, Not Injured, N, N
AUS,2,0,0,0,2017, August, Thursday,8:20,50, Dry, N, Daylight, Side Swipe, Not Injured, N, N
AUS,2,0,0,0,2017, August, Wednesday,7:30,110, Dry, N, Daylight, Side Swipe, Not Injured, N, N
AUS,2,0,0,0,2017, August, Thursday,12:00,80, Dry, N, Daylight, Rear End, Not Injured, N, N
AUS,2,0,0,0,2017, August, Thursday,11:30,70, Dry, N, Daylight, Side Swipe, Not Injured, N, N
AUS,2,0,0,0,2017, August, Thursday,11:40,60, Dry, N, Daylight, Hit Fixed Object, Not Injured, N, N
AUS,2,0,0,0,2017, August, Wednesday,17:00,60, Dry, N, Daylight, Rear End, Not Injured, N, N
AUS,2,0,0,0,2017, August, Thursday,11:00,60, Dry, N, Daylight, Side Swipe, Not Injured, N, N
AUS,2,0,0,1,2017, August, Wednesday,19:30,60, Dry, N, Night, Right Angle, Minor Injury, N, N
AUS,2,0,0,0,2017, August, Thursday,10:30,80, Dry, N, Daylight, Right Angle, Not Injured, N, N
AUS,2,0,0,1,2017, August, Thursday,6:40,60, Dry, N, Night, Right Angle, Minor Injury, N, N
AUS,2,0,0,1,2017, August, Wednesday,16:00,50, Dry, N, Daylight, Right Angle, Minor Injury, N, N
AUS,2,0,0,0,2017, August, Thursday,17:20,60, Dry, N, Daylight, Side Swipe, Not Injured, N, N
AUS,2,0,0,0,2017, August, Thursday,16:00,100, Dry, N, Daylight, Hit Fixed Object, Not Injured, N, N
AUS,2,0,0,1,2017, August, Thursday,17:10,60, Dry, N, Daylight, Rear End, Minor Injury, N, N
AUS,2,0,0,0,2017, August, Thursday,18:00,90, Dry, N, Night, Rear End, Not Injured, N, N
AUS,2,0,0,0,2017, August, Thursday,15:10,80, Dry, N, Daylight, Hit Fixed Object, Not Injured, N, N
AUS,2,0,0,1,2017, August, Thursday,16:20,60, Dry, N, Daylight, Rear End, Minor Injury, N, N
AUS,2,0,0,0,2017, August, Thursday,19:00,90, Dry, N, Night, Rear End, Not Injured, N, N
AUS,2,0,0,0,2017, August, Thursday,16:50,60, Dry, N, Daylight, Rear End, Not Injured, N, N
AUS,2,0,0,0,2017, August, Thursday,18:30,50, Dry, N, Night, Right Angle, Not Injured, N, N
AUS,2,0,0,2,2017, August, Wednesday,20:30,90, Dry, N, Night, Rear End, Minor Injury, N, N
AUS,2,0,0,1,2017, August, Thursday,17:00,60, Dry, N, Daylight, Rear End, Minor Injury, N, N
AUS,2,0,0,0,2017, August, Thursday,16:40,60, Dry, N, Daylight, Side Swipe, Not Injured, N, N
AUS,2,0,0,0,2017, August, Thursday,13:20,60, Dry, N, Daylight, Hit Fixed Object, Not Injured, N, N
AUS,2,0,0,0,2017, August, Thursday,19:50,60, Dry, N, Night, Right Angle, Not Injured, N, N
AUS,2,0,0,1,2017, August, Thursday,18:20,100, Dry, N, Night, Hit Fixed Object, Minor Injury, N, Y
AUS,2,0,0,0,2017, August, Wednesday,19:10,50, Dry, N, Night, Hit Fixed Object, Not Injured, N, N
AUS,3,1,0,0,2017, August, Thursday,19:00,10, Dry, N, Night, Hit Fixed Object, Fatal, N, N
AUS,4,0,0,0,2017, August, Thursday,22:20,100, Dry, N, Night, Rear End, Not Injured, N, N
AUS,2,0,0,2,2017, September, Friday,2:30,50, Dry, N, Night, Hit Fixed Object, Minor Injury, N, N
AUS,2,0,0,0,2017, August, Thursday,12:50,50, Dry, N, Daylight, Hit Fixed Object, Not Injured, N, N
AUS,2,0,0,1,2017, August, Thursday,13:50,60, Dry, N, Daylight, Right Angle, Minor Injury, N, N
AUS,2,0,0,1,2017, September, Friday,8:20,60, Dry, N, Daylight, Rear End, Minor Injury, N, N
AUS,3,0,0,1,2017, August, Thursday,14:50,60, Dry, N, Daylight, Rear End, Minor Injury, N, N
AUS,2,0,0,0,2017, September, Friday,8:10,60, Dry, N, Daylight, Right Angle, Not Injured, N, N
AUS,3,0,0,0,2017, August, Thursday,18:20,60, Dry, N, Night, Rear End, Not Injured, N, N
AUS,3,0,0,1,2017, September, Friday,10:20,60, Dry, N, Daylight, Hit Fixed Object, Minor Injury, N, N
AUS,2,0,0,0,2017, August, Thursday,16:30,50, Dry, N, Daylight, Rear End, Not Injured, N, N
AUS,2,0,0,0,2017, September, Friday,10:20,50, Dry, N, Daylight, Right Angle, Not Injured, N, N
AUS,2,0,0,0,2017, September, Friday,11:00,60, Dry, N, Daylight, Rear End, Not Injured, N, N
AUS,2,0,0,0,2017, August, Thursday,16:00,60, Dry, N, Daylight, Right Angle, Not Injured, N, N
AUS,2,0,0,0,2017, September, Friday,8:50,60, Dry, N, Daylight, Rear End, Not Injured, N, N
AUS,2,0,0,1,2017, September, Friday,11:20,50, Dry, N, Daylight, Right Angle, Minor Injury, N, N
AUS,2,0,0,1,2017, September, Friday,0:00,80, Dry, N, Daylight, Rear End, Minor Injury, N, N
AUS,2,0,0,0,2017, September, Friday,13:00,60, Dry, N, Daylight, Rear End, Not Injured, N, N
AUS,2,0,0,0,2017, September, Friday,13:10,60, Dry, N, Daylight, Side Swipe, Not Injured, N, N
AUS,2,0,0,1,2017, September, Friday,12:30,60, Dry, N, Daylight, Side Swipe, Minor Injury, N, N
AUS,2,0,0,1,2017, September, Friday,13:50,60, Dry, N, Daylight, Rear End, Minor Injury, N, N
AUS,3,0,0,0,2017, September, Friday,15:50,60, Wet, Y, Daylight, Side Swipe, Not Injured, N, N
AUS,2,0,0,1,2017, September, Friday,14:00,70, Dry, N, Daylight, Rear End, Minor Injury, N, N
AUS,2,0,0,0,2017, August, Wednesday,4:30,110, Dry, N, Night, Hit Fixed Object, Not Injured, N, N
AUS,3,0,0,0,2017, September, Friday,16:10,60, Dry, N, Daylight, Rear End, Not Injured, N, N
AUS,2,0,0,0,2017, September, Friday,16:30,60, Dry, N, Daylight, Rear End, Not Injured, N, N
AUS,2,0,2,0,2017, September, Friday,14:10,100, Dry, N, Daylight, Head On, Major Injury, N, N
AUS,2,0,0,0,2017, September, Friday,16:20,50, Dry, N, Daylight, Right Angle, Not Injured, N, N
AUS,2,0,0,1,2017, September, Friday,10:30,50, Dry, N, Daylight, Rear End, Minor Injury, N, N
AUS,2,0,0,1,2017, September, Friday,18:10,60, Dry, N, Night, Right Angle, Minor Injury, N, N
AUS,2,0,0,0,2017, August, Thursday,15:20,60, Dry, N, Daylight, Right Angle, Not Injured, N, N
AUS,3,0,0,0,2017, August, Wednesday,15:30,60, Dry, N, Daylight, Rear End, Not Injured, N, N
AUS,3,0,0,0,2017, August, Wednesday,18:30,60, Dry, N, Night, Rear End, Not Injured, N, N
AUS,2,0,0,1,2017, September, Friday,19:20,50, Dry, N, Night, Hit Pedestrian, Minor Injury, N, N
AUS,4,0,0,2,2017, August, Thursday,17:40,60, Dry, N, Daylight, Rear End, Minor Injury, N, N
AUS,2,0,0,1,2017, September, Friday,19:40,50, Dry, N, Night, Hit Pedestrian, Minor Injury, N, N
AUS,2,0,0,2,2017, September, Saturday,3:10,70, Wet, Y, Night, Hit Fixed Object, Minor Injury, Y, N
AUS,3,0,0,0,2017, September, Saturday,10:00,60, Wet, N, Daylight, Rear End, Not Injured, N, N
AUS,6,0,0,1,2017, September, Saturday,9:50,50, Dry, N, Daylight, Right Angle, Minor Injury, N, N
AUS,3,0,0,0,2017, September, Saturday,9:50,60, Dry, N, Daylight, Rear End, Not Injured, N, N
AUS,2,0,0,0,2017, September, Friday,19:30,50, Dry, N, Night, Hit Fixed Object, Not Injured, N, N
AUS,2,0,0,1,2017, September, Friday,11:30,60, Dry, N, Daylight, Rear End, Minor Injury, N, N
AUS,2,0,0,0,2017, September, Saturday,9:50,70, Wet, N, Daylight, Side Swipe, Not Injured, N, N
AUS,2,0,0,0,2017, September, Friday,15:00,60, Dry, N, Daylight, Right Angle, Not Injured, N, N
AUS,4,0,0,0,2017, September, Saturday,9:50,60, Wet, N, Daylight, Rear End, Not Injured, N, N
AUS,2,0,0,0,2017, September, Saturday,12:20,60, Dry, N, Daylight, Rear End, Not Injured, N, N
AUS,3,0,0,0,2017, September, Saturday,11:30,60, Dry, N, Daylight, Rear End, Not Injured, N, N
AUS,3,0,0,1,2017, September, Saturday,0:00,60, Dry, N, Daylight, Rear End, Minor Injury, N, N
AUS,2,0,0,0,2017, September, Saturday,12:00,50, Dry, N, Daylight, Right Angle, Not Injured, N, N
AUS,2,0,0,0,2017, September, Saturday,13:00,50, Dry, N, Daylight, Hit Fixed Object, Not Injured, N, N
AUS,4,0,0,1,2017, September, Friday,19:30,60, Dry, N, Night, Side Swipe, Minor Injury, N, N
AUS,2,0,0,0,2017, September, Friday,14:10,110, Dry, N, Daylight, Side Swipe, Not Injured, N, N
AUS,2,0,0,0,2017, September, Friday,22:30,60, Dry, N, Night, Side Swipe, Not Injured, N, N
AUS,2,0,0,0,2017, September, Saturday,15:10,60, Dry, N, Daylight, Right Angle, Not Injured, N, N
AUS,2,0,0,0,2017, September, Saturday,14:10,50, Dry, N, Daylight, Side Swipe, Not Injured, N, N
AUS,2,0,1,0,2017, September, Saturday,11:30,100, Dry, N, Daylight, Hit Fixed Object, Major Injury, N, N
AUS,2,0,0,0,2017, September, Saturday,17:00,50, Dry, N, Daylight, Right Angle, Not Injured, N, N
AUS,2,0,0,0,2017, September, Saturday,10:30,60, Dry, N, Daylight, Side Swipe, Not Injured, N, N
AUS,3,0,0,1,2017, September, Saturday,15:40,50, Dry, N, Daylight, Side Swipe, Minor Injury, N, N
AUS,2,0,0,0,2017, September, Friday,15:10,60, Dry, N, Daylight, Right Angle, Not Injured, N, N
AUS,2,1,0,0,2017, September, Saturday,17:30,80, Dry, N, Daylight, Right Angle, Fatal, N, N
AUS,2,0,0,1,2017, September, Saturday,23:00,60, Wet, Y, Night, Hit Pedestrian, Minor Injury, N, N
AUS,2,0,0,0,2017, September, Saturday,23:00,50, Dry, N, Night, Hit Fixed Object, Not Injured, Y, N
AUS,2,0,0,0,2017, September, Sunday,0:30,60, Wet, Y, Night, Hit Fixed Object, Not Injured, N, N
AUS,2,0,1,0,2017, September, Sunday,0:40,60, Wet, Y, Night, Hit Pedestrian, Major Injury, N, N
AUS,4,0,0,0,2017, August, Saturday,11:50,60, Dry, N, Daylight, Side Swipe, Not Injured, N, N
AUS,2,0,0,0,2017, September, Sunday,7:30,50, Dry, N, Daylight, Hit Fixed Object, Not Injured, N, N
AUS,2,0,0,1,2017, September, Sunday,11:10,110, Wet, Y, Daylight, Hit Fixed Object, Minor Injury, N, N
AUS,2,0,0,1,2017, September, Sunday,7:30,80, Wet, Y, Daylight, Hit Fixed Object, Minor Injury, N, N
AUS,3,0,0,0,2017, September, Sunday,11:30,60, Wet, N, Daylight, Hit Fixed Object, Not Injured, N, N
AUS,2,0,0,0,2017, September, Saturday,21:00,60, Wet, Y, Night, Right Angle, Not Injured, N, N
AUS,2,0,0,1,2017, September, Sunday,16:50,60, Dry, N, Daylight, Rear End, Minor Injury, N, N
AUS,3,0,0,1,2017, September, Sunday,21:00,50, Wet, Y, Night, Rear End, Minor Injury, N, N
AUS,2,0,0,0,2017, September, Sunday,16:20,80, Dry, N, Daylight, Hit Fixed Object, Not Injured, N, N
AUS,2,0,0,0,2017, September, Friday,19:50,50, Dry, N, Night, Right Angle, Not Injured, N, N
AUS,2,0,0,0,2017, September, Monday,0:30,100, Wet, Y, Night, Hit Fixed Object, Not Injured, N, N
AUS,2,0,0,0,2017, September, Sunday,18:10,80, Dry, N, Night, Hit Fixed Object, Not Injured, N, N
AUS,2,0,0,1,2017, September, Sunday,19:30,60, Dry, N, Night, Head On, Minor Injury, N, N
AUS,2,0,0,0,2017, September, Sunday,19:00,50, Dry, N, Night, Right Angle, Not Injured, N, N
AUS,3,0,0,1,2017, September, Monday,7:50,60, Wet, Y, Daylight, Rear End, Minor Injury, N, N
AUS,2,0,0,0,2017, September, Monday,9:40,50, Wet, N, Daylight, Right Angle, Not Injured, N, N
AUS,4,0,0,1,2017, September, Monday,9:00,60, Wet, Y, Daylight, Side Swipe, Minor Injury, N, N
AUS,2,0,0,0,2017, September, Sunday,17:50,60, Dry, N, Daylight, Right Angle, Not Injured, N, N
AUS,2,0,0,0,2017, September, Friday,12:50,50, Dry, N, Daylight, Hit Pedestrian, Not Injured, N, N
AUS,2,0,0,0,2017, September, Monday,8:20,80, Dry, N, Daylight, Side Swipe, Not Injured, N, N
AUS,2,0,0,0,2017, September, Monday,12:10,50, Wet, N, Daylight, Hit Pedestrian, Not Injured, N, N
AUS,2,0,0,0,2017, September, Monday,13:20,50, Dry, N, Daylight, Rear End, Not Injured, N, N
AUS,3,0,0,2,2017, September, Monday,11:30,60, Dry, N, Daylight, Right Angle, Minor Injury, N, Y
AUS,2,0,0,0,2017, September, Monday,14:20,60, Dry, N, Daylight, Rear End, Not Injured, N, N
AUS,3,0,0,0,2017, September, Monday,11:50,60, Dry, N, Daylight, Rear End, Not Injured, N, N
AUS,2,0,0,1,2017, September, Monday,14:20,80, Wet, Y, Daylight, Hit Fixed Object, Minor Injury, N, N
AUS,2,0,0,0,2017, September, Monday,14:00,60, Wet, N, Daylight, Rear End, Not Injured, N, N
AUS,2,0,0,1,2017, September, Sunday,14:00,60, Dry, N, Daylight, Right Angle, Minor Injury, N, N
AUS,2,0,0,1,2017, September, Sunday,17:10,60, Dry, N, Daylight, Rear End, Minor Injury, N, N
AUS,2,0,0,0,2017, September, Monday,16:50,60, Dry, N, Daylight, Right Angle, Not Injured, N, N
AUS,3,0,0,0,2017, September, Monday,15:30,60, Dry, N, Daylight, Rear End, Not Injured, N, N
AUS,2,0,0,0,2017, September, Monday,10:00,60, Wet, Y, Daylight, Rear End, Not Injured, N, N
AUS,2,0,0,1,2017, September, Monday,18:50,50, Wet, Y, Night, Hit Pedestrian, Minor Injury, N, N
AUS,2,0,0,0,2017, September, Monday,17:10,50, Wet, N, Daylight, Right Angle, Not Injured, N, N
AUS,2,0,0,0,2017, September, Monday,15:00,60, Wet, N, Daylight, Rear End, Not Injured, N, N
AUS,2,0,0,1,2017, September, Monday,16:30,50, Dry, N, Daylight, Head On, Minor Injury, N, Y
AUS,2,0,0,1,2017, September, Monday,18:10,50, Wet, Y, Night, Side Swipe, Minor Injury, N, N
AUS,2,0,0,0,2017, September, Monday,5:30,60, Wet, Y, Night, Side Swipe, Not Injured, N, N
AUS,2,0,0,0,2017, September, Tuesday,6:20,50, Wet, N, Night, Hit Fixed Object, Not Injured, N, N
AUS,2,0,0,0,2017, September, Tuesday,8:20,60, Wet, Y, Daylight, Right Angle, Not Injured, N, N
AUS,2,0,0,0,2017, September, Tuesday,8:40,60, Dry, N, Daylight, Hit Fixed Object, Not Injured, N, N
AUS,2,0,0,0,2017, September, Tuesday,9:20,50, Dry, N, Daylight, Rear End, Not Injured, N, N
AUS,2,0,0,0,2017, September, Tuesday,7:10,50, Wet, N, Daylight, Side Swipe, Not Injured, N, N
AUS,2,0,0,0,2017, September, Tuesday,10:30,60, Dry, N, Daylight, Right Angle, Not Injured, N, N
AUS,2,0,0,0,2017, September, Tuesday,8:30,70, Wet, N, Daylight, Rear End, Not Injured, N, N
AUS,2,0,0,0,2017, September, Monday,17:30,90, Dry, N, Daylight, Hit Fixed Object, Not Injured, N, N
AUS,2,0,0,0,2017, September, Tuesday,9:00,60, Dry, N, Daylight, Rear End, Not Injured, N, N
AUS,2,0,0,0,2017, September, Monday,17:00,60, Wet, N, Daylight, Side Swipe, Not Injured, N, N
AUS,2,0,0,1,2017, September, Tuesday,8:50,60, Wet, Y, Daylight, Right Angle, Minor Injury, N, N
AUS,2,0,0,0,2017, September, Tuesday,12:10,50, Dry, N, Daylight, Right Angle, Not Injured, N, N
AUS,2,0,0,0,2017, September, Tuesday,12:20,50, Dry, N, Daylight, Hit Fixed Object, Not Injured, N, N
AUS,2,0,1,0,2017, September, Tuesday,12:10,100, Wet, Y, Daylight, Hit Fixed Object, Major Injury, N, N
AUS,2,0,0,0,2017, September, Tuesday,11:00,90, Wet, N, Daylight, Rear End, Not Injured, N, N
AUS,2,0,0,0,2017, September, Tuesday,6:00,60, Dry, N, Night, Rear End, Not Injured, N, N
AUS,2,0,0,1,2017, August, Saturday,17:00,50, Dry, N, Daylight, Side Swipe, Minor Injury, N, N
AUS,2,0,0,0,2017, September, Tuesday,13:20,50, Dry, N, Daylight, Right Angle, Not Injured, N, N
AUS,3,0,0,0,2017, September, Tuesday,10:10,70, Dry, N, Daylight, Rear End, Not Injured, N, N
AUS,2,0,1,0,2017, September, Tuesday,4:50,110, Dry, N, Night, Head On, Major Injury, N, N
AUS,2,0,0,0,2017, September, Monday,17:40,50, Dry, N, Daylight, Hit Fixed Object, Not Injured, N, N
AUS,2,0,0,0,2017, September, Tuesday,14:00,50, Dry, N, Daylight, Hit Fixed Object, Not Injured, N, N
AUS,2,0,0,0,2017, September, Tuesday,15:40,50, Dry, N, Daylight, Rear End, Not Injured, N, N