Nation,Total Units,Total Fatalities,Total Serious Injuries,Total Minor Injuries,Year,Month,Day,Time,Speed Limit,Moisture,Adverse Weather Conditions,DayNight,Crash Type,Crash Severity,Alcohol Related ,Drug Related
AUS,2,0,0,0,2017, September, Tuesday,15:10,50, Wet, N, Daylight, Right Angle, Not Injured, N, N
AUS,2,0,0,0,2017, September, Tuesday,14:00,50, Dry, N, Daylight, Side Swipe, Not Injured, N, N
AUS,2,0,0,1,2017, September, Monday,21:50,80, Wet, Y, Night, Hit Fixed Object, Minor Injury, N, N
AUS,2,0,0,2,2017, September, Tuesday,16:40,80, Dry, N, Daylight, Head On, Minor Injury, N, N
AUS,2,0,0,0,2017, September, Tuesday,6:50,90, Wet, Y, Daylight, Rear End, Not Injured, N, N
AUS,2,0,0,0,2017, September, Tuesday,17:20,60, Dry, N, Daylight, Right Angle, Not Injured, N, N
AUS,2,0,0,0,2017, September, Tuesday,12:00,60, Dry, N, Daylight, Rear End, Not Injured, N, N
AUS,2,0,0,0,2017, September, Tuesday,18:40,60, Dry, N, Night, Side Swipe, Not Injured, N, N
AUS,3,0,0,0,2017, September, Wednesday,1:10,50, Dry, N, Night, Hit Fixed Object, Not Injured, N, N
AUS,2,0,0,0,2017, September, Friday,8:30,80, Dry, N, Daylight, Right Angle, Not Injured, N, N
AUS,2,0,0,0,2017, September, Tuesday,14:50,60, Wet, Y, Daylight, Right Angle, Not Injured, N, N
AUS,2,0,0,0,2017, September, Tuesday,14:50,50, Dry, N, Daylight, Right Angle, Not Injured, N, N
AUS,2,0,0,0,2017, September, Wednesday,7:50,60, Wet, Y, Daylight, Rear End, Not Injured, N, N
AUS,2,0,0,0,2017, September, Wednesday,5:50,60, Dry, N, Night, Right Angle, Not Injured, N, N
AUS,3,0,0,0,2017, September, Wednesday,9:00,50, Wet, Y, Daylight, Rear End, Not Injured, N, N
AUS,3,0,0,0,2017, September, Wednesday,9:00,60, Wet, Y, Daylight, Rear End, Not Injured, N, N
AUS,2,0,0,0,2017, September, Monday,16:50,100, Dry, N, Daylight, Hit Fixed Object, Not Injured, N, N
AUS,2,0,0,0,2017, September, Wednesday,8:40,60, Dry, N, Daylight, Rear End, Not Injured, N, N
AUS,2,0,1,0,2017, September, Wednesday,10:50,70, Wet, Y, Daylight, Right Angle, Major Injury, N, N
AUS,2,0,0,1,2017, September, Wednesday,10:50,40, Wet, Y, Daylight, Rear End, Minor Injury, N, Y
AUS,4,0,1,0,2017, September, Wednesday,8:50,60, Wet, Y, Daylight, Rear End, Major Injury, N, N
AUS,2,0,0,1,2017, September, Wednesday,11:20,50, Dry, N, Daylight, Side Swipe, Minor Injury, N, N
AUS,2,0,0,0,2017, September, Wednesday,11:50,60, Dry, N, Daylight, Right Angle, Not Injured, N, N
AUS,2,0,0,1,2017, August, Thursday,16:20,60, Dry, N, Daylight, Rear End, Minor Injury, N, N
AUS,2,0,0,1,2017, September, Wednesday,10:20,70, Dry, N, Daylight, Right Angle, Minor Injury, N, N
AUS,2,0,0,1,2017, September, Wednesday,8:50,60, Dry, N, Daylight, Hit Pedestrian, Minor Injury, N, N
AUS,2,0,0,0,2017, September, Wednesday,13:00,60, Dry, N, Daylight, Right Angle, Not Injured, N, N
AUS,2,0,0,0,2017, September, Wednesday,14:00,80, Wet, Y, Daylight, Rear End, Not Injured, N, N
AUS,2,0,0,1,2017, August, Wednesday,8:40,60, Dry, N, Daylight, Rear End, Minor Injury, N, N
AUS,2,0,2,0,2017, September, Wednesday,10:30,60, Dry, N, Daylight, Side Swipe, Major Injury, N, N
AUS,2,0,0,2,2017, September, Tuesday,21:40,60, Wet, N, Night, Head On, Minor Injury, N, N
AUS,2,0,0,0,2017, September, Wednesday,9:00,60, Wet, Y, Daylight, Rear End, Not Injured, N, N
AUS,2,0,0,0,2017, September, Wednesday,15:10,60, Dry, N, Daylight, Rear End, Not Injured, N, N
AUS,2,0,0,0,2017, September, Monday,16:10,80, Wet, Y, Daylight, Hit Fixed Object, Not Injured, N, N
AUS,2,0,0,1,2017, September, Wednesday,16:20,50, Dry, N, Daylight, Right Angle, Minor Injury, N, N
AUS,2,0,1,1,2017, September, Wednesday,16:40,50, Wet, N, Daylight, Rear End, Major Injury, N, N
AUS,2,0,0,1,2017, September, Wednesday,18:20,60, Wet, N, Night, Side Swipe, Minor Injury, N, N
AUS,2,0,0,1,2017, September, Wednesday,15:00,50, Dry, N, Daylight, Hit Fixed Object, Minor Injury, N, N
AUS,2,0,0,2,2017, September, Wednesday,15:50,60, Dry, N, Daylight, Hit Fixed Object, Minor Injury, N, N
AUS,2,0,0,0,2017, September, Wednesday,20:00,100, Wet, Y, Night, Hit Fixed Object, Not Injured, N, N
AUS,2,0,1,0,2017, September, Wednesday,23:20,50, Wet, N, Night, Hit Fixed Object, Major Injury, N, N
AUS,2,0,0,0,2017, September, Wednesday,23:00,110, Dry, N, Night, Hit Fixed Object, Not Injured, N, N
AUS,2,0,0,0,2017, September, Thursday,7:20,60, Dry, N, Daylight, Side Swipe, Not Injured, N, N
AUS,2,0,0,1,2017, September, Thursday,7:00,80, Dry, N, Daylight, Right Angle, Minor Injury, N, N
AUS,2,0,0,0,2017, September, Wednesday,10:20,50, Dry, N, Daylight, Hit Pedestrian, Not Injured, N, N
AUS,2,0,0,0,2017, September, Thursday,8:00,60, Dry, N, Daylight, Right Angle, Not Injured, N, N
AUS,2,0,0,1,2017, September, Wednesday,8:30,60, Wet, N, Daylight, Right Angle, Minor Injury, N, N
AUS,2,0,0,0,2017, September, Thursday,10:00,40, Dry, N, Daylight, Right Angle, Not Injured, N, N
AUS,2,0,0,0,2017, September, Thursday,8:40,100, Wet, Y, Daylight, Hit Fixed Object, Not Injured, N, N
AUS,2,0,0,0,2017, September, Thursday,12:50,60, Dry, N, Daylight, Hit Pedestrian, Not Injured, N, N
AUS,2,0,0,1,2017, September, Thursday,12:40,60, Dry, N, Daylight, Rear End, Minor Injury, N, N
AUS,2,0,0,0,2017, September, Thursday,12:20,40, Wet, N, Daylight, Rear End, Not Injured, N, N
AUS,3,0,0,1,2017, September, Thursday,11:50,60, Dry, N, Daylight, Rear End, Minor Injury, N, N
AUS,2,0,0,0,2017, September, Wednesday,8:10,60, Dry, N, Daylight, Rear End, Not Injured, N, N
AUS,2,0,0,1,2017, September, Thursday,15:40,60, Dry, N, Daylight, Right Angle, Minor Injury, N, N
AUS,2,0,0,1,2017, September, Thursday,16:00,60, Dry, N, Daylight, Right Angle, Minor Injury, N, N
AUS,2,0,0,0,2017, September, Thursday,15:20,50, Dry, N, Daylight, Rear End, Not Injured, N, N
AUS,2,0,0,0,2017, September, Thursday,13:30,60, Dry, N, Daylight, Rear End, Not Injured, N, N
AUS,2,0,0,0,2017, September, Thursday,17:10,60, Dry, N, Daylight, Side Swipe, Not Injured, N, N
AUS,2,0,0,2,2017, September, Thursday,16:50,60, Wet, N, Daylight, Rear End, Minor Injury, N, N
AUS,3,0,0,0,2017, September, Thursday,16:40,60, Dry, N, Daylight, Rear End, Not Injured, Y, N
AUS,2,0,0,1,2017, September, Thursday,17:40,50, Dry, N, Daylight, Right Angle, Minor Injury, N, N
AUS,2,0,0,1,2017, September, Thursday,18:20,80, Wet, Y, Night, Hit Fixed Object, Minor Injury, N, N
AUS,2,0,0,0,2017, September, Thursday,16:30,60, Dry, N, Daylight, Side Swipe, Not Injured, N, N
AUS,2,0,0,1,2017, September, Thursday,19:20,50, Dry, N, Night, Hit Pedestrian, Minor Injury, N, N
AUS,2,0,0,0,2017, September, Thursday,15:00,60, Dry, N, Daylight, Hit Fixed Object, Not Injured, N, N
AUS,2,0,0,2,2017, September, Thursday,17:30,60, Wet, Y, Daylight, Hit Fixed Object, Minor Injury, N, N
AUS,3,0,0,3,2017, September, Thursday,18:40,110, Dry, N, Night, Right Angle, Minor Injury, N, N
AUS,2,0,0,0,2017, September, Thursday,20:10,90, Wet, N, Night, Side Swipe, Not Injured, N, N
AUS,2,0,0,1,2017, September, Tuesday,21:00,50, Dry, N, Night, Hit Fixed Object, Minor Injury, N, N
AUS,2,0,0,0,2017, September, Thursday,13:50,60, Wet, N, Daylight, Rear End, Not Injured, N, N
AUS,2,0,0,0,2017, September, Friday,0:00,50, Dry, N, Night, Right Angle, Not Injured, N, N
AUS,2,0,0,1,2017, September, Friday,7:50,80, Wet, Y, Daylight, Hit Fixed Object, Minor Injury, N, N
AUS,2,0,0,0,2017, September, Friday,9:50,60, Dry, N, Daylight, Rear End, Not Injured, N, N
AUS,3,0,0,1,2017, September, Friday,8:10,60, Dry, N, Daylight, Rear End, Minor Injury, N, N
AUS,2,0,0,1,2017, September, Thursday,12:20,50, Dry, N, Daylight, Rear End, Minor Injury, N, N
AUS,3,0,0,2,2017, September, Thursday,17:30,60, Dry, N, Daylight, Rear End, Minor Injury, N, N
AUS,2,0,0,0,2017, September, Friday,9:40,60, Dry, N, Daylight, Rear End, Not Injured, N, N
AUS,2,0,0,0,2017, September, Friday,12:20,60, Dry, N, Daylight, Rear End, Not Injured, N, N
AUS,2,0,0,0,2017, September, Thursday,20:20,60, Wet, Y, Night, Right Angle, Not Injured, N, N
AUS,2,0,1,0,2017, September, Friday,12:20,60, Dry, N, Daylight, Hit Pedestrian, Major Injury, N, N
AUS,2,0,0,1,2017, September, Thursday,21:10,60, Dry, N, Night, Right Angle, Minor Injury, N, N
AUS,2,0,0,0,2017, September, Friday,13:00,60, Dry, N, Daylight, Right Angle, Not Injured, N, N
AUS,2,0,0,0,2017, September, Friday,14:00,60, Dry, N, Daylight, Right Angle, Not Injured, N, N
AUS,2,0,0,0,2017, September, Friday,13:10,50, Dry, N, Daylight, Side Swipe, Not Injured, N, N
AUS,3,0,0,0,2017, September, Friday,15:30,60, Dry, N, Daylight, Right Angle, Not Injured, N, N
AUS,2,0,0,1,2017, September, Thursday,17:30,50, Dry, N, Daylight, Rear End, Minor Injury, N, N
AUS,2,0,0,1,2017, September, Friday,7:30,70, Dry, N, Daylight, Rear End, Minor Injury, N, N
AUS,2,0,0,0,2017, September, Friday,16:40,60, Dry, N, Daylight, Rear End, Not Injured, N, N
AUS,2,0,0,1,2017, September, Thursday,20:00,60, Dry, N, Night, Rear End, Minor Injury, N, N
AUS,2,0,0,0,2017, September, Thursday,22:20,80, Wet, Y, Night, Hit Fixed Object, Not Injured, N, N
AUS,2,0,0,0,2017, September, Friday,16:30,60, Dry, N, Daylight, Right Angle, Not Injured, N, N
AUS,2,0,0,0,2017, September, Friday,18:00,70, Dry, N, Daylight, Rear End, Not Injured, N, N
AUS,5,1,0,0,2017, September, Friday,17:30,60, Dry, N, Daylight, Hit Fixed Object, Fatal, N, N
AUS,3,0,0,0,2017, September, Friday,18:10,60, Dry, N, Night, Rear End, Not Injured, N, N
AUS,2,0,0,0,2017, September, Friday,18:30,50, Dry, N, Night, Hit Fixed Object, Not Injured, N, N
AUS,2,0,0,0,2017, September, Friday,23:10,60, Dry, N, Night, Hit Fixed Object, Not Injured, N, N
AUS,2,0,0,2,2017, September, Saturday,1:30,60, Dry, N, Night, Right Angle, Minor Injury, Y, N
AUS,2,0,0,0,2017, September, Saturday,9:40,60, Dry, N, Daylight, Rear End, Not Injured, N, N
AUS,2,0,0,0,2017, September, Saturday,10:50,50, Dry, N, Daylight, Rear End, Not Injured, N, N
AUS,2,0,0,0,2017, September, Saturday,10:10,60, Dry, N, Daylight, Right Angle, Not Injured, N, N
AUS,3,0,0,0,2017, September, Saturday,10:30,60, Dry, N, Daylight, Rear End, Not Injured, N, N
AUS,2,0,0,1,2017, September, Saturday,10:30,80, Dry, N, Daylight, Head On, Minor Injury, N, Y
AUS,2,0,0,0,2017, September, Thursday,13:30,50, Dry, N, Daylight, Rear End, Not Injured, N, N
AUS,2,0,0,0,2017, September, Saturday,14:40,50, Dry, N, Daylight, Right Angle, Not Injured, N, N
AUS,2,0,0,0,2017, September, Friday,18:20,50, Dry, N, Night, Hit Fixed Object, Not Injured, N, N
AUS,2,0,0,0,2017, September, Saturday,9:20,80, Dry, N, Daylight, Hit Fixed Object, Not Injured, N, N
AUS,2,0,0,1,2017, September, Saturday,15:10,80, Dry, N, Daylight, Right Angle, Minor Injury, N, N
AUS,3,0,0,1,2017, September, Saturday,15:50,60, Dry, N, Daylight, Right Angle, Minor Injury, N, N
AUS,2,0,0,1,2017, September, Saturday,16:10,60, Dry, N, Daylight, Hit Fixed Object, Minor Injury, N, N
AUS,2,0,0,1,2017, September, Saturday,18:00,60, Dry, N, Daylight, Right Angle, Minor Injury, N, N
AUS,2,0,0,1,2017, September, Thursday,9:20,60, Dry, N, Daylight, Rear End, Minor Injury, N, N
AUS,2,0,0,0,2017, September, Saturday,19:50,80, Dry, N, Night, Hit Fixed Object, Not Injured, N, N
AUS,2,0,0,0,2017, September, Sunday,0:30,60, Dry, N, Night, Hit Fixed Object, Not Injured, N, N
AUS,2,0,0,1,2017, September, Sunday,0:40,50, Dry, N, Night, Hit Fixed Object, Minor Injury, Y, N
AUS,2,0,0,0,2017, September, Saturday,13:10,80, Dry, N, Daylight, Hit Fixed Object, Not Injured, N, N
AUS,2,0,0,0,2017, September, Saturday,12:50,80, Dry, N, Daylight, Hit Fixed Object, Not Injured, N, N
AUS,2,0,0,0,2017, September, Saturday,23:00,60, Dry, N, Night, Right Angle, Not Injured, N, N
AUS,2,0,0,1,2017, September, Sunday,9:30,60, Dry, N, Daylight, Hit Pedestrian, Minor Injury, N, N
AUS,2,0,0,0,2017, September, Saturday,12:40,40, Dry, N, Daylight, Rear End, Not Injured, N, N
AUS,2,0,0,0,2017, September, Sunday,11:00,60, Dry, N, Daylight, Rear End, Not Injured, N, N
AUS,2,0,0,0,2017, September, Saturday,14:40,50, Dry, N, Daylight, Right Angle, Not Injured, N, N
AUS,3,0,0,1,2017, September, Sunday,10:20,60, Dry, N, Daylight, Rear End, Minor Injury, N, N
AUS,2,0,0,0,2017, September, Saturday,17:00,60, Dry, N, Daylight, Rear End, Not Injured, N, N
AUS,2,0,0,1,2017, September, Sunday,10:30,50, Dry, N, Daylight, Rear End, Minor Injury, N, N
AUS,2,0,0,1,2017, September, Sunday,12:50,60, Dry, N, Daylight, Hit Pedestrian, Minor Injury, N, N
AUS,2,0,0,0,2017, September, Sunday,13:50,50, Dry, N, Daylight, Right Angle, Not Injured, N, N
AUS,3,0,0,0,2017, September, Sunday,15:10,60, Dry, N, Daylight, Rear End, Not Injured, N, N
AUS,3,0,0,2,2017, September, Sunday,14:30,60, Dry, N, Daylight, Rear End, Minor Injury, N, N
AUS,2,0,0,1,2017, September, Sunday,14:50,80, Dry, N, Daylight, Head On, Minor Injury, N, N
AUS,2,0,0,1,2017, September, Sunday,17:00,60, Dry, N, Daylight, Rear End, Minor Injury, N, N
AUS,2,0,0,0,2017, September, Sunday,18:50,60, Dry, N, Night, Rear End, Not Injured, N, N
AUS,2,0,0,0,2017, September, Sunday,21:00,60, Dry, N, Night, Hit Fixed Object, Not Injured, N, N
AUS,2,0,0,0,2017, September, Sunday,19:10,80, Dry, N, Night, Right Angle, Not Injured, N, N
AUS,2,0,0,0,2017, September, Sunday,12:40,50, Dry, N, Daylight, Rear End, Not Injured, N, N
AUS,2,0,0,0,2017, September, Monday,8:10,60, Dry, N, Daylight, Right Angle, Not Injured, N, N
AUS,3,0,0,0,2017, September, Monday,8:30,60, Dry, N, Daylight, Side Swipe, Not Injured, N, N
AUS,2,0,0,0,2017, September, Monday,8:30,60, Dry, N, Daylight, Rear End, Not Injured, N, N
AUS,2,0,0,0,2017, July, Wednesday,9:00,60, Wet, N, Daylight, Rear End, Not Injured, N, N
AUS,2,0,0,0,2017, September, Monday,10:30,100, Dry, N, Daylight, Side Swipe, Not Injured, N, N
AUS,2,0,0,0,2017, September, Friday,20:00,50, Dry, N, Night, Hit Fixed Object, Not Injured, N, N
AUS,2,0,0,0,2017, September, Friday,11:40,50, Dry, N, Daylight, Hit Pedestrian, Not Injured, N, N
AUS,2,0,0,0,2017, September, Monday,11:00,60, Dry, N, Daylight, Side Swipe, Not Injured, N, N
AUS,3,0,0,2,2017, September, Monday,11:40,60, Dry, N, Daylight, Rear End, Minor Injury, N, N
AUS,2,0,0,0,2017, September, Thursday,13:50,80, Dry, N, Daylight, Hit Fixed Object, Not Injured, N, N
AUS,2,0,0,0,2017, September, Monday,14:00,60, Dry, N, Daylight, Side Swipe, Not Injured, N, N
AUS,2,0,0,0,2017, September, Monday,14:50,60, Dry, N, Daylight, Rear End, Not Injured, N, N
AUS,2,0,0,0,2017, September, Monday,14:00,60, Dry, N, Daylight, Hit Fixed Object, Not Injured, N, N
AUS,2,0,0,1,2017, September, Monday,15:50,60, Dry, N, Daylight, Side Swipe, Minor Injury, N, N
AUS,2,0,0,0,2017, September, Sunday,19:30,60, Dry, N, Night, Hit Pedestrian, Not Injured, N, N
AUS,2,0,0,0,2017, September, Monday,16:20,60, Dry, N, Daylight, Rear End, Not Injured, N, N
AUS,2,0,0,2,2017, September, Monday,15:30,60, Dry, N, Daylight, Right Angle, Minor Injury, N, N
AUS,2,0,0,0,2017, September, Monday,16:50,50, Dry, N, Daylight, Hit Fixed Object, Not Injured, N, N
AUS,2,0,0,1,2017, September, Monday,8:30,50, Dry, N, Daylight, Rear End, Minor Injury, N, N
AUS,3,0,0,0,2017, September, Monday,15:10,60, Dry, N, Daylight, Rear End, Not Injured, N, N
AUS,2,0,0,1,2017, September, Monday,17:10,50, Dry, N, Daylight, Hit Fixed Object, Minor Injury, N, N
AUS,3,0,0,0,2017, September, Monday,17:00,90, Dry, N, Daylight, Rear End, Not Injured, N, N
AUS,2,0,0,0,2017, September, Monday,12:50,80, Wet, Y, Daylight, Hit Fixed Object, Not Injured, N, N
AUS,3,0,0,0,2017, September, Monday,19:30,50, Dry, N, Night, Hit Fixed Object, Not Injured, N, N
AUS,3,0,0,0,2017, September, Monday,14:40,40, Dry, N, Daylight, Rear End, Not Injured, N, N
AUS,2,0,0,0,2017, September, Monday,20:00,80, Dry, N, Night, Rear End, Not Injured, N, N
AUS,2,0,0,1,2017, September, Sunday,21:30,100, Dry, N, Night, Hit Fixed Object, Minor Injury, N, N
AUS,2,0,0,1,2017, September, Monday,22:00,60, Wet, Y, Night, Hit Fixed Object, Minor Injury, N, N
AUS,2,0,0,1,2017, September, Monday,22:40,60, Wet, Y, Night, Right Angle, Minor Injury, N, N
AUS,2,0,0,0,2017, September, Tuesday,1:00,60, Dry, N, Night, Hit Fixed Object, Not Injured, Y, N
AUS,2,0,0,1,2017, September, Tuesday,8:30,50, Dry, N, Daylight, Hit Pedestrian, Minor Injury, N, N
AUS,3,0,0,0,2017, September, Tuesday,7:20,80, Dry, N, Daylight, Side Swipe, Not Injured, N, N
AUS,2,0,0,0,2017, September, Monday,17:00,50, Dry, N, Daylight, Rear End, Not Injured, N, N
AUS,2,0,0,0,2017, September, Monday,17:20,50, Dry, N, Daylight, Right Angle, Not Injured, N, N
AUS,2,0,0,1,2017, September, Tuesday,8:40,50, Dry, N, Daylight, Right Angle, Minor Injury, N, N
AUS,2,0,0,1,2017, September, Tuesday,10:10,60, Dry, N, Daylight, Rear End, Minor Injury, N, N
AUS,2,0,0,1,2017, September, Tuesday,7:50,60, Dry, N, Daylight, Head On, Minor Injury, N, N
AUS,2,0,0,0,2017, September, Tuesday,10:30,60, Dry, N, Daylight, Side Swipe, Not Injured, N, N
AUS,2,0,0,1,2017, September, Tuesday,8:30,100, Dry, N, Daylight, Side Swipe, Minor Injury, N, N
AUS,2,0,0,0,2017, September, Tuesday,8:00,60, Dry, N, Daylight, Rear End, Not Injured, N, N
AUS,2,0,0,0,2017, September, Tuesday,11:30,70, Dry, N, Daylight, Rear End, Not Injured, N, N
AUS,2,0,0,0,2017, September, Monday,15:00,50, Dry, N, Daylight, Hit Pedestrian, Not Injured, N, N
AUS,2,0,0,2,2017, September, Monday,17:10,60, Dry, N, Daylight, Rear End, Minor Injury, N, N
AUS,2,0,0,0,2017, September, Monday,8:50,60, Dry, N, Daylight, Rear End, Not Injured, N, N
AUS,2,0,0,0,2017, September, Tuesday,13:10,60, Dry, N, Daylight, Side Swipe, Not Injured, N, N
AUS,2,0,0,1,2017, August, Tuesday,16:50,60, Wet, Y, Daylight, Rear End, Minor Injury, N, N
AUS,2,0,0,1,2017, September, Tuesday,12:40,80, Dry, N, Daylight, Rear End, Minor Injury, N, N
AUS,2,0,0,1,2017, September, Monday,19:30,60, Dry, N, Night, Right Angle, Minor Injury, N, N
AUS,2,0,0,1,2017, September, Wednesday,17:30,60, Dry, N, Daylight, Hit Pedestrian, Minor Injury, N, N
AUS,2,0,0,0,2017, September, Tuesday,14:40,50, Dry, N, Daylight, Head On, Not Injured, N, N
AUS,2,0,0,0,2017, September, Tuesday,15:20,60, Dry, N, Daylight, Rear End, Not Injured, N, N
AUS,2,0,0,0,2017, September, Tuesday,15:50,50, Dry, N, Daylight, Rear End, Not Injured, N, N
AUS,2,0,0,0,2017, September, Tuesday,14:20,50, Dry, N, Daylight, Side Swipe, Not Injured, N, N
AUS,2,0,0,1,2017, September, Tuesday,16:50,60, Dry, N, Daylight, Rear End, Minor Injury, N, N
AUS,2,0,0,0,2017, September, Tuesday,15:40,50, Dry, N, Daylight, Side Swipe, Not Injured, N, N
AUS,2,0,0,0,2017, September, Monday,13:10,60, Dry, N, Daylight, Rear End, Not Injured, N, N
AUS,2,0,0,0,2017, September, Tuesday,16:30,90, Dry, N, Daylight, Rear End, Not Injured, N, N
AUS,2,0,0,0,2017, September, Monday,18:20,50, Dry, N, Night, Hit Pedestrian, Not Injured, N, N
AUS,2,0,0,1,2017, September, Tuesday,17:40,60, Dry, N, Daylight, Right Angle, Minor Injury, N, N
AUS,3,0,0,0,2017, September, Tuesday,17:20,50, Dry, N, Daylight, Right Angle, Not Injured, N, N
AUS,2,0,0,1,2017, September, Tuesday,17:30,80, Dry, N, Daylight, Rear End, Minor Injury, N, N
AUS,2,0,0,1,2017, August, Monday,17:00,70, Dry, N, Daylight, Rear End, Minor Injury, N, N
AUS,3,0,0,0,2017, September, Tuesday,19:50,50, Dry, N, Night, Hit Fixed Object, Not Injured, N, N
AUS,3,0,0,1,2017, September, Tuesday,16:10,50, Dry, N, Daylight, Hit Fixed Object, Minor Injury, Y, Y
AUS,2,0,0,0,2017, September, Tuesday,20:30,60, Wet, Y, Night, Hit Fixed Object, Not Injured, N, N
AUS,2,0,0,0,2017, September, Tuesday,23:10,60, Dry, N, Night, Hit Fixed Object, Not Injured, N, N
AUS,2,0,0,1,2017, September, Tuesday,6:30,50, Dry, N, Daylight, Hit Pedestrian, Minor Injury, N, N
AUS,2,0,0,0,2017, September, Tuesday,23:30,60, Dry, N, Night, Hit Fixed Object, Not Injured, N, N
AUS,2,0,0,0,2017, September, Wednesday,0:00,50, Wet, Y, Night, Rear End, Not Injured, N, N
AUS,2,0,0,0,2017, September, Wednesday,5:00,110, Wet, N, Night, Hit Fixed Object, Not Injured, N, N
AUS,2,0,0,1,2017, September, Wednesday,8:00,60, Dry, N, Daylight, Right Angle, Minor Injury, N, N
AUS,2,0,0,0,2017, September, Wednesday,8:00,100, Wet, Y, Daylight, Right Angle, Not Injured, N, N
AUS,2,0,0,0,2017, September, Wednesday,9:00,60, Dry, N, Daylight, Rear End, Not Injured, N, N
AUS,2,0,0,0,2017, September, Wednesday,9:10,60, Dry, N, Daylight, Side Swipe, Not Injured, N, N
AUS,3,0,0,1,2017, September, Wednesday,8:50,60, Dry, N, Daylight, Hit Fixed Object, Minor Injury, N, N
AUS,2,0,0,0,2017, September, Tuesday,23:30,60, Wet, Y, Night, Hit Fixed Object, Not Injured, N, N
AUS,2,1,0,0,2017, September, Wednesday,7:40,100, Dry, N, Daylight, Hit Fixed Object, Fatal, N, N
AUS,2,0,0,0,2017, September, Tuesday,12:50,60, Dry, N, Daylight, Side Swipe, Not Injured, N, N
AUS,3,0,1,0,2017, September, Wednesday,8:00,50, Wet, Y, Daylight, Rear End, Major Injury, N, N
AUS,2,0,0,1,2017, September, Wednesday,9:10,60, Wet, Y, Daylight, Rear End, Minor Injury, N, N
AUS,2,0,0,0,2017, September, Wednesday,9:20,60, Wet, N, Daylight, Rear End, Not Injured, N, N
AUS,2,0,0,0,2017, September, Wednesday,9:00,60, Dry, N, Daylight, Side Swipe, Not Injured, N, N
AUS,2,0,0,0,2017, September, Tuesday,16:50,40, Dry, N, Daylight, Right Angle, Not Injured, N, N
AUS,2,0,0,0,2017, September, Wednesday,8:50,50, Wet, Y, Daylight, Rear End, Not Injured, N, N
AUS,2,0,0,1,2017, September, Wednesday,7:50,60, Wet, Y, Daylight, Right Angle, Minor Injury, N, N
AUS,2,0,0,0,2017, September, Wednesday,13:20,60, Dry, N, Daylight, Right Angle, Not Injured, N, N
AUS,2,0,0,1,2017, September, Tuesday,16:50,60, Dry, N, Daylight, Rear End, Minor Injury, N, N
AUS,2,0,0,1,2017, September, Wednesday,9:40,60, Dry, N, Daylight, Rear End, Minor Injury, N, N
AUS,2,0,0,1,2017, September, Wednesday,9:20,60, Wet, N, Daylight, Rear End, Minor Injury, N, N
AUS,2,0,0,0,2017, September, Wednesday,8:20,60, Dry, N, Daylight, Side Swipe, Not Injured, N, N
AUS,2,0,0,1,2017, September, Tuesday,20:30,50, Dry, N, Night, Head On, Minor Injury, N, N
AUS,2,0,0,0,2017, September, Wednesday,15:30,80, Dry, N, Daylight, Hit Fixed Object, Not Injured, N, N
AUS,2,0,0,0,2017, September, Wednesday,15:20,60, Dry, N, Daylight, Right Angle, Not Injured, N, N
AUS,2,0,0,0,2017, September, Wednesday,15:40,80, Wet, Y, Daylight, Rear End, Not Injured, N, N
AUS,3,0,0,1,2017, September, Wednesday,15:00,80, Wet, Y, Daylight, Hit Fixed Object, Minor Injury, N, N
AUS,2,0,0,1,2017, September, Wednesday,17:30,60, Wet, Y, Daylight, Hit Pedestrian, Minor Injury, N, N
AUS,2,0,0,2,2017, September, Wednesday,17:30,80, Dry, N, Daylight, Right Angle, Minor Injury, N, N
AUS,2,0,0,0,2017, September, Wednesday,15:20,60, Wet, Y, Daylight, Right Angle, Not Injured, N, N
AUS,3,0,0,0,2017, September, Tuesday,21:10,50, Dry, N, Night, Rear End, Not Injured, N, N
AUS,3,0,0,2,2017, September, Wednesday,17:40,80, Dry, N, Daylight, Rear End, Minor Injury, N, Y
AUS,3,0,0,0,2017, September, Wednesday,16:50,60, Wet, N, Daylight, Hit Fixed Object, Not Injured, N, N
AUS,2,0,0,0,2017, September, Wednesday,9:20,80, Wet, Y, Daylight, Right Angle, Not Injured, N, N
AUS,2,0,0,0,2017, September, Wednesday,17:20,50, Dry, N, Daylight, Rear End, Not Injured, N, N
AUS,2,0,0,0,2017, September, Wednesday,17:00,80, Wet, N, Daylight, Right Angle, Not Injured, N, N
AUS,2,0,0,0,2017, September, Thursday,7:00,60, Wet, Y, Daylight, Right Angle, Not Injured, N, N
AUS,2,0,0,0,2017, September, Thursday,5:40,50, Dry, N, Night, Side Swipe, Not Injured, N, N
AUS,2,0,0,0,2017, September, Thursday,8:20,50, Wet, Y, Daylight, Right Angle, Not Injured, N, N
AUS,2,0,0,1,2017, September, Wednesday,17:40,50, Wet, Y, Daylight, Rear End, Minor Injury, N, N