Nation,Total Units,Total Fatalities,Total Serious Injuries,Total Minor Injuries,Year,Month,Day,Time,Speed Limit,Moisture,Adverse Weather Conditions,DayNight,Crash Type,Crash Severity,Alcohol Related ,Drug Related
AUS,3,0,0,0,2017, September, Thursday,8:00,60, Wet, Y, Daylight, Rear End, Not Injured, N, N
AUS,2,0,0,0,2017, September, Thursday,9:50,60, Dry, N, Daylight, Right Angle, Not Injured, N, N
AUS,2,0,0,0,2017, September, Thursday,8:00,50, Dry, N, Daylight, Right Angle, Not Injured, N, N
AUS,2,0,0,1,2017, September, Wednesday,16:10,50, Dry, N, Daylight, Right Angle, Minor Injury, N, N
AUS,2,0,0,1,2017, September, Wednesday,10:40,60, Dry, N, Daylight, Right Angle, Minor Injury, N, N
AUS,2,0,0,0,2017, September, Thursday,10:20,60, Dry, N, Daylight, Right Angle, Not Injured, N, N
AUS,2,0,0,0,2017, September, Thursday,9:50,50, Dry, N, Daylight, Right Angle, Not Injured, N, N
AUS,2,0,0,1,2017, September, Thursday,6:40,60, Wet, Y, Daylight, Rear End, Minor Injury, N, N
AUS,2,0,0,0,2017, September, Thursday,12:20,60, Dry, N, Daylight, Right Angle, Not Injured, N, N
AUS,2,0,0,0,2017, September, Thursday,13:00,60, Dry, N, Daylight, Right Angle, Not Injured, N, N
AUS,2,0,0,0,2017, September, Wednesday,6:30,50, Dry, N, Daylight, Side Swipe, Not Injured, N, N
AUS,2,0,0,2,2017, September, Wednesday,15:40,50, Wet, Y, Daylight, Rear End, Minor Injury, N, N
AUS,2,0,0,0,2017, September, Thursday,16:00,60, Wet, Y, Daylight, Hit Fixed Object, Not Injured, N, N
AUS,2,0,1,0,2017, September, Thursday,15:50,50, Dry, N, Daylight, Right Angle, Major Injury, N, N
AUS,2,0,0,0,2017, September, Thursday,16:10,50, Dry, N, Daylight, Rear End, Not Injured, N, N
AUS,2,0,0,1,2017, September, Thursday,14:20,60, Dry, N, Daylight, Hit Fixed Object, Minor Injury, N, N
AUS,2,0,0,1,2017, September, Thursday,17:00,60, Dry, N, Daylight, Rear End, Minor Injury, N, N
AUS,2,0,0,1,2017, September, Thursday,17:30,60, Dry, N, Daylight, Rear End, Minor Injury, N, N
AUS,3,0,0,0,2017, September, Thursday,16:40,60, Dry, N, Daylight, Rear End, Not Injured, N, N
AUS,2,0,0,0,2017, September, Wednesday,10:50,50, Wet, Y, Daylight, Right Angle, Not Injured, N, N
AUS,2,0,0,0,2017, September, Thursday,11:20,60, Dry, N, Daylight, Rear End, Not Injured, N, N
AUS,2,0,0,0,2017, September, Thursday,17:30,60, Dry, N, Daylight, Right Angle, Not Injured, N, N
AUS,2,0,0,2,2017, September, Thursday,16:40,60, Dry, N, Daylight, Rear End, Minor Injury, N, N
AUS,2,0,0,1,2017, September, Thursday,15:50,60, Wet, Y, Daylight, Rear End, Minor Injury, N, N
AUS,2,0,0,0,2017, September, Wednesday,12:00,60, Dry, N, Daylight, Rear End, Not Injured, N, N
AUS,2,0,0,0,2017, September, Thursday,20:00,110, Dry, N, Night, Rear End, Not Injured, N, N
AUS,2,0,0,0,2017, September, Thursday,22:10,80, Wet, Y, Night, Hit Fixed Object, Not Injured, N, N
AUS,2,0,0,0,2017, September, Thursday,21:50,110, Dry, N, Night, Hit Fixed Object, Not Injured, N, N
AUS,2,0,0,0,2017, September, Thursday,20:00,50, Dry, N, Night, Hit Fixed Object, Not Injured, Y, N
AUS,3,0,0,0,2017, September, Friday,5:50,80, Dry, N, Night, Rear End, Not Injured, N, N
AUS,2,0,0,0,2017, September, Friday,6:30,60, Dry, N, Daylight, Right Angle, Not Injured, N, N
AUS,2,0,0,1,2017, September, Wednesday,14:00,80, Wet, Y, Daylight, Hit Fixed Object, Minor Injury, N, N
AUS,2,0,0,0,2017, September, Thursday,19:50,60, Dry, N, Night, Rear End, Not Injured, N, N
AUS,2,0,0,0,2017, September, Friday,8:10,50, Dry, N, Daylight, Side Swipe, Not Injured, N, N
AUS,2,0,0,0,2017, September, Friday,9:30,60, Dry, N, Daylight, Rear End, Not Injured, N, N
AUS,2,0,0,0,2017, September, Thursday,17:30,50, Dry, N, Daylight, Rear End, Not Injured, N, N
AUS,2,0,0,0,2017, September, Thursday,23:00,50, Wet, N, Night, Hit Fixed Object, Not Injured, N, N
AUS,3,0,0,0,2017, September, Friday,8:50,80, Dry, N, Daylight, Rear End, Not Injured, N, N
AUS,2,0,0,5,2017, September, Friday,12:10,100, Dry, N, Daylight, Rear End, Minor Injury, N, N
AUS,3,0,0,2,2017, September, Friday,11:30,80, Dry, N, Daylight, Right Angle, Minor Injury, N, N
AUS,2,0,0,0,2017, September, Friday,11:30,110, Dry, N, Daylight, Side Swipe, Not Injured, N, N
AUS,3,0,0,1,2017, September, Friday,11:50,80, Dry, N, Daylight, Rear End, Minor Injury, N, N
AUS,2,0,0,1,2017, September, Tuesday,12:20,60, Dry, N, Daylight, Rear End, Minor Injury, N, N
AUS,2,0,0,3,2017, September, Thursday,8:50,60, Dry, N, Daylight, Rear End, Minor Injury, N, N
AUS,2,0,1,0,2017, September, Monday,13:10,50, Dry, N, Daylight, Right Angle, Major Injury, N, N
AUS,2,0,0,0,2017, September, Friday,9:00,50, Dry, N, Daylight, Right Angle, Not Injured, N, N
AUS,2,0,0,1,2017, September, Friday,9:00,110, Dry, N, Daylight, Hit Fixed Object, Minor Injury, N, N
AUS,2,0,0,0,2017, September, Friday,15:50,60, Dry, N, Daylight, Side Swipe, Not Injured, N, N
AUS,2,0,0,0,2017, September, Tuesday,18:40,50, Dry, N, Night, Side Swipe, Not Injured, N, N
AUS,2,0,0,0,2017, September, Tuesday,15:40,60, Dry, N, Daylight, Right Angle, Not Injured, N, N
AUS,2,0,0,0,2017, September, Thursday,19:20,100, Dry, N, Night, Rear End, Not Injured, N, N
AUS,2,0,0,0,2017, September, Friday,16:40,60, Dry, N, Daylight, Right Angle, Not Injured, N, N
AUS,3,0,0,1,2017, September, Friday,17:50,60, Dry, N, Daylight, Hit Fixed Object, Minor Injury, N, N
AUS,2,0,1,0,2017, September, Wednesday,21:00,60, Wet, Y, Night, Right Angle, Major Injury, N, N
AUS,2,0,0,0,2017, September, Friday,16:40,60, Dry, N, Daylight, Rear End, Not Injured, N, N
AUS,2,0,0,0,2017, September, Friday,18:20,50, Dry, N, Night, Hit Fixed Object, Not Injured, Y, N
AUS,3,0,0,0,2017, September, Friday,16:00,50, Dry, N, Daylight, Right Angle, Not Injured, N, N
AUS,2,0,0,0,2017, September, Friday,21:20,60, Dry, N, Night, Right Angle, Not Injured, N, N
AUS,2,0,0,0,2017, September, Friday,20:50,60, Dry, N, Night, Right Angle, Not Injured, N, N
AUS,2,0,0,0,2017, September, Friday,17:30,100, Dry, N, Daylight, Head On, Not Injured, N, N
AUS,2,0,0,1,2017, September, Saturday,4:20,60, Dry, N, Night, Hit Fixed Object, Minor Injury, N, N
AUS,2,0,0,0,2017, September, Saturday,2:20,50, Wet, N, Night, Hit Fixed Object, Not Injured, Y, N
AUS,2,0,0,0,2017, September, Friday,14:40,50, Dry, N, Daylight, Rear End, Not Injured, N, N
AUS,2,0,0,0,2017, September, Friday,17:20,60, Dry, N, Daylight, Right Angle, Not Injured, N, N
AUS,2,0,0,0,2017, September, Friday,18:30,60, Dry, N, Night, Hit Pedestrian, Not Injured, N, N
AUS,2,0,0,0,2017, September, Saturday,10:10,60, Dry, N, Daylight, Rear End, Not Injured, N, N
AUS,2,0,0,0,2017, September, Friday,12:30,60, Dry, N, Daylight, Side Swipe, Not Injured, N, N
AUS,2,0,0,0,2017, September, Saturday,10:10,90, Dry, N, Daylight, Rear End, Not Injured, N, N
AUS,2,0,0,0,2017, September, Saturday,11:10,50, Dry, N, Daylight, Right Angle, Not Injured, N, N
AUS,2,0,0,0,2017, September, Saturday,12:00,60, Dry, N, Daylight, Rear End, Not Injured, N, N
AUS,2,0,0,0,2017, September, Saturday,12:00,50, Dry, N, Daylight, Right Angle, Not Injured, N, N
AUS,2,0,0,0,2017, September, Friday,15:30,60, Dry, N, Daylight, Rear End, Not Injured, N, N
AUS,2,0,0,0,2017, September, Friday,11:20,50, Dry, N, Daylight, Hit Fixed Object, Not Injured, N, N
AUS,2,0,0,0,2017, September, Friday,17:50,60, Dry, N, Daylight, Rear End, Not Injured, N, N
AUS,2,0,0,0,2017, September, Friday,18:30,60, Dry, N, Night, Hit Fixed Object, Not Injured, N, N
AUS,2,0,0,0,2017, September, Saturday,16:50,50, Dry, N, Daylight, Hit Fixed Object, Not Injured, N, N
AUS,2,0,0,0,2017, September, Saturday,21:10,60, Dry, N, Night, Rear End, Not Injured, N, N
AUS,2,0,0,0,2017, September, Saturday,20:50,50, Dry, N, Night, Hit Fixed Object, Not Injured, N, N
AUS,2,0,0,0,2017, September, Saturday,18:00,100, Dry, N, Daylight, Hit Fixed Object, Not Injured, N, N
AUS,2,0,0,1,2017, September, Saturday,22:00,60, Dry, N, Night, Hit Fixed Object, Minor Injury, N, N
AUS,2,0,0,0,2017, September, Saturday,22:30,60, Dry, N, Night, Hit Fixed Object, Not Injured, N, N
AUS,2,0,0,2,2017, September, Saturday,16:00,60, Dry, N, Daylight, Right Angle, Minor Injury, N, N
AUS,3,0,0,0,2017, September, Saturday,15:10,50, Dry, N, Daylight, Right Angle, Not Injured, N, N
AUS,2,0,0,0,2017, September, Saturday,9:50,60, Dry, N, Daylight, Right Angle, Not Injured, N, N
AUS,2,0,0,0,2017, September, Saturday,14:40,50, Dry, N, Daylight, Rear End, Not Injured, N, N
AUS,2,0,0,0,2017, September, Saturday,11:50,60, Dry, N, Daylight, Rear End, Not Injured, N, N
AUS,2,0,0,2,2017, September, Sunday,11:50,80, Dry, N, Daylight, Right Angle, Minor Injury, N, N
AUS,2,0,0,0,2017, September, Sunday,10:40,100, Dry, N, Daylight, Hit Fixed Object, Not Injured, N, N
AUS,3,0,0,1,2017, September, Sunday,13:50,80, Dry, N, Daylight, Rear End, Minor Injury, N, N
AUS,2,0,0,0,2017, September, Sunday,13:00,60, Dry, N, Daylight, Right Angle, Not Injured, N, N
AUS,2,0,0,0,2017, September, Sunday,14:00,50, Dry, N, Daylight, Side Swipe, Not Injured, N, N
AUS,2,0,0,0,2017, September, Saturday,21:30,50, Dry, N, Night, Hit Fixed Object, Not Injured, N, N
AUS,2,0,0,0,2017, September, Saturday,17:20,110, Dry, N, Daylight, Hit Fixed Object, Not Injured, N, N
AUS,2,0,0,1,2017, September, Saturday,20:30,80, Dry, N, Night, Hit Fixed Object, Minor Injury, Y, N
AUS,2,0,0,5,2017, September, Sunday,14:50,50, Dry, N, Daylight, Head On, Minor Injury, N, N
AUS,2,0,0,0,2017, September, Sunday,16:00,60, Dry, N, Daylight, Right Angle, Not Injured, N, N
AUS,2,0,0,0,2017, September, Saturday,21:30,60, Dry, N, Night, Rear End, Not Injured, Y, N
AUS,2,0,0,0,2017, September, Sunday,16:20,50, Dry, N, Daylight, Hit Fixed Object, Not Injured, N, N
AUS,2,0,0,0,2017, September, Sunday,15:20,80, Dry, N, Daylight, Hit Fixed Object, Not Injured, N, N
AUS,2,0,0,0,2017, September, Sunday,17:50,50, Dry, N, Daylight, Hit Fixed Object, Not Injured, N, N
AUS,2,0,0,1,2017, September, Monday,6:00,80, Dry, N, Night, Hit Fixed Object, Minor Injury, N, N
AUS,2,0,0,0,2017, September, Monday,8:50,60, Dry, N, Daylight, Right Angle, Not Injured, N, N
AUS,2,0,0,0,2017, September, Monday,8:00,60, Dry, N, Daylight, Side Swipe, Not Injured, N, N
AUS,3,0,0,0,2017, September, Wednesday,16:50,40, Dry, N, Daylight, Hit Fixed Object, Not Injured, N, N
AUS,2,0,0,0,2017, September, Monday,8:00,100, Dry, N, Daylight, Rear End, Not Injured, N, N
AUS,2,0,0,1,2017, September, Monday,8:50,60, Dry, N, Daylight, Rear End, Minor Injury, N, N
AUS,2,0,1,0,2017, September, Sunday,10:20,100, Dry, N, Daylight, Hit Fixed Object, Major Injury, N, N
AUS,2,0,0,1,2017, September, Monday,8:30,60, Dry, N, Daylight, Right Angle, Minor Injury, N, N
AUS,2,0,0,2,2017, September, Monday,11:50,50, Dry, N, Daylight, Right Angle, Minor Injury, N, N
AUS,2,0,0,0,2017, August, Monday,8:30,60, Dry, N, Daylight, Side Swipe, Not Injured, N, N
AUS,2,0,0,0,2017, September, Monday,11:10,60, Wet, Y, Daylight, Rear End, Not Injured, N, N
AUS,2,0,0,1,2017, September, Monday,11:20,60, Wet, Y, Daylight, Right Angle, Minor Injury, N, N
AUS,2,0,1,0,2017, September, Monday,13:20,110, Wet, Y, Daylight, Hit Fixed Object, Major Injury, N, N
AUS,2,0,0,0,2017, September, Thursday,12:30,60, Dry, N, Daylight, Hit Fixed Object, Not Injured, N, N
AUS,2,0,0,0,2017, September, Monday,10:50,60, Wet, Y, Daylight, Head On, Not Injured, N, N
AUS,2,0,0,0,2017, September, Saturday,22:00,50, Dry, N, Night, Hit Pedestrian, Not Injured, N, N
AUS,2,0,0,2,2017, September, Saturday,6:20,60, Dry, N, Daylight, Right Angle, Minor Injury, N, N
AUS,2,0,0,0,2017, September, Monday,15:20,50, Dry, N, Daylight, Right Angle, Not Injured, N, N
AUS,2,0,0,1,2017, September, Monday,17:00,100, Dry, N, Daylight, Right Angle, Minor Injury, N, N
AUS,2,0,0,0,2017, September, Monday,16:10,60, Dry, N, Daylight, Rear End, Not Injured, N, N
AUS,3,0,1,0,2017, September, Monday,17:30,60, Dry, N, Daylight, Rear End, Major Injury, N, N
AUS,2,0,0,1,2017, September, Monday,17:30,60, Dry, N, Daylight, Right Angle, Minor Injury, N, N
AUS,2,0,0,0,2017, September, Monday,17:10,50, Dry, N, Daylight, Hit Pedestrian, Not Injured, N, N
AUS,2,0,0,0,2017, September, Monday,16:50,70, Dry, N, Daylight, Side Swipe, Not Injured, N, N
AUS,2,0,0,1,2017, September, Monday,17:50,100, Dry, N, Daylight, Hit Fixed Object, Minor Injury, N, N
AUS,3,0,0,1,2017, September, Monday,20:50,50, Dry, N, Night, Right Angle, Minor Injury, N, N
AUS,3,0,0,0,2017, September, Monday,8:40,60, Dry, N, Daylight, Rear End, Not Injured, N, N
AUS,2,0,0,1,2017, September, Monday,9:20,60, Dry, N, Daylight, Side Swipe, Minor Injury, N, N
AUS,2,0,0,1,2017, September, Tuesday,10:20,60, Dry, N, Daylight, Right Angle, Minor Injury, N, N
AUS,2,0,0,0,2017, September, Tuesday,8:20,60, Dry, N, Daylight, Rear End, Not Injured, N, N
AUS,2,0,0,2,2017, September, Tuesday,9:20,60, Dry, N, Daylight, Rear End, Minor Injury, N, N
AUS,4,0,0,0,2017, September, Tuesday,10:20,50, Dry, N, Daylight, Hit Fixed Object, Not Injured, N, N
AUS,2,0,0,0,2017, September, Tuesday,10:40,50, Wet, Y, Daylight, Rear End, Not Injured, N, N
AUS,3,0,0,1,2017, September, Tuesday,12:10,60, Dry, N, Daylight, Rear End, Minor Injury, N, N
AUS,2,0,0,1,2017, September, Tuesday,11:50,60, Dry, N, Daylight, Right Angle, Minor Injury, N, N
AUS,2,0,0,1,2017, September, Tuesday,12:30,60, Dry, N, Daylight, Rear End, Minor Injury, N, N
AUS,2,0,0,0,2017, September, Tuesday,11:50,50, Dry, N, Daylight, Hit Fixed Object, Not Injured, N, N
AUS,2,0,0,1,2017, September, Monday,8:30,60, Dry, N, Daylight, Rear End, Minor Injury, N, N
AUS,2,0,0,0,2017, September, Tuesday,14:50,60, Dry, N, Daylight, Right Angle, Not Injured, N, N
AUS,2,0,0,1,2017, September, Tuesday,14:30,80, Dry, N, Daylight, Hit Fixed Object, Minor Injury, N, Y
AUS,2,0,0,0,2017, September, Tuesday,14:20,50, Dry, N, Daylight, Hit Fixed Object, Not Injured, N, N
AUS,4,0,0,0,2017, September, Tuesday,14:30,60, Dry, N, Daylight, Rear End, Not Injured, N, N
AUS,2,0,0,1,2017, September, Tuesday,16:30,60, Dry, N, Daylight, Hit Fixed Object, Minor Injury, N, N
AUS,2,0,0,0,2017, September, Tuesday,16:20,70, Dry, N, Daylight, Side Swipe, Not Injured, N, N
AUS,3,0,0,1,2017, September, Tuesday,17:10,90, Dry, N, Daylight, Rear End, Minor Injury, N, N
AUS,2,0,0,0,2017, September, Tuesday,8:30,60, Dry, N, Daylight, Rear End, Not Injured, N, N
AUS,2,0,0,0,2017, September, Tuesday,15:20,50, Dry, N, Daylight, Right Angle, Not Injured, N, N
AUS,2,0,0,1,2017, September, Tuesday,17:20,110, Dry, N, Daylight, Rear End, Minor Injury, N, N
AUS,2,0,0,1,2017, September, Tuesday,17:00,110, Dry, N, Daylight, Hit Fixed Object, Minor Injury, N, N
AUS,2,0,0,0,2017, September, Tuesday,19:00,70, Dry, N, Night, Right Angle, Not Injured, N, N
AUS,2,0,0,1,2017, September, Tuesday,15:20,50, Dry, N, Daylight, Hit Pedestrian, Minor Injury, N, N
AUS,2,1,0,0,2017, September, Tuesday,13:30,110, Dry, N, Daylight, Right Angle, Fatal, N, N
AUS,3,0,0,0,2017, September, Tuesday,19:30,50, Dry, N, Night, Hit Fixed Object, Not Injured, N, N
AUS,4,0,0,1,2017, September, Tuesday,6:40,100, Dry, N, Daylight, Side Swipe, Minor Injury, N, N
AUS,2,0,1,0,2017, September, Tuesday,11:30,80, Dry, N, Daylight, Hit Fixed Object, Major Injury, N, N
AUS,2,0,0,1,2017, September, Wednesday,7:40,80, Dry, N, Daylight, Rear End, Minor Injury, N, N
AUS,2,0,0,0,2017, September, Wednesday,7:30,60, Dry, N, Daylight, Right Angle, Not Injured, N, N
AUS,2,0,0,0,2017, September, Wednesday,8:50,40, Dry, N, Daylight, Side Swipe, Not Injured, N, N
AUS,2,0,0,0,2017, September, Tuesday,12:00,50, Dry, N, Daylight, Hit Fixed Object, Not Injured, N, N
AUS,2,0,0,0,2017, September, Tuesday,14:30,80, Dry, N, Daylight, Head On, Not Injured, N, N
AUS,2,0,0,0,2017, September, Wednesday,11:00,60, Dry, N, Daylight, Right Angle, Not Injured, N, N
AUS,2,0,0,0,2017, September, Tuesday,14:10,60, Dry, N, Daylight, Right Angle, Not Injured, N, N
AUS,2,0,0,1,2017, September, Tuesday,14:20,60, Dry, N, Daylight, Rear End, Minor Injury, N, N
AUS,2,0,0,0,2017, September, Saturday,16:20,60, Dry, N, Daylight, Side Swipe, Not Injured, N, N
AUS,2,0,0,0,2017, September, Wednesday,10:30,60, Dry, N, Daylight, Side Swipe, Not Injured, N, N
AUS,2,0,0,0,2017, September, Wednesday,8:50,60, Dry, N, Daylight, Rear End, Not Injured, N, N
AUS,2,0,0,1,2017, September, Tuesday,12:10,60, Dry, N, Daylight, Rear End, Minor Injury, N, N
AUS,3,0,0,0,2017, September, Wednesday,9:50,60, Dry, N, Daylight, Rear End, Not Injured, N, N
AUS,2,0,0,1,2017, September, Wednesday,5:50,80, Wet, Y, Night, Rear End, Minor Injury, N, N
AUS,3,0,0,3,2017, September, Wednesday,12:30,50, Dry, N, Daylight, Right Angle, Minor Injury, N, N
AUS,2,0,0,0,2017, September, Wednesday,13:00,60, Dry, N, Daylight, Rear End, Not Injured, N, N
AUS,2,0,0,0,2017, September, Saturday,19:00,60, Dry, N, Night, Side Swipe, Not Injured, N, N
AUS,2,0,0,0,2017, September, Wednesday,13:40,80, Dry, N, Daylight, Side Swipe, Not Injured, N, N
AUS,2,0,0,0,2017, September, Wednesday,8:00,80, Dry, N, Daylight, Hit Fixed Object, Not Injured, N, N
AUS,2,0,0,0,2017, September, Tuesday,17:40,80, Dry, N, Daylight, Rear End, Not Injured, N, N
AUS,2,0,0,0,2017, September, Wednesday,16:50,60, Dry, N, Daylight, Rear End, Not Injured, N, N
AUS,2,0,0,0,2017, September, Wednesday,14:50,60, Dry, N, Daylight, Rear End, Not Injured, N, N
AUS,2,0,0,1,2017, September, Wednesday,17:40,70, Dry, N, Daylight, Rear End, Minor Injury, N, N
AUS,2,0,0,1,2017, August, Tuesday,15:00,50, Dry, N, Daylight, Rear End, Minor Injury, N, N
AUS,3,0,1,1,2017, September, Wednesday,17:40,50, Dry, N, Daylight, Right Angle, Major Injury, N, N
AUS,2,0,0,1,2017, September, Wednesday,22:20,80, Dry, N, Night, Rear End, Minor Injury, N, N
AUS,2,0,0,0,2017, September, Thursday,5:00,110, Dry, N, Night, Hit Fixed Object, Not Injured, N, N
AUS,2,0,0,1,2017, September, Thursday,2:30,110, Dry, N, Night, Head On, Minor Injury, N, N
AUS,2,0,0,0,2017, September, Thursday,7:50,60, Dry, N, Daylight, Right Angle, Not Injured, N, N
AUS,2,0,0,0,2017, September, Thursday,8:30,60, Dry, N, Daylight, Side Swipe, Not Injured, N, N
AUS,2,0,0,0,2017, September, Thursday,7:10,50, Dry, N, Daylight, Side Swipe, Not Injured, N, N
AUS,3,0,0,1,2017, September, Thursday,9:10,60, Dry, N, Daylight, Rear End, Minor Injury, N, N
AUS,3,0,0,0,2017, September, Thursday,8:30,60, Dry, N, Daylight, Side Swipe, Not Injured, N, N
AUS,4,0,0,0,2017, September, Thursday,7:30,60, Dry, N, Daylight, Rear End, Not Injured, N, N
AUS,2,0,0,1,2017, September, Thursday,9:10,100, Dry, N, Daylight, Hit Fixed Object, Minor Injury, N, N
AUS,3,0,0,2,2017, September, Thursday,11:30,60, Dry, N, Daylight, Rear End, Minor Injury, N, N
AUS,2,0,0,0,2017, September, Friday,14:00,40, Dry, N, Daylight, Right Angle, Not Injured, N, N
AUS,2,0,0,2,2017, September, Thursday,15:20,50, Dry, N, Daylight, Right Angle, Minor Injury, N, N
AUS,2,0,0,1,2017, September, Wednesday,14:40,60, Dry, N, Daylight, Rear End, Minor Injury, N, N
AUS,2,0,0,0,2017, September, Wednesday,17:00,60, Dry, N, Daylight, Rear End, Not Injured, N, N
AUS,2,0,0,0,2017, September, Thursday,13:00,60, Dry, N, Daylight, Side Swipe, Not Injured, N, N
AUS,2,0,0,1,2017, September, Thursday,15:40,50, Dry, N, Daylight, Rear End, Minor Injury, N, N
AUS,2,0,0,0,2017, September, Thursday,17:10,50, Dry, N, Daylight, Rear End, Not Injured, N, N
AUS,2,0,0,0,2017, September, Thursday,16:20,50, Dry, N, Daylight, Side Swipe, Not Injured, N, N
AUS,2,0,0,0,2017, September, Thursday,17:20,50, Dry, N, Daylight, Right Angle, Not Injured, N, N
AUS,5,0,0,0,2017, September, Thursday,16:50,100, Dry, N, Daylight, Rear End, Not Injured, N, N
AUS,2,0,0,0,2017, September, Thursday,18:10,60, Dry, N, Daylight, Right Angle, Not Injured, N, N
AUS,2,0,0,0,2017, September, Thursday,18:50,80, Dry, N, Night, Right Angle, Not Injured, N, N
AUS,2,0,0,1,2017, September, Thursday,18:10,40, Dry, N, Night, Right Angle, Minor Injury, N, N
AUS,2,0,0,1,2017, September, Thursday,20:30,50, Dry, N, Night, Right Angle, Minor Injury, N, N
AUS,2,0,0,1,2017, September, Thursday,20:00,50, Dry, N, Night, Hit Pedestrian, Minor Injury, N, N
AUS,2,0,0,1,2017, September, Friday,1:00,110, Dry, N, Night, Hit Fixed Object, Minor Injury, N, N
AUS,3,1,0,0,2017, September, Thursday,23:20,40, Dry, N, Night, Hit Fixed Object, Fatal, Y, Y
AUS,2,0,1,1,2017, September, Thursday,12:30,50, Dry, N, Daylight, Right Angle, Major Injury, N, N
AUS,4,0,0,3,2017, September, Friday,7:40,70, Dry, N, Daylight, Rear End, Minor Injury, N, N
AUS,2,0,0,1,2017, September, Thursday,11:50,50, Dry, N, Daylight, Hit Fixed Object, Minor Injury, N, N
AUS,5,0,0,0,2017, September, Friday,8:30,100, Dry, N, Daylight, Hit Fixed Object, Not Injured, N, N
AUS,2,0,0,0,2017, September, Thursday,7:50,60, Dry, N, Daylight, Right Angle, Not Injured, N, N
AUS,3,0,0,2,2017, September, Friday,8:50,60, Dry, N, Daylight, Rear End, Minor Injury, N, N
AUS,2,0,0,1,2017, September, Friday,10:00,110, Dry, N, Daylight, Hit Fixed Object, Minor Injury, N, N
AUS,2,0,0,1,2017, September, Thursday,14:40,50, Dry, N, Daylight, Right Angle, Minor Injury, N, N
AUS,2,0,0,1,2017, September, Friday,9:00,100, Dry, N, Daylight, Side Swipe, Minor Injury, N, N
AUS,2,0,0,1,2017, September, Thursday,19:20,50, Dry, N, Night, Hit Fixed Object, Minor Injury, Y, N
AUS,2,0,0,1,2017, September, Thursday,16:00,60, Dry, N, Daylight, Right Angle, Minor Injury, N, N
AUS,2,0,0,0,2017, September, Friday,12:20,60, Dry, N, Daylight, Side Swipe, Not Injured, N, N
AUS,5,0,0,0,2017, September, Friday,0:00,70, Dry, N, Daylight, Rear End, Not Injured, N, N
AUS,2,0,0,2,2017, September, Friday,9:20,60, Dry, N, Daylight, Right Angle, Minor Injury, N, N
AUS,3,0,0,0,2017, September, Friday,12:10,60, Dry, N, Daylight, Rear End, Not Injured, N, N
AUS,2,0,0,0,2017, September, Thursday,18:40,60, Dry, N, Night, Rear End, Not Injured, N, N
AUS,2,0,0,0,2017, September, Friday,15:50,80, Dry, N, Daylight, Rear End, Not Injured, N, N
AUS,2,0,0,0,2017, September, Friday,12:30,80, Dry, N, Daylight, Hit Fixed Object, Not Injured, N, N
AUS,2,0,0,1,2017, September, Friday,9:50,50, Dry, N, Daylight, Rear End, Minor Injury, N, N
AUS,2,0,0,1,2017, September, Friday,15:30,90, Dry, N, Daylight, Right Angle, Minor Injury, N, N
AUS,2,0,0,1,2017, September, Friday,14:30,50, Dry, N, Daylight, Hit Pedestrian, Minor Injury, N, N
AUS,2,0,0,0,2017, September, Friday,15:20,50, Dry, N, Daylight, Side Swipe, Not Injured, N, N
AUS,2,0,0,0,2017, September, Friday,16:20,60, Dry, N, Daylight, Side Swipe, Not Injured, N, N
AUS,2,0,0,2,2017, September, Friday,15:10,60, Dry, N, Daylight, Right Angle, Minor Injury, N, N
AUS,2,0,0,0,2017, September, Friday,14:40,60, Dry, N, Daylight, Rear End, Not Injured, N, N
AUS,3,0,0,0,2017, September, Friday,13:20,50, Dry, N, Daylight, Hit Pedestrian, Not Injured, N, N
AUS,2,0,0,0,2017, September, Friday,15:00,60, Dry, N, Daylight, Rear End, Not Injured, N, N
AUS,2,0,0,2,2017, September, Wednesday,19:20,50, Dry, N, Night, Head On, Minor Injury, N, N
AUS,3,0,0,1,2017, September, Friday,16:40,50, Dry, N, Daylight, Right Angle, Minor Injury, N, N
AUS,2,0,0,0,2017, September, Friday,17:40,70, Dry, N, Daylight, Hit Pedestrian, Not Injured, N, N
AUS,2,0,0,0,2017, September, Friday,17:40,50, Dry, N, Daylight, Hit Pedestrian, Not Injured, N, N
AUS,2,0,0,0,2017, September, Friday,17:00,60, Dry, N, Daylight, Rear End, Not Injured, N, N
AUS,4,0,0,1,2017, September, Friday,18:00,60, Dry, N, Daylight, Rear End, Minor Injury, N, N
AUS,2,0,0,2,2017, September, Friday,16:40,100, Dry, N, Daylight, Right Angle, Minor Injury, N, N