Nation,Total Units,Total Fatalities,Total Serious Injuries,Total Minor Injuries,Year,Month,Day,Time,Speed Limit,Moisture,Adverse Weather Conditions,DayNight,Crash Type,Crash Severity,Alcohol Related ,Drug Related
AUS,2,0,0,1,2017, November, Wednesday,13:10,110, Dry, N, Daylight, Rear End, Minor Injury, N, N
AUS,2,0,0,1,2017, November, Tuesday,22:30,60, Dry, N, Night, Hit Fixed Object, Minor Injury, N, N
AUS,2,0,0,0,2017, November, Tuesday,19:40,60, Dry, N, Daylight, Rear End, Not Injured, N, N
AUS,3,0,0,1,2017, November, Wednesday,15:20,60, Dry, N, Daylight, Rear End, Minor Injury, N, N
AUS,2,0,0,1,2017, November, Wednesday,15:40,110, Dry, N, Daylight, Hit Fixed Object, Minor Injury, N, N
AUS,2,0,0,0,2017, November, Wednesday,17:30,60, Dry, N, Daylight, Rear End, Not Injured, N, N
AUS,2,0,0,0,2017, November, Wednesday,18:00,60, Dry, N, Daylight, Rear End, Not Injured, N, N
AUS,2,0,0,1,2017, November, Tuesday,17:50,50, Dry, N, Daylight, Rear End, Minor Injury, N, N
AUS,2,0,0,1,2017, November, Wednesday,17:00,60, Dry, N, Daylight, Rear End, Minor Injury, N, N
AUS,3,0,0,1,2017, November, Wednesday,16:20,100, Dry, N, Daylight, Hit Fixed Object, Minor Injury, N, N
AUS,2,0,0,0,2017, November, Wednesday,17:30,60, Dry, N, Daylight, Rear End, Not Injured, N, N
AUS,2,0,0,1,2017, November, Wednesday,14:00,60, Dry, N, Daylight, Head On, Minor Injury, N, N
AUS,2,0,0,2,2017, November, Wednesday,18:50,50, Dry, N, Daylight, Right Angle, Minor Injury, N, N
AUS,2,0,0,0,2017, November, Wednesday,17:40,60, Dry, N, Daylight, Side Swipe, Not Injured, N, N
AUS,2,0,0,1,2017, November, Wednesday,17:30,110, Dry, N, Daylight, Head On, Minor Injury, N, Y
AUS,2,0,0,0,2017, November, Wednesday,19:00,60, Dry, N, Daylight, Rear End, Not Injured, N, N
AUS,2,0,0,0,2017, November, Wednesday,18:10,60, Dry, N, Daylight, Rear End, Not Injured, N, N
AUS,2,0,0,1,2017, November, Wednesday,20:50,50, Dry, N, Night, Right Angle, Minor Injury, N, N
AUS,2,0,0,2,2017, November, Wednesday,20:30,80, Dry, N, Night, Right Angle, Minor Injury, N, N
AUS,2,1,0,0,2017, November, Wednesday,23:20,110, Dry, N, Night, Right Angle, Fatal, Y, Y
AUS,2,0,0,0,2017, November, Thursday,2:20,50, Dry, N, Night, Hit Fixed Object, Not Injured, N, N
AUS,2,0,0,0,2017, November, Wednesday,13:00,80, Dry, N, Daylight, Head On, Not Injured, N, N
AUS,2,0,0,0,2017, November, Thursday,7:30,50, Dry, N, Daylight, Right Angle, Not Injured, N, N
AUS,2,0,0,1,2017, November, Thursday,8:50,50, Dry, N, Daylight, Right Angle, Minor Injury, N, N
AUS,2,0,0,0,2017, November, Thursday,9:30,60, Dry, N, Daylight, Right Angle, Not Injured, N, N
AUS,2,0,0,1,2017, November, Thursday,11:40,60, Dry, N, Daylight, Rear End, Minor Injury, N, N
AUS,2,0,0,1,2017, November, Thursday,7:20,50, Dry, N, Daylight, Rear End, Minor Injury, N, N
AUS,2,0,0,0,2017, November, Thursday,10:00,100, Dry, N, Daylight, Right Angle, Not Injured, N, N
AUS,2,0,0,0,2017, November, Thursday,11:50,60, Dry, N, Daylight, Side Swipe, Not Injured, N, N
AUS,2,0,0,0,2017, November, Wednesday,17:30,60, Dry, N, Daylight, Side Swipe, Not Injured, N, N
AUS,2,0,0,0,2017, November, Thursday,14:10,40, Dry, N, Daylight, Right Angle, Not Injured, N, N
AUS,3,0,0,1,2017, November, Thursday,13:30,60, Dry, N, Daylight, Head On, Minor Injury, N, N
AUS,2,0,0,0,2017, November, Wednesday,21:30,80, Dry, N, Night, Hit Fixed Object, Not Injured, N, N
AUS,2,0,0,0,2017, November, Wednesday,14:00,50, Dry, N, Daylight, Side Swipe, Not Injured, N, N
AUS,2,0,0,1,2017, November, Wednesday,19:00,110, Dry, N, Daylight, Side Swipe, Minor Injury, Y, Y
AUS,2,0,0,1,2017, November, Wednesday,15:50,100, Dry, N, Daylight, Hit Fixed Object, Minor Injury, N, N
AUS,3,0,0,1,2017, November, Thursday,12:30,60, Dry, N, Daylight, Side Swipe, Minor Injury, N, N
AUS,2,0,0,0,2017, November, Thursday,15:40,60, Dry, N, Daylight, Right Angle, Not Injured, N, N
AUS,2,0,0,0,2017, November, Thursday,15:50,50, Dry, N, Daylight, Hit Fixed Object, Not Injured, N, N
AUS,2,0,0,0,2017, November, Thursday,8:20,70, Dry, N, Daylight, Rear End, Not Injured, N, N
AUS,2,0,0,0,2017, November, Thursday,15:30,60, Dry, N, Daylight, Right Angle, Not Injured, N, N
AUS,3,0,0,2,2017, November, Thursday,15:40,60, Dry, N, Daylight, Side Swipe, Minor Injury, N, N
AUS,3,0,0,0,2017, November, Thursday,16:10,60, Dry, N, Daylight, Rear End, Not Injured, N, N
AUS,2,0,0,1,2017, November, Thursday,16:00,60, Dry, N, Daylight, Rear End, Minor Injury, N, N
AUS,2,0,0,0,2017, November, Thursday,17:50,50, Dry, N, Daylight, Hit Fixed Object, Not Injured, N, N
AUS,2,0,0,0,2017, November, Thursday,8:30,60, Dry, N, Daylight, Head On, Not Injured, N, N
AUS,3,0,0,0,2017, November, Wednesday,20:30,60, Dry, N, Night, Rear End, Not Injured, N, N
AUS,4,0,0,5,2017, November, Thursday,18:30,60, Dry, N, Daylight, Rear End, Minor Injury, N, N
AUS,2,0,0,0,2017, November, Thursday,16:50,60, Dry, N, Daylight, Right Angle, Not Injured, N, N
AUS,2,0,0,1,2017, November, Thursday,8:40,50, Dry, N, Daylight, Rear End, Minor Injury, N, N
AUS,2,0,0,4,2017, November, Thursday,16:20,100, Dry, N, Daylight, Hit Fixed Object, Minor Injury, Y, N
AUS,2,0,0,0,2017, November, Wednesday,15:00,40, Dry, N, Daylight, Right Angle, Not Injured, N, N
AUS,2,0,0,0,2017, November, Thursday,16:30,60, Dry, N, Daylight, Rear End, Not Injured, N, N
AUS,2,0,0,0,2017, November, Thursday,16:00,100, Dry, N, Daylight, Hit Fixed Object, Not Injured, N, N
AUS,2,0,0,1,2017, November, Thursday,21:10,60, Dry, N, Night, Rear End, Minor Injury, N, N
AUS,2,0,0,0,2017, November, Friday,8:30,50, Dry, N, Daylight, Right Angle, Not Injured, N, N
AUS,2,0,0,0,2017, November, Friday,9:00,60, Dry, N, Daylight, Right Angle, Not Injured, N, N
AUS,2,0,0,0,2017, November, Friday,9:50,80, Dry, N, Daylight, Hit Fixed Object, Not Injured, N, N
AUS,2,0,0,1,2017, August, Wednesday,12:50,60, Dry, N, Daylight, Rear End, Minor Injury, N, N
AUS,2,0,0,1,2017, November, Friday,10:20,60, Dry, N, Daylight, Right Angle, Minor Injury, N, N
AUS,3,0,0,1,2017, November, Friday,12:10,60, Dry, N, Daylight, Rear End, Minor Injury, N, N
AUS,2,0,0,0,2017, November, Friday,0:20,50, Dry, N, Night, Hit Fixed Object, Not Injured, N, N
AUS,3,0,0,1,2017, November, Thursday,11:10,50, Dry, N, Daylight, Right Angle, Minor Injury, N, N
AUS,2,0,0,0,2017, November, Thursday,13:10,60, Dry, N, Daylight, Rear End, Not Injured, N, N
AUS,4,0,0,1,2017, November, Friday,13:20,60, Dry, N, Daylight, Right Angle, Minor Injury, N, N
AUS,2,0,0,1,2017, November, Monday,8:50,60, Dry, N, Daylight, Rear End, Minor Injury, N, N
AUS,2,0,0,0,2017, November, Friday,14:20,60, Dry, N, Daylight, Rear End, Not Injured, N, N
AUS,3,0,0,0,2017, November, Thursday,16:50,60, Dry, N, Daylight, Rear End, Not Injured, N, N
AUS,3,0,0,2,2017, November, Friday,17:00,60, Dry, N, Daylight, Rear End, Minor Injury, N, N
AUS,3,0,0,1,2017, November, Friday,17:10,80, Dry, N, Daylight, Rear End, Minor Injury, N, N
AUS,2,0,0,0,2017, November, Saturday,13:00,110, Dry, N, Daylight, Side Swipe, Not Injured, N, N
AUS,3,0,0,0,2017, November, Friday,15:30,60, Dry, N, Daylight, Rear End, Not Injured, N, N
AUS,2,0,0,0,2017, November, Friday,16:30,40, Dry, N, Daylight, Rear End, Not Injured, N, N
AUS,2,0,0,3,2017, November, Friday,15:40,60, Dry, N, Daylight, Rear End, Minor Injury, N, N
AUS,4,0,0,0,2017, November, Friday,16:20,90, Dry, N, Daylight, Rear End, Not Injured, N, N
AUS,2,0,0,1,2017, November, Friday,18:10,60, Dry, N, Daylight, Rear End, Minor Injury, N, N
AUS,2,0,0,1,2017, November, Friday,18:30,50, Dry, N, Daylight, Right Angle, Minor Injury, N, N
AUS,2,0,0,0,2017, November, Friday,13:20,50, Dry, N, Daylight, Side Swipe, Not Injured, N, N
AUS,2,0,1,1,2017, November, Friday,17:30,60, Dry, N, Daylight, Head On, Major Injury, N, N
AUS,2,0,0,1,2017, November, Friday,20:30,50, Dry, N, Night, Right Angle, Minor Injury, N, N
AUS,2,0,0,1,2017, November, Saturday,9:10,70, Dry, N, Daylight, Side Swipe, Minor Injury, N, N
AUS,2,0,0,1,2017, November, Saturday,10:30,60, Dry, N, Daylight, Right Angle, Minor Injury, N, N
AUS,2,0,0,0,2017, November, Friday,15:40,50, Dry, N, Daylight, Rear End, Not Injured, N, N
AUS,2,0,0,0,2017, November, Saturday,8:30,50, Dry, N, Daylight, Right Angle, Not Injured, N, N
AUS,2,0,0,0,2017, November, Saturday,10:00,60, Dry, N, Daylight, Rear End, Not Injured, N, N
AUS,2,0,0,2,2017, November, Saturday,11:20,60, Dry, N, Daylight, Rear End, Minor Injury, N, N
AUS,2,0,0,0,2017, November, Saturday,11:50,50, Dry, N, Daylight, Hit Fixed Object, Not Injured, N, N
AUS,3,0,0,1,2017, November, Friday,15:30,60, Dry, N, Daylight, Rear End, Minor Injury, N, Y
AUS,2,0,0,0,2017, November, Friday,11:50,60, Dry, N, Daylight, Rear End, Not Injured, N, N
AUS,2,0,0,0,2017, November, Friday,16:10,60, Dry, N, Daylight, Side Swipe, Not Injured, N, N
AUS,2,0,0,0,2017, November, Saturday,16:30,100, Dry, N, Daylight, Hit Fixed Object, Not Injured, N, N
AUS,2,0,0,1,2017, November, Friday,18:30,60, Dry, N, Daylight, Rear End, Minor Injury, N, N
AUS,2,0,1,0,2017, November, Saturday,16:20,110, Dry, N, Daylight, Rear End, Major Injury, N, Y
AUS,3,0,0,0,2017, November, Saturday,22:40,50, Dry, N, Night, Head On, Not Injured, N, N
AUS,2,0,2,0,2017, November, Thursday,10:50,110, Dry, N, Daylight, Right Angle, Major Injury, N, N
AUS,2,0,0,0,2017, November, Sunday,4:40,50, Dry, N, Night, Hit Fixed Object, Not Injured, N, N
AUS,3,0,0,1,2017, November, Sunday,4:20,50, Dry, N, Night, Right Angle, Minor Injury, Y, N
AUS,2,0,0,0,2017, November, Sunday,4:50,60, Dry, N, Night, Hit Fixed Object, Not Injured, N, N
AUS,2,0,0,0,2017, November, Sunday,6:00,50, Dry, N, Night, Hit Fixed Object, Not Injured, N, N
AUS,2,0,0,1,2017, November, Saturday,10:00,60, Dry, N, Daylight, Side Swipe, Minor Injury, N, N
AUS,3,0,0,0,2017, November, Sunday,8:00,50, Dry, N, Daylight, Right Angle, Not Injured, N, N
AUS,2,0,0,1,2017, November, Saturday,17:40,60, Dry, N, Daylight, Side Swipe, Minor Injury, N, N
AUS,2,0,0,0,2017, November, Saturday,12:50,50, Dry, N, Daylight, Side Swipe, Not Injured, N, N
AUS,2,0,0,0,2017, November, Saturday,13:30,40, Dry, N, Daylight, Right Angle, Not Injured, N, N
AUS,4,0,0,1,2017, November, Sunday,12:30,60, Dry, N, Daylight, Rear End, Minor Injury, N, N
AUS,3,0,0,0,2017, November, Sunday,11:40,50, Dry, N, Daylight, Right Angle, Not Injured, N, N
AUS,2,0,0,0,2017, November, Sunday,13:20,50, Dry, N, Daylight, Right Angle, Not Injured, N, N
AUS,3,0,0,0,2017, November, Saturday,14:10,50, Dry, N, Daylight, Right Angle, Not Injured, N, N
AUS,3,0,0,0,2017, November, Sunday,13:10,60, Dry, N, Daylight, Rear End, Not Injured, N, N
AUS,2,0,0,2,2017, November, Sunday,17:30,90, Wet, N, Daylight, Right Angle, Minor Injury, N, N
AUS,2,0,0,0,2017, November, Sunday,16:30,80, Dry, N, Daylight, Hit Fixed Object, Not Injured, N, N
AUS,2,0,0,1,2017, November, Sunday,16:20,60, Dry, N, Daylight, Right Angle, Minor Injury, N, N
AUS,2,0,0,0,2017, November, Sunday,20:20,90, Dry, N, Night, Hit Fixed Object, Not Injured, N, N
AUS,2,0,0,1,2017, November, Sunday,21:00,60, Dry, N, Night, Hit Fixed Object, Minor Injury, N, N
AUS,2,0,0,0,2017, November, Sunday,23:00,60, Dry, N, Night, Hit Fixed Object, Not Injured, N, N
AUS,2,0,0,0,2017, November, Sunday,23:00,60, Dry, N, Night, Rear End, Not Injured, N, N
AUS,2,0,0,0,2017, November, Sunday,18:20,110, Dry, N, Daylight, Hit Fixed Object, Not Injured, N, Y
AUS,2,0,0,1,2017, November, Sunday,23:50,100, Dry, N, Night, Hit Fixed Object, Minor Injury, Y, N
AUS,2,0,0,0,2017, November, Monday,6:00,80, Dry, N, Night, Side Swipe, Not Injured, N, N
AUS,2,0,0,0,2017, November, Monday,7:10,60, Dry, N, Daylight, Right Angle, Not Injured, N, N
AUS,2,0,0,0,2017, November, Monday,8:30,50, Dry, N, Daylight, Right Angle, Not Injured, N, N
AUS,3,0,0,0,2017, November, Monday,8:30,60, Dry, N, Daylight, Side Swipe, Not Injured, N, N
AUS,2,0,0,0,2017, November, Monday,7:50,100, Dry, N, Daylight, Hit Fixed Object, Not Injured, N, N
AUS,3,0,0,0,2017, November, Sunday,10:30,50, Dry, N, Daylight, Hit Fixed Object, Not Injured, N, N
AUS,2,0,0,0,2017, November, Sunday,14:00,80, Dry, N, Daylight, Rear End, Not Injured, N, N
AUS,3,0,0,0,2017, November, Monday,9:10,50, Dry, N, Daylight, Hit Fixed Object, Not Injured, N, N
AUS,6,0,0,1,2017, November, Monday,9:50,80, Dry, N, Daylight, Rear End, Minor Injury, N, N
AUS,2,1,3,0,2017, November, Monday,6:30,100, Dry, N, Daylight, Hit Fixed Object, Fatal, N, Y
AUS,2,0,0,1,2017, November, Monday,11:20,60, Dry, N, Daylight, Rear End, Minor Injury, N, N
AUS,2,0,0,0,2017, November, Monday,11:30,110, Dry, N, Daylight, Head On, Not Injured, N, N
AUS,2,0,0,1,2017, November, Monday,15:20,60, Dry, N, Daylight, Rear End, Minor Injury, N, N
AUS,3,0,0,0,2017, November, Monday,15:20,60, Dry, N, Daylight, Rear End, Not Injured, N, N
AUS,2,0,0,0,2017, November, Sunday,18:00,60, Dry, N, Daylight, Hit Fixed Object, Not Injured, N, N
AUS,2,0,0,2,2017, November, Monday,15:40,70, Dry, N, Daylight, Right Angle, Minor Injury, N, N
AUS,2,0,0,1,2017, November, Monday,16:10,60, Dry, N, Daylight, Rear End, Minor Injury, N, N
AUS,2,0,0,1,2017, November, Monday,16:10,60, Dry, N, Daylight, Right Angle, Minor Injury, N, N
AUS,2,0,0,3,2017, November, Monday,17:40,60, Dry, N, Daylight, Right Angle, Minor Injury, N, N
AUS,3,0,0,1,2017, November, Monday,16:50,90, Dry, N, Daylight, Rear End, Minor Injury, N, N
AUS,2,0,0,1,2017, November, Monday,17:10,60, Dry, N, Daylight, Right Angle, Minor Injury, N, N
AUS,2,0,0,1,2017, November, Monday,19:00,60, Dry, N, Daylight, Right Angle, Minor Injury, N, N
AUS,3,0,0,0,2017, November, Monday,15:40,60, Dry, N, Daylight, Rear End, Not Injured, N, N
AUS,2,0,0,1,2017, November, Monday,18:50,60, Dry, N, Daylight, Right Angle, Minor Injury, N, N
AUS,2,0,0,2,2017, November, Monday,17:00,100, Dry, N, Daylight, Right Angle, Minor Injury, N, N
AUS,2,0,0,0,2017, November, Monday,17:00,50, Dry, N, Daylight, Right Angle, Not Injured, N, N
AUS,2,0,0,2,2017, November, Tuesday,5:10,70, Dry, N, Night, Right Angle, Minor Injury, N, N
AUS,2,0,0,0,2017, November, Monday,12:20,60, Dry, N, Daylight, Right Angle, Not Injured, N, N
AUS,2,0,0,2,2017, November, Tuesday,7:10,60, Dry, N, Daylight, Rear End, Minor Injury, N, N
AUS,2,0,0,0,2017, November, Tuesday,8:20,60, Dry, N, Daylight, Rear End, Not Injured, N, N
AUS,2,0,0,0,2017, November, Tuesday,9:40,50, Dry, N, Daylight, Right Angle, Not Injured, N, N
AUS,2,0,0,0,2017, November, Tuesday,9:30,60, Dry, N, Daylight, Side Swipe, Not Injured, N, N
AUS,2,0,0,0,2017, November, Tuesday,9:20,60, Dry, N, Daylight, Right Angle, Not Injured, N, N
AUS,2,0,0,1,2017, November, Tuesday,11:00,50, Dry, N, Daylight, Hit Fixed Object, Minor Injury, N, N
AUS,2,0,0,0,2017, November, Tuesday,7:50,50, Dry, N, Daylight, Right Angle, Not Injured, N, N
AUS,3,0,0,0,2017, November, Tuesday,13:00,60, Dry, N, Daylight, Hit Fixed Object, Not Injured, N, N
AUS,2,0,0,2,2017, November, Tuesday,13:30,50, Dry, N, Daylight, Right Angle, Minor Injury, N, N
AUS,2,0,0,0,2017, November, Tuesday,10:20,50, Dry, N, Daylight, Hit Fixed Object, Not Injured, N, N
AUS,2,0,0,0,2017, November, Monday,17:30,50, Dry, N, Daylight, Hit Fixed Object, Not Injured, N, N
AUS,2,0,0,0,2017, November, Tuesday,13:20,50, Dry, N, Daylight, Hit Fixed Object, Not Injured, N, N
AUS,2,0,0,2,2017, November, Monday,23:00,60, Dry, N, Night, Rear End, Minor Injury, N, N
AUS,2,0,0,0,2017, November, Tuesday,15:40,50, Dry, N, Daylight, Head On, Not Injured, N, N
AUS,2,0,0,1,2017, November, Tuesday,18:00,60, Dry, N, Daylight, Side Swipe, Minor Injury, N, N
AUS,2,0,0,0,2017, November, Monday,20:50,50, Dry, N, Night, Hit Fixed Object, Not Injured, N, N
AUS,2,0,0,0,2017, November, Tuesday,16:00,50, Dry, N, Daylight, Right Angle, Not Injured, N, N
AUS,2,0,0,0,2017, November, Tuesday,15:40,50, Dry, N, Daylight, Rear End, Not Injured, N, N
AUS,4,0,0,0,2017, November, Tuesday,20:10,50, Dry, N, Night, Rear End, Not Injured, N, N
AUS,2,0,0,1,2017, November, Tuesday,15:00,80, Dry, N, Daylight, Hit Fixed Object, Minor Injury, N, N
AUS,3,0,0,0,2017, November, Wednesday,3:00,60, Dry, N, Night, Hit Fixed Object, Not Injured, N, N
AUS,2,0,0,0,2017, November, Wednesday,6:40,60, Wet, Y, Daylight, Rear End, Not Injured, N, N
AUS,2,0,0,0,2017, November, Tuesday,11:40,60, Dry, N, Daylight, Right Angle, Not Injured, N, N
AUS,2,0,0,0,2017, November, Wednesday,8:20,60, Wet, Y, Daylight, Rear End, Not Injured, N, N
AUS,2,0,0,0,2017, November, Tuesday,12:20,60, Dry, N, Daylight, Side Swipe, Not Injured, N, N
AUS,2,0,0,4,2017, November, Wednesday,8:20,60, Wet, Y, Daylight, Head On, Minor Injury, N, N
AUS,2,0,0,1,2017, October, Sunday,12:00,60, Dry, N, Daylight, Right Angle, Minor Injury, N, N
AUS,3,0,0,0,2017, November, Wednesday,6:50,60, Wet, N, Daylight, Side Swipe, Not Injured, N, N
AUS,2,0,0,0,2017, November, Wednesday,8:50,110, Wet, Y, Daylight, Hit Fixed Object, Not Injured, N, N
AUS,3,0,0,1,2017, November, Tuesday,15:30,60, Dry, N, Daylight, Rear End, Minor Injury, N, N
AUS,3,0,0,0,2017, November, Wednesday,11:20,80, Wet, Y, Daylight, Rear End, Not Injured, N, N
AUS,2,0,0,1,2017, November, Monday,16:40,80, Dry, N, Daylight, Rear End, Minor Injury, N, N
AUS,2,0,0,1,2017, November, Wednesday,8:00,50, Wet, Y, Daylight, Side Swipe, Minor Injury, N, N
AUS,4,0,0,0,2017, November, Wednesday,9:30,60, Wet, Y, Daylight, Rear End, Not Injured, N, N
AUS,2,0,0,0,2017, November, Wednesday,10:50,110, Wet, Y, Daylight, Hit Fixed Object, Not Injured, N, N
AUS,2,0,0,0,2017, November, Tuesday,15:30,50, Dry, N, Daylight, Rear End, Not Injured, N, N
AUS,2,0,0,0,2017, November, Wednesday,12:00,60, Wet, Y, Daylight, Right Angle, Not Injured, N, N
AUS,2,0,0,1,2017, November, Wednesday,9:00,60, Wet, Y, Daylight, Rear End, Minor Injury, N, N
AUS,2,0,0,2,2017, November, Wednesday,12:30,60, Wet, Y, Daylight, Rear End, Minor Injury, N, N
AUS,2,0,0,0,2017, November, Wednesday,1:50,110, Dry, N, Night, Hit Fixed Object, Not Injured, N, N
AUS,2,0,0,0,2017, November, Wednesday,12:20,60, Wet, Y, Daylight, Rear End, Not Injured, N, N
AUS,2,0,0,1,2017, November, Wednesday,13:10,60, Wet, Y, Daylight, Rear End, Minor Injury, N, N
AUS,3,0,0,0,2017, November, Wednesday,14:10,60, Wet, N, Daylight, Rear End, Not Injured, N, N
AUS,2,0,0,1,2017, November, Wednesday,14:50,60, Wet, N, Daylight, Rear End, Minor Injury, N, N
AUS,2,0,0,0,2017, November, Wednesday,14:00,60, Wet, Y, Daylight, Rear End, Not Injured, N, N
AUS,2,0,0,0,2017, November, Wednesday,9:20,60, Dry, N, Daylight, Side Swipe, Not Injured, N, N
AUS,2,0,0,0,2017, November, Wednesday,15:30,60, Dry, N, Daylight, Right Angle, Not Injured, N, N
AUS,3,0,0,0,2017, November, Wednesday,16:10,60, Dry, N, Daylight, Rear End, Not Injured, N, N
AUS,2,0,0,1,2017, November, Wednesday,11:50,60, Wet, Y, Daylight, Rear End, Minor Injury, N, N
AUS,2,0,0,0,2017, November, Wednesday,14:20,60, Dry, N, Daylight, Rear End, Not Injured, N, N
AUS,2,0,0,1,2017, November, Wednesday,15:30,50, Dry, N, Daylight, Hit Pedestrian, Minor Injury, N, N
AUS,2,0,0,0,2017, November, Wednesday,17:40,60, Dry, N, Daylight, Rear End, Not Injured, N, N
AUS,4,0,0,1,2017, November, Wednesday,18:10,60, Dry, N, Daylight, Rear End, Minor Injury, N, N
AUS,2,0,0,0,2017, November, Wednesday,19:50,80, Wet, Y, Daylight, Hit Fixed Object, Not Injured, N, N
AUS,2,0,0,0,2017, November, Wednesday,8:00,60, Wet, Y, Daylight, Side Swipe, Not Injured, N, N
AUS,3,0,0,0,2017, November, Thursday,0:50,80, Dry, N, Night, Hit Fixed Object, Not Injured, N, N
AUS,2,0,0,1,2017, November, Thursday,3:40,100, Dry, N, Night, Hit Fixed Object, Minor Injury, N, N
AUS,2,0,0,1,2017, November, Thursday,7:30,50, Wet, Y, Daylight, Rear End, Minor Injury, N, N
AUS,2,0,0,1,2017, November, Thursday,8:10,60, Dry, N, Daylight, Hit Fixed Object, Minor Injury, N, N
AUS,3,0,0,1,2017, November, Thursday,8:30,80, Dry, N, Daylight, Rear End, Minor Injury, N, N
AUS,2,0,0,0,2017, November, Thursday,8:50,60, Dry, N, Daylight, Rear End, Not Injured, N, N
AUS,2,0,0,0,2017, November, Wednesday,17:50,60, Wet, N, Daylight, Rear End, Not Injured, N, N
AUS,2,0,0,1,2017, November, Wednesday,8:50,50, Dry, N, Daylight, Right Angle, Minor Injury, N, N
AUS,2,0,0,0,2017, November, Tuesday,9:50,60, Dry, N, Daylight, Rear End, Not Injured, N, N
AUS,2,0,0,0,2017, November, Wednesday,8:00,80, Wet, Y, Daylight, Hit Fixed Object, Not Injured, N, N
AUS,2,0,0,0,2017, November, Wednesday,16:40,60, Wet, N, Daylight, Rear End, Not Injured, N, N
AUS,2,0,0,0,2017, November, Wednesday,10:20,100, Wet, Y, Daylight, Hit Fixed Object, Not Injured, N, N
AUS,2,0,0,0,2017, November, Thursday,8:30,50, Dry, N, Daylight, Side Swipe, Not Injured, N, N
AUS,4,0,0,6,2017, November, Thursday,9:40,50, Dry, N, Daylight, Right Angle, Minor Injury, N, N
AUS,2,0,0,0,2017, November, Thursday,11:50,60, Dry, N, Daylight, Side Swipe, Not Injured, N, N
AUS,3,0,0,1,2017, November, Thursday,11:20,90, Wet, Y, Daylight, Side Swipe, Minor Injury, N, N
AUS,2,0,0,0,2017, November, Thursday,6:20,50, Dry, N, Daylight, Side Swipe, Not Injured, N, N
AUS,2,0,0,0,2017, November, Thursday,12:00,90, Wet, Y, Daylight, Hit Fixed Object, Not Injured, N, N
AUS,3,0,0,1,2017, November, Thursday,8:00,50, Dry, N, Daylight, Rear End, Minor Injury, N, N
AUS,2,0,0,1,2017, November, Wednesday,13:20,50, Dry, N, Daylight, Rear End, Minor Injury, N, N
AUS,2,0,0,0,2017, November, Wednesday,16:50,50, Wet, Y, Daylight, Right Angle, Not Injured, N, N
AUS,2,0,0,1,2017, November, Thursday,10:50,100, Wet, Y, Daylight, Hit Fixed Object, Minor Injury, N, N
AUS,2,0,0,0,2017, November, Thursday,14:20,60, Wet, Y, Daylight, Side Swipe, Not Injured, N, N
AUS,2,0,0,1,2017, November, Thursday,13:50,100, Dry, N, Daylight, Right Angle, Minor Injury, N, N
AUS,2,0,0,0,2017, November, Wednesday,14:00,110, Wet, Y, Daylight, Hit Fixed Object, Not Injured, N, N
AUS,2,0,0,0,2017, November, Thursday,13:20,60, Dry, N, Daylight, Side Swipe, Not Injured, N, N
AUS,3,0,0,0,2017, November, Thursday,15:50,60, Dry, N, Daylight, Rear End, Not Injured, N, N
AUS,2,0,0,1,2017, November, Thursday,12:00,60, Dry, N, Daylight, Right Angle, Minor Injury, N, N
AUS,2,0,0,0,2017, November, Thursday,17:00,80, Dry, N, Daylight, Rear End, Not Injured, N, N
AUS,4,0,1,2,2017, November, Thursday,15:20,60, Dry, N, Daylight, Head On, Major Injury, N, N
AUS,2,0,0,1,2017, November, Thursday,16:20,50, Dry, N, Daylight, Right Angle, Minor Injury, N, N
AUS,2,0,0,0,2017, November, Thursday,19:00,60, Dry, N, Daylight, Right Angle, Not Injured, N, N
AUS,2,0,0,1,2017, November, Wednesday,21:00,60, Wet, N, Night, Hit Pedestrian, Minor Injury, N, N
AUS,2,0,0,1,2017, November, Thursday,18:20,60, Dry, N, Daylight, Right Angle, Minor Injury, N, N
AUS,4,0,0,0,2017, November, Thursday,17:50,60, Dry, N, Daylight, Rear End, Not Injured, N, N
AUS,2,0,0,1,2017, November, Thursday,16:50,60, Dry, N, Daylight, Right Angle, Minor Injury, N, N
AUS,3,0,0,0,2017, November, Thursday,17:00,80, Dry, N, Daylight, Rear End, Not Injured, N, N
AUS,2,0,0,0,2017, November, Thursday,17:20,60, Dry, N, Daylight, Rear End, Not Injured, N, N
AUS,2,0,0,0,2017, November, Thursday,21:10,50, Dry, N, Night, Hit Fixed Object, Not Injured, N, N
AUS,3,0,0,0,2017, November, Thursday,23:00,100, Dry, N, Night, Hit Fixed Object, Not Injured, Y, N
AUS,2,0,0,2,2017, November, Thursday,12:40,60, Wet, N, Daylight, Right Angle, Minor Injury, N, N
AUS,2,0,0,1,2017, November, Friday,0:00,100, Wet, Y, Night, Hit Fixed Object, Minor Injury, Y, N
AUS,2,0,0,2,2017, November, Friday,7:40,60, Wet, Y, Daylight, Rear End, Minor Injury, N, N