Nation,Total Units,Total Fatalities,Total Serious Injuries,Total Minor Injuries,Year,Month,Day,Time,Speed Limit,Moisture,Adverse Weather Conditions,DayNight,Crash Type,Crash Severity,Alcohol Related ,Drug Related
AUS,2,0,0,1,2017, December, Monday,11:50,60, Dry, N, Daylight, Rear End, Minor Injury, N, N
AUS,2,0,0,1,2017, December, Monday,11:30,60, Dry, N, Daylight, Side Swipe, Minor Injury, N, N
AUS,2,0,0,0,2017, December, Monday,12:40,60, Dry, N, Daylight, Rear End, Not Injured, N, N
AUS,2,0,0,0,2017, December, Monday,17:00,60, Dry, N, Daylight, Side Swipe, Not Injured, N, N
AUS,2,0,0,0,2017, December, Monday,17:00,50, Dry, N, Daylight, Rear End, Not Injured, N, N
AUS,2,0,0,0,2017, December, Monday,15:00,60, Dry, N, Daylight, Side Swipe, Not Injured, N, N
AUS,2,0,0,0,2017, December, Monday,8:00,50, Dry, N, Daylight, Rear End, Not Injured, N, N
AUS,2,0,0,1,2017, December, Monday,14:00,80, Dry, N, Daylight, Rear End, Minor Injury, N, N
AUS,2,0,0,0,2017, December, Monday,16:00,60, Dry, N, Daylight, Rear End, Not Injured, N, N
AUS,2,0,0,0,2017, December, Monday,11:20,50, Dry, N, Daylight, Right Angle, Not Injured, N, N
AUS,2,0,0,0,2017, December, Monday,19:00,80, Dry, N, Daylight, Hit Fixed Object, Not Injured, N, N
AUS,2,0,0,1,2017, December, Monday,19:40,50, Dry, N, Daylight, Hit Pedestrian, Minor Injury, N, N
AUS,2,0,0,0,2017, December, Monday,13:00,60, Dry, N, Daylight, Side Swipe, Not Injured, N, N
AUS,3,0,0,0,2017, December, Monday,13:40,60, Dry, N, Daylight, Hit Fixed Object, Not Injured, N, N
AUS,2,0,0,0,2017, December, Monday,20:40,50, Dry, N, Night, Right Angle, Not Injured, N, N
AUS,2,0,0,0,2017, December, Friday,23:10,50, Dry, N, Night, Hit Fixed Object, Not Injured, N, N
AUS,2,0,0,0,2017, December, Tuesday,0:50,60, Dry, N, Night, Rear End, Not Injured, N, N
AUS,2,0,0,0,2017, December, Monday,22:40,50, Dry, N, Night, Hit Fixed Object, Not Injured, N, N
AUS,2,0,0,1,2017, December, Sunday,11:30,60, Dry, N, Daylight, Rear End, Minor Injury, N, N
AUS,3,0,0,0,2017, December, Saturday,12:00,50, Dry, N, Daylight, Side Swipe, Not Injured, N, N
AUS,2,0,0,0,2017, December, Tuesday,9:50,50, Dry, N, Daylight, Right Angle, Not Injured, N, N
AUS,2,0,0,1,2017, December, Monday,9:10,60, Dry, N, Daylight, Side Swipe, Minor Injury, N, N
AUS,2,0,0,0,2017, December, Saturday,11:30,60, Dry, N, Daylight, Right Angle, Not Injured, N, N
AUS,3,0,0,0,2017, December, Tuesday,8:50,60, Dry, N, Daylight, Rear End, Not Injured, N, N
AUS,2,0,0,1,2017, December, Tuesday,12:10,60, Dry, N, Daylight, Rear End, Minor Injury, N, Y
AUS,2,0,0,1,2017, December, Tuesday,8:30,60, Dry, N, Daylight, Right Angle, Minor Injury, N, N
AUS,3,0,0,0,2017, December, Monday,21:40,50, Dry, N, Night, Hit Fixed Object, Not Injured, N, N
AUS,2,0,0,1,2017, December, Tuesday,12:20,110, Dry, N, Daylight, Hit Fixed Object, Minor Injury, N, N
AUS,3,0,0,0,2017, December, Tuesday,14:40,60, Dry, N, Daylight, Right Angle, Not Injured, N, N
AUS,3,0,0,0,2017, December, Tuesday,15:20,40, Dry, N, Daylight, Right Angle, Not Injured, N, N
AUS,3,0,0,0,2017, December, Tuesday,15:30,60, Dry, N, Daylight, Rear End, Not Injured, N, N
AUS,2,0,0,0,2017, December, Tuesday,16:00,60, Dry, N, Daylight, Side Swipe, Not Injured, N, N
AUS,2,0,0,1,2017, December, Tuesday,16:00,60, Dry, N, Daylight, Side Swipe, Minor Injury, N, N
AUS,2,0,0,0,2017, December, Tuesday,15:40,50, Dry, N, Daylight, Right Angle, Not Injured, N, N
AUS,2,0,0,0,2017, December, Friday,22:00,80, Wet, Y, Night, Hit Fixed Object, Not Injured, N, N
AUS,2,0,0,0,2017, December, Tuesday,13:00,60, Dry, N, Daylight, Rear End, Not Injured, N, N
AUS,2,0,0,0,2017, December, Tuesday,18:30,60, Dry, N, Daylight, Right Angle, Not Injured, N, N
AUS,2,0,0,0,2017, November, Monday,7:00,80, Dry, N, Daylight, Head On, Not Injured, N, N
AUS,2,0,0,0,2017, December, Tuesday,18:30,60, Dry, N, Daylight, Side Swipe, Not Injured, N, N
AUS,2,0,0,0,2017, December, Sunday,18:00,110, Wet, Y, Daylight, Hit Fixed Object, Not Injured, N, N
AUS,3,0,0,1,2017, December, Tuesday,21:10,60, Dry, N, Night, Hit Fixed Object, Minor Injury, N, N
AUS,2,0,0,0,2017, December, Tuesday,21:30,50, Dry, N, Night, Hit Fixed Object, Not Injured, N, N
AUS,2,0,0,2,2017, December, Tuesday,17:10,100, Dry, N, Daylight, Head On, Minor Injury, N, N
AUS,2,0,0,2,2017, December, Tuesday,23:00,50, Dry, N, Night, Hit Fixed Object, Minor Injury, N, N
AUS,2,0,0,0,2017, December, Tuesday,10:30,50, Dry, N, Daylight, Hit Fixed Object, Not Injured, N, N
AUS,2,0,0,0,2017, December, Tuesday,11:40,80, Dry, N, Daylight, Head On, Not Injured, N, N
AUS,2,0,0,0,2017, December, Tuesday,15:20,60, Dry, N, Daylight, Rear End, Not Injured, N, N
AUS,2,0,0,0,2017, December, Wednesday,9:10,80, Dry, N, Daylight, Hit Fixed Object, Not Injured, N, N
AUS,3,0,0,0,2017, December, Wednesday,7:30,60, Dry, N, Daylight, Rear End, Not Injured, N, N
AUS,3,0,0,1,2017, December, Tuesday,17:40,80, Dry, N, Daylight, Rear End, Minor Injury, N, N
AUS,3,0,0,1,2017, December, Wednesday,9:00,60, Dry, N, Daylight, Right Angle, Minor Injury, N, N
AUS,2,0,0,0,2017, December, Wednesday,10:20,60, Dry, N, Daylight, Side Swipe, Not Injured, N, N
AUS,2,0,0,0,2017, December, Wednesday,11:10,60, Dry, N, Daylight, Rear End, Not Injured, N, N
AUS,2,0,0,1,2017, December, Wednesday,10:00,60, Dry, N, Daylight, Rear End, Minor Injury, N, N
AUS,2,0,0,0,2017, December, Tuesday,23:20,50, Dry, N, Night, Hit Pedestrian, Not Injured, N, N
AUS,2,0,0,0,2017, December, Wednesday,9:30,60, Dry, N, Daylight, Side Swipe, Not Injured, N, N
AUS,2,0,0,1,2017, December, Wednesday,10:00,50, Dry, N, Daylight, Side Swipe, Minor Injury, N, N
AUS,2,0,0,0,2017, December, Wednesday,9:30,50, Dry, N, Daylight, Right Angle, Not Injured, Y, N
AUS,2,0,0,0,2017, December, Tuesday,17:30,50, Dry, N, Daylight, Right Angle, Not Injured, N, N
AUS,2,0,0,0,2017, December, Wednesday,13:00,60, Dry, N, Daylight, Head On, Not Injured, N, N
AUS,2,0,0,0,2017, December, Wednesday,13:50,80, Dry, N, Daylight, Side Swipe, Not Injured, N, N
AUS,2,0,0,0,2017, December, Wednesday,12:50,50, Dry, N, Daylight, Side Swipe, Not Injured, N, N
AUS,2,0,0,0,2017, December, Tuesday,8:40,80, Dry, N, Daylight, Head On, Not Injured, N, N
AUS,2,0,0,1,2017, December, Tuesday,18:50,60, Dry, N, Daylight, Side Swipe, Minor Injury, N, N
AUS,2,0,0,1,2017, September, Wednesday,15:00,60, Dry, N, Daylight, Rear End, Minor Injury, N, N
AUS,2,0,0,0,2017, December, Wednesday,15:20,80, Dry, N, Daylight, Rear End, Not Injured, N, N
AUS,2,0,0,3,2017, December, Wednesday,15:50,50, Dry, N, Daylight, Rear End, Minor Injury, N, N
AUS,4,0,0,0,2017, December, Wednesday,16:00,70, Dry, N, Daylight, Rear End, Not Injured, N, N
AUS,2,0,0,0,2017, December, Tuesday,15:50,60, Dry, N, Daylight, Rear End, Not Injured, N, N
AUS,2,0,0,0,2017, December, Wednesday,17:00,60, Wet, N, Daylight, Right Angle, Not Injured, N, N
AUS,2,0,0,0,2017, December, Wednesday,17:30,70, Dry, N, Daylight, Right Angle, Not Injured, N, N
AUS,2,0,0,0,2017, December, Wednesday,17:30,80, Dry, N, Daylight, Hit Fixed Object, Not Injured, N, N
AUS,2,0,0,0,2017, December, Wednesday,17:10,60, Dry, N, Daylight, Rear End, Not Injured, N, N
AUS,2,0,0,0,2017, December, Wednesday,17:30,60, Dry, N, Daylight, Rear End, Not Injured, N, N
AUS,2,0,0,0,2017, December, Wednesday,19:10,60, Dry, N, Daylight, Rear End, Not Injured, N, N
AUS,2,0,0,0,2017, December, Wednesday,12:00,60, Dry, N, Daylight, Side Swipe, Not Injured, N, N
AUS,3,0,0,0,2017, December, Wednesday,17:40,80, Dry, N, Daylight, Rear End, Not Injured, N, N
AUS,2,0,0,0,2017, December, Wednesday,18:10,60, Dry, N, Daylight, Right Angle, Not Injured, N, N
AUS,2,0,0,1,2017, December, Wednesday,16:30,50, Dry, N, Daylight, Right Angle, Minor Injury, N, N
AUS,3,0,0,0,2017, December, Wednesday,21:10,50, Dry, N, Night, Hit Fixed Object, Not Injured, N, N
AUS,2,0,0,0,2017, December, Wednesday,21:40,60, Dry, N, Night, Hit Fixed Object, Not Injured, N, N
AUS,2,0,0,0,2017, December, Thursday,4:30,100, Dry, N, Night, Hit Fixed Object, Not Injured, N, N
AUS,2,0,0,0,2017, December, Wednesday,18:00,50, Dry, N, Daylight, Rear End, Not Injured, N, N
AUS,2,0,0,0,2017, December, Thursday,9:00,60, Wet, Y, Daylight, Rear End, Not Injured, N, N
AUS,2,0,0,0,2017, December, Wednesday,13:20,60, Dry, N, Daylight, Rear End, Not Injured, N, N
AUS,2,0,0,1,2017, December, Wednesday,10:10,60, Dry, N, Daylight, Rear End, Minor Injury, N, N
AUS,2,0,0,1,2017, December, Wednesday,16:20,50, Dry, N, Daylight, Hit Pedestrian, Minor Injury, N, N
AUS,2,0,0,0,2017, December, Thursday,7:10,110, Dry, N, Daylight, Hit Fixed Object, Not Injured, N, N
AUS,2,0,0,0,2017, December, Wednesday,16:00,60, Dry, N, Daylight, Right Angle, Not Injured, N, N
AUS,2,0,0,0,2017, December, Thursday,10:20,50, Dry, N, Daylight, Right Angle, Not Injured, N, N
AUS,2,0,0,1,2017, December, Thursday,11:10,80, Dry, N, Daylight, Hit Fixed Object, Minor Injury, N, N
AUS,2,0,0,0,2017, December, Thursday,11:30,50, Dry, N, Daylight, Right Angle, Not Injured, N, N
AUS,2,0,0,0,2017, December, Friday,15:20,60, Dry, N, Daylight, Hit Pedestrian, Not Injured, N, N
AUS,2,0,0,0,2017, December, Thursday,12:40,60, Dry, N, Daylight, Rear End, Not Injured, N, N
AUS,2,0,0,0,2017, December, Thursday,14:20,60, Wet, N, Daylight, Rear End, Not Injured, N, N
AUS,2,0,0,1,2017, December, Thursday,14:30,50, Wet, N, Daylight, Rear End, Minor Injury, N, N
AUS,3,0,0,1,2017, December, Thursday,13:30,50, Wet, Y, Daylight, Hit Fixed Object, Minor Injury, N, N
AUS,2,0,0,0,2017, December, Thursday,14:20,60, Wet, Y, Daylight, Rear End, Not Injured, N, N
AUS,2,0,0,1,2017, December, Tuesday,22:20,80, Dry, N, Night, Hit Fixed Object, Minor Injury, N, N
AUS,2,0,0,0,2017, December, Wednesday,8:00,80, Dry, N, Daylight, Rear End, Not Injured, N, N
AUS,2,0,0,0,2017, December, Thursday,12:00,50, Dry, N, Daylight, Side Swipe, Not Injured, N, N
AUS,2,0,0,1,2017, December, Thursday,15:20,60, Dry, N, Daylight, Rear End, Minor Injury, N, N
AUS,2,0,0,0,2017, December, Thursday,16:00,60, Dry, N, Daylight, Right Angle, Not Injured, N, N
AUS,2,0,0,1,2017, December, Wednesday,20:20,60, Dry, N, Daylight, Hit Fixed Object, Minor Injury, N, N
AUS,3,0,0,1,2017, December, Thursday,12:20,50, Dry, N, Daylight, Hit Fixed Object, Minor Injury, N, N
AUS,2,0,0,0,2017, December, Thursday,17:10,60, Dry, N, Daylight, Rear End, Not Injured, N, N
AUS,2,0,0,1,2017, December, Thursday,17:50,50, Dry, N, Daylight, Hit Fixed Object, Minor Injury, N, N
AUS,2,0,0,0,2017, December, Thursday,8:20,70, Wet, Y, Daylight, Side Swipe, Not Injured, N, N
AUS,2,0,0,0,2017, December, Thursday,16:30,60, Dry, N, Daylight, Rear End, Not Injured, N, N
AUS,2,0,0,1,2017, December, Thursday,18:20,90, Dry, N, Daylight, Rear End, Minor Injury, N, N
AUS,2,0,0,0,2017, December, Tuesday,21:00,60, Dry, N, Night, Rear End, Not Injured, N, N
AUS,2,0,0,0,2017, December, Thursday,17:40,60, Dry, N, Daylight, Side Swipe, Not Injured, N, N
AUS,2,0,0,1,2017, September, Friday,15:40,60, Dry, N, Daylight, Side Swipe, Minor Injury, N, N
AUS,2,0,0,1,2017, December, Thursday,16:50,60, Dry, N, Daylight, Rear End, Minor Injury, N, N
AUS,2,0,0,0,2017, December, Thursday,19:10,60, Dry, N, Daylight, Hit Fixed Object, Not Injured, N, N
AUS,2,0,0,1,2017, December, Thursday,21:30,50, Dry, N, Night, Hit Pedestrian, Minor Injury, N, N
AUS,3,0,0,0,2017, December, Thursday,22:00,50, Dry, N, Night, Hit Fixed Object, Not Injured, N, N
AUS,2,0,0,0,2017, December, Thursday,21:20,60, Dry, N, Night, Hit Fixed Object, Not Injured, N, N
AUS,2,0,0,0,2017, December, Thursday,14:30,40, Dry, N, Daylight, Rear End, Not Injured, N, N
AUS,2,0,0,3,2017, December, Friday,6:00,50, Wet, Y, Daylight, Hit Fixed Object, Minor Injury, N, N
AUS,2,0,0,1,2017, December, Thursday,22:00,40, Dry, N, Night, Hit Pedestrian, Minor Injury, N, N
AUS,2,0,0,1,2017, December, Thursday,12:40,110, Dry, N, Daylight, Hit Fixed Object, Minor Injury, N, N
AUS,2,0,0,0,2017, December, Wednesday,9:10,50, Dry, N, Daylight, Side Swipe, Not Injured, N, N
AUS,2,0,0,0,2017, December, Friday,7:30,60, Dry, N, Daylight, Rear End, Not Injured, N, N
AUS,2,0,0,0,2017, December, Thursday,10:50,100, Dry, N, Daylight, Hit Fixed Object, Not Injured, N, N
AUS,2,0,0,0,2017, December, Thursday,22:00,60, Dry, N, Night, Side Swipe, Not Injured, N, N
AUS,3,0,0,1,2017, December, Thursday,8:10,70, Dry, N, Daylight, Rear End, Minor Injury, N, N
AUS,2,0,0,1,2017, December, Thursday,22:00,60, Dry, N, Night, Rear End, Minor Injury, N, N
AUS,2,0,0,0,2017, December, Friday,8:50,60, Dry, N, Daylight, Hit Pedestrian, Not Injured, N, N
AUS,2,0,0,0,2017, December, Friday,7:20,80, Dry, N, Daylight, Head On, Not Injured, N, N
AUS,2,0,0,0,2017, December, Thursday,23:00,80, Wet, Y, Night, Hit Fixed Object, Not Injured, N, N
AUS,2,0,1,0,2017, December, Friday,6:20,60, Dry, N, Daylight, Right Angle, Major Injury, N, N
AUS,2,0,0,0,2017, December, Friday,12:00,60, Dry, N, Daylight, Right Angle, Not Injured, N, N
AUS,2,0,0,0,2017, December, Friday,12:50,50, Dry, N, Daylight, Right Angle, Not Injured, N, N
AUS,2,0,0,0,2017, December, Friday,11:40,80, Dry, N, Daylight, Hit Fixed Object, Not Injured, N, N
AUS,2,0,0,0,2017, December, Friday,0:00,50, Dry, N, Daylight, Hit Fixed Object, Not Injured, N, N
AUS,2,0,0,0,2017, December, Friday,12:20,60, Dry, N, Daylight, Right Angle, Not Injured, N, N
AUS,2,0,0,0,2017, December, Friday,12:30,60, Dry, N, Daylight, Hit Fixed Object, Not Injured, N, N
AUS,2,0,0,0,2017, December, Friday,13:40,60, Dry, N, Daylight, Rear End, Not Injured, N, N
AUS,2,0,0,1,2017, December, Friday,14:10,50, Dry, N, Daylight, Rear End, Minor Injury, N, N
AUS,2,0,0,0,2017, December, Friday,15:10,60, Dry, N, Daylight, Right Angle, Not Injured, N, N
AUS,2,0,0,1,2017, December, Friday,14:40,60, Dry, N, Daylight, Rear End, Minor Injury, N, N
AUS,2,0,0,1,2017, December, Friday,8:30,60, Dry, N, Daylight, Right Angle, Minor Injury, N, N
AUS,2,0,0,0,2017, December, Friday,13:40,50, Dry, N, Daylight, Hit Fixed Object, Not Injured, Y, N
AUS,2,0,0,0,2017, December, Friday,17:00,50, Dry, N, Daylight, Hit Fixed Object, Not Injured, N, N
AUS,3,0,0,0,2017, December, Friday,16:00,50, Dry, N, Daylight, Rear End, Not Injured, N, N
AUS,3,0,0,0,2017, December, Friday,17:30,50, Dry, N, Daylight, Rear End, Not Injured, N, N
AUS,2,0,0,1,2017, December, Friday,9:40,100, Dry, N, Daylight, Rear End, Minor Injury, N, N
AUS,2,0,0,1,2017, December, Friday,15:00,60, Dry, N, Daylight, Hit Fixed Object, Minor Injury, N, N
AUS,2,0,0,0,2017, December, Friday,8:30,50, Dry, N, Daylight, Side Swipe, Not Injured, N, N
AUS,2,0,0,1,2017, December, Friday,16:10,60, Dry, N, Daylight, Right Angle, Minor Injury, N, N
AUS,2,0,0,0,2017, December, Thursday,8:30,60, Dry, N, Daylight, Side Swipe, Not Injured, N, N
AUS,2,0,0,2,2017, December, Friday,18:20,60, Dry, N, Daylight, Side Swipe, Minor Injury, N, N
AUS,2,0,0,2,2017, December, Friday,22:50,100, Dry, N, Night, Head On, Minor Injury, N, Y
AUS,2,0,0,0,2017, December, Saturday,0:40,60, Dry, N, Night, Hit Fixed Object, Not Injured, Y, N
AUS,2,0,0,1,2017, December, Friday,6:30,60, Dry, N, Daylight, Hit Fixed Object, Minor Injury, N, N
AUS,2,0,0,0,2017, December, Saturday,10:00,60, Dry, N, Daylight, Rear End, Not Injured, N, N
AUS,2,0,0,0,2017, December, Friday,18:00,60, Dry, N, Daylight, Side Swipe, Not Injured, N, N
AUS,2,0,0,2,2017, December, Saturday,11:30,60, Dry, N, Daylight, Right Angle, Minor Injury, N, N
AUS,2,0,0,0,2017, December, Saturday,13:10,50, Dry, N, Daylight, Hit Fixed Object, Not Injured, N, N
AUS,2,0,0,1,2017, December, Saturday,13:40,60, Dry, N, Daylight, Hit Pedestrian, Minor Injury, N, N
AUS,2,0,0,0,2017, December, Saturday,12:50,60, Dry, N, Daylight, Rear End, Not Injured, N, N
AUS,2,0,0,0,2017, December, Saturday,13:40,50, Dry, N, Daylight, Right Angle, Not Injured, N, N
AUS,2,0,0,0,2017, December, Saturday,14:30,50, Dry, N, Daylight, Side Swipe, Not Injured, N, N
AUS,2,0,0,1,2017, December, Saturday,15:30,60, Dry, N, Daylight, Rear End, Minor Injury, N, N
AUS,4,0,0,1,2017, December, Saturday,15:30,60, Dry, N, Daylight, Rear End, Minor Injury, N, N
AUS,2,0,0,0,2017, December, Saturday,16:50,110, Dry, N, Daylight, Hit Fixed Object, Not Injured, N, N
AUS,2,0,0,2,2017, December, Saturday,17:10,80, Dry, N, Daylight, Right Angle, Minor Injury, N, N
AUS,2,0,0,4,2017, December, Saturday,19:30,60, Dry, N, Daylight, Right Angle, Minor Injury, N, N
AUS,2,0,0,0,2017, December, Friday,19:10,50, Dry, N, Daylight, Right Angle, Not Injured, N, N
AUS,2,0,0,0,2017, December, Saturday,1:30,100, Dry, N, Night, Hit Fixed Object, Not Injured, N, N
AUS,2,0,0,1,2017, December, Saturday,23:10,50, Dry, N, Night, Hit Fixed Object, Minor Injury, Y, N
AUS,2,0,0,0,2017, December, Sunday,4:00,100, Dry, N, Night, Hit Fixed Object, Not Injured, N, N
AUS,3,0,0,0,2017, December, Sunday,6:00,50, Dry, N, Daylight, Hit Fixed Object, Not Injured, N, N
AUS,2,0,0,0,2017, December, Saturday,12:40,50, Dry, N, Daylight, Rear End, Not Injured, N, N
AUS,2,0,0,0,2017, December, Saturday,11:10,50, Dry, N, Daylight, Right Angle, Not Injured, N, N
AUS,2,0,1,1,2017, December, Sunday,10:20,60, Dry, N, Daylight, Side Swipe, Major Injury, N, N
AUS,2,0,0,0,2017, December, Sunday,11:10,60, Dry, N, Daylight, Side Swipe, Not Injured, N, N
AUS,2,0,0,1,2017, December, Friday,8:30,60, Dry, N, Daylight, Rear End, Minor Injury, N, N
AUS,4,0,0,0,2017, December, Sunday,11:00,60, Dry, N, Daylight, Rear End, Not Injured, N, N
AUS,2,0,0,0,2017, December, Sunday,11:00,60, Dry, N, Daylight, Rear End, Not Injured, N, N
AUS,2,0,0,1,2017, December, Sunday,13:10,60, Dry, N, Daylight, Right Angle, Minor Injury, N, N
AUS,2,0,0,1,2017, December, Sunday,13:30,50, Dry, N, Daylight, Rear End, Minor Injury, N, N
AUS,3,0,0,0,2017, December, Sunday,13:40,60, Dry, N, Daylight, Rear End, Not Injured, N, N
AUS,2,0,0,0,2017, December, Sunday,14:10,60, Dry, N, Daylight, Rear End, Not Injured, N, N
AUS,3,0,0,1,2017, December, Sunday,12:00,60, Dry, N, Daylight, Rear End, Minor Injury, N, N
AUS,2,0,0,0,2017, December, Sunday,2:20,50, Dry, N, Night, Hit Pedestrian, Not Injured, N, N
AUS,2,0,0,0,2017, December, Thursday,14:50,60, Dry, N, Daylight, Side Swipe, Not Injured, N, N
AUS,2,0,0,1,2017, December, Sunday,14:50,50, Dry, N, Daylight, Hit Fixed Object, Minor Injury, N, N
AUS,2,0,0,0,2017, December, Saturday,12:40,60, Dry, N, Daylight, Rear End, Not Injured, N, N
AUS,2,0,0,0,2017, December, Sunday,15:10,60, Dry, N, Daylight, Right Angle, Not Injured, N, N
AUS,2,0,0,0,2017, December, Sunday,14:30,50, Dry, N, Daylight, Rear End, Not Injured, N, N
AUS,3,0,0,5,2017, December, Sunday,16:30,80, Dry, N, Daylight, Right Angle, Minor Injury, N, Y
AUS,2,0,0,1,2017, December, Sunday,17:10,60, Dry, N, Daylight, Rear End, Minor Injury, N, N
AUS,2,0,0,1,2017, December, Sunday,2:50,110, Dry, N, Night, Hit Fixed Object, Minor Injury, Y, N
AUS,2,0,0,0,2017, December, Saturday,20:40,50, Dry, N, Night, Rear End, Not Injured, N, N
AUS,2,0,0,1,2017, December, Sunday,11:50,70, Dry, N, Daylight, Rear End, Minor Injury, N, N
AUS,2,0,0,0,2017, December, Monday,0:40,90, Dry, N, Night, Hit Fixed Object, Not Injured, N, N
AUS,2,0,0,1,2017, December, Monday,1:20,50, Dry, N, Night, Hit Fixed Object, Minor Injury, Y, N
AUS,2,0,0,0,2017, December, Sunday,14:30,80, Dry, N, Daylight, Head On, Not Injured, N, N
AUS,2,0,0,0,2017, December, Saturday,15:50,60, Dry, N, Daylight, Rear End, Not Injured, N, N
AUS,2,0,0,0,2017, December, Monday,7:50,90, Dry, N, Daylight, Rear End, Not Injured, N, N
AUS,2,0,0,0,2017, December, Monday,8:00,60, Dry, N, Daylight, Right Angle, Not Injured, N, N
AUS,2,0,0,0,2017, December, Tuesday,18:00,50, Dry, N, Daylight, Hit Fixed Object, Not Injured, N, N
AUS,2,0,0,0,2017, December, Saturday,16:10,60, Wet, Y, Daylight, Right Angle, Not Injured, N, N
AUS,2,0,0,1,2017, December, Monday,7:00,60, Dry, N, Daylight, Rear End, Minor Injury, N, N
AUS,2,0,0,0,2017, December, Sunday,16:00,60, Dry, N, Daylight, Head On, Not Injured, N, N
AUS,2,0,0,0,2017, December, Monday,7:30,40, Dry, N, Daylight, Right Angle, Not Injured, N, N
AUS,3,0,0,0,2017, December, Monday,11:00,60, Dry, N, Daylight, Rear End, Not Injured, N, N
AUS,2,0,0,2,2017, December, Monday,9:50,50, Dry, N, Daylight, Right Angle, Minor Injury, N, N
AUS,2,0,0,0,2017, December, Saturday,11:00,60, Dry, N, Daylight, Hit Fixed Object, Not Injured, N, N
AUS,2,0,0,0,2017, December, Monday,12:00,80, Dry, N, Daylight, Hit Fixed Object, Not Injured, N, N
AUS,2,0,0,0,2017, December, Monday,13:20,70, Dry, N, Daylight, Side Swipe, Not Injured, N, N
AUS,2,0,1,1,2017, December, Monday,7:40,50, Dry, N, Daylight, Hit Pedestrian, Major Injury, N, N
AUS,2,0,0,0,2017, December, Monday,7:30,60, Dry, N, Daylight, Side Swipe, Not Injured, N, N
AUS,2,0,0,0,2017, December, Saturday,13:00,50, Dry, N, Daylight, Side Swipe, Not Injured, N, N
AUS,2,0,0,0,2017, December, Monday,8:50,60, Dry, N, Daylight, Side Swipe, Not Injured, N, N
AUS,3,0,0,0,2017, December, Monday,6:50,90, Dry, N, Daylight, Rear End, Not Injured, N, N
AUS,2,0,0,0,2017, December, Monday,14:30,60, Dry, N, Daylight, Right Angle, Not Injured, N, N
AUS,2,0,0,1,2017, December, Monday,13:40,100, Dry, N, Daylight, Rear End, Minor Injury, N, N
AUS,3,0,0,0,2017, December, Monday,16:10,70, Dry, N, Daylight, Rear End, Not Injured, N, N
AUS,2,0,0,0,2017, December, Friday,12:40,60, Dry, N, Daylight, Rear End, Not Injured, N, N
AUS,3,0,0,3,2017, December, Monday,15:40,60, Dry, N, Daylight, Right Angle, Minor Injury, N, N
AUS,2,0,0,2,2017, December, Monday,16:30,60, Dry, N, Daylight, Hit Fixed Object, Minor Injury, N, N
AUS,2,0,0,1,2017, December, Monday,17:10,60, Dry, N, Daylight, Rear End, Minor Injury, N, N
AUS,4,0,0,0,2017, December, Monday,17:40,60, Dry, N, Daylight, Rear End, Not Injured, N, N
AUS,2,0,0,0,2017, December, Monday,16:40,60, Dry, N, Daylight, Rear End, Not Injured, N, N
AUS,2,0,0,0,2017, December, Monday,10:30,70, Dry, N, Daylight, Side Swipe, Not Injured, N, N
AUS,2,0,0,1,2017, December, Monday,18:30,50, Dry, N, Daylight, Right Angle, Minor Injury, N, N
AUS,2,0,0,0,2017, December, Monday,8:20,60, Dry, N, Daylight, Side Swipe, Not Injured, N, N
AUS,2,0,0,0,2017, December, Tuesday,7:00,60, Dry, N, Daylight, Side Swipe, Not Injured, N, N
AUS,2,0,0,0,2017, December, Tuesday,7:40,100, Wet, Y, Daylight, Rear End, Not Injured, N, N
AUS,2,0,0,1,2017, December, Tuesday,6:50,80, Dry, N, Daylight, Rear End, Minor Injury, N, N
AUS,2,0,0,0,2017, December, Tuesday,7:10,100, Dry, N, Daylight, Rear End, Not Injured, N, N
AUS,2,0,0,0,2017, December, Monday,17:00,60, Dry, N, Daylight, Rear End, Not Injured, N, N
AUS,2,0,0,1,2017, December, Tuesday,8:40,60, Dry, N, Daylight, Side Swipe, Minor Injury, N, N
AUS,2,0,0,0,2017, December, Tuesday,8:10,110, Dry, N, Daylight, Rear End, Not Injured, N, N
AUS,6,0,1,2,2017, December, Tuesday,6:30,60, Dry, N, Daylight, Rear End, Major Injury, N, N
AUS,2,0,0,1,2017, November, Friday,10:10,60, Dry, N, Daylight, Rear End, Minor Injury, N, N
AUS,2,0,0,0,2017, December, Sunday,0:30,90, Dry, N, Night, Hit Fixed Object, Not Injured, N, N
AUS,2,0,0,0,2017, December, Tuesday,8:50,60, Dry, N, Daylight, Rear End, Not Injured, N, N
AUS,2,0,0,1,2017, December, Tuesday,9:30,50, Dry, N, Daylight, Hit Pedestrian, Minor Injury, N, N
AUS,3,0,0,1,2017, December, Tuesday,8:50,60, Dry, N, Daylight, Rear End, Minor Injury, N, N
AUS,2,0,0,1,2017, December, Tuesday,10:20,60, Dry, N, Daylight, Right Angle, Minor Injury, N, N
AUS,2,0,0,0,2017, December, Tuesday,10:20,60, Dry, N, Daylight, Side Swipe, Not Injured, N, N