Nation,Total Units,Total Fatalities,Total Serious Injuries,Total Minor Injuries,Year,Month,Day,Time,Speed Limit,Moisture,Adverse Weather Conditions,DayNight,Crash Type,Crash Severity,Alcohol Related ,Drug Related
AUS,2,0,0,0,2017, December, Tuesday,10:20,60, Dry, N, Daylight, Rear End, Not Injured, N, N
AUS,2,0,0,0,2017, December, Monday,16:40,50, Dry, N, Daylight, Side Swipe, Not Injured, N, N
AUS,2,0,0,3,2017, December, Tuesday,11:50,60, Dry, N, Daylight, Rear End, Minor Injury, N, N
AUS,3,0,0,3,2017, December, Tuesday,12:40,60, Dry, N, Daylight, Right Angle, Minor Injury, N, Y
AUS,2,0,0,0,2017, December, Tuesday,12:30,60, Dry, N, Daylight, Right Angle, Not Injured, N, N
AUS,2,0,0,0,2017, December, Monday,17:50,40, Dry, N, Daylight, Head On, Not Injured, N, N
AUS,2,0,0,0,2017, December, Tuesday,14:50,90, Dry, N, Daylight, Rear End, Not Injured, N, N
AUS,2,0,0,0,2017, December, Sunday,17:00,80, Dry, N, Daylight, Right Angle, Not Injured, N, N
AUS,2,0,0,0,2017, December, Tuesday,14:50,50, Dry, N, Daylight, Rear End, Not Injured, N, N
AUS,2,0,0,1,2017, December, Tuesday,17:10,60, Dry, N, Daylight, Side Swipe, Minor Injury, N, N
AUS,2,0,0,0,2017, December, Tuesday,7:20,60, Dry, N, Daylight, Rear End, Not Injured, N, N
AUS,2,0,0,0,2017, December, Tuesday,16:10,60, Dry, N, Daylight, Rear End, Not Injured, N, N
AUS,2,0,0,0,2017, December, Tuesday,17:20,60, Dry, N, Daylight, Hit Fixed Object, Not Injured, N, N
AUS,3,0,0,0,2017, December, Tuesday,18:10,50, Dry, N, Daylight, Rear End, Not Injured, N, N
AUS,2,0,0,0,2017, December, Tuesday,18:20,60, Dry, N, Daylight, Right Angle, Not Injured, N, N
AUS,2,0,0,0,2017, December, Tuesday,18:10,60, Dry, N, Daylight, Hit Fixed Object, Not Injured, N, N
AUS,2,0,0,0,2017, December, Tuesday,6:50,80, Dry, N, Daylight, Side Swipe, Not Injured, N, N
AUS,3,0,0,1,2017, December, Tuesday,18:30,80, Dry, N, Daylight, Rear End, Minor Injury, N, N
AUS,2,0,0,1,2017, December, Monday,17:20,70, Dry, N, Daylight, Hit Fixed Object, Minor Injury, N, N
AUS,2,0,0,1,2017, December, Tuesday,20:40,50, Dry, N, Night, Hit Fixed Object, Minor Injury, Y, N
AUS,2,0,0,0,2017, December, Tuesday,18:20,60, Dry, N, Daylight, Side Swipe, Not Injured, N, N
AUS,3,0,0,0,2017, December, Tuesday,21:00,60, Dry, N, Night, Rear End, Not Injured, N, N
AUS,2,0,1,0,2017, December, Tuesday,18:00,50, Dry, N, Daylight, Rear End, Major Injury, N, N
AUS,2,0,0,1,2017, December, Tuesday,14:30,50, Dry, N, Daylight, Side Swipe, Minor Injury, N, N
AUS,2,0,0,2,2017, December, Tuesday,19:20,60, Dry, N, Daylight, Right Angle, Minor Injury, N, N
AUS,2,0,0,0,2017, December, Tuesday,14:30,60, Dry, N, Daylight, Right Angle, Not Injured, N, N
AUS,3,0,0,0,2017, December, Tuesday,18:00,50, Dry, N, Daylight, Hit Fixed Object, Not Injured, N, N
AUS,2,0,0,0,2017, December, Wednesday,5:50,110, Dry, N, Night, Rear End, Not Injured, N, N
AUS,2,0,0,1,2017, December, Tuesday,15:40,70, Dry, N, Daylight, Rear End, Minor Injury, N, N
AUS,2,0,0,0,2017, December, Wednesday,8:30,110, Dry, N, Daylight, Rear End, Not Injured, N, N
AUS,2,0,0,1,2017, December, Monday,17:10,50, Dry, N, Daylight, Rear End, Minor Injury, N, N
AUS,2,0,0,0,2017, December, Wednesday,10:30,60, Dry, N, Daylight, Rear End, Not Injured, N, N
AUS,2,0,0,1,2017, December, Tuesday,17:30,60, Dry, N, Daylight, Rear End, Minor Injury, N, N
AUS,2,0,0,0,2017, December, Wednesday,10:40,60, Dry, N, Daylight, Right Angle, Not Injured, N, N
AUS,2,0,0,0,2017, December, Wednesday,12:30,60, Dry, N, Daylight, Right Angle, Not Injured, N, N
AUS,2,0,0,1,2017, December, Wednesday,12:30,60, Dry, N, Daylight, Rear End, Minor Injury, N, N
AUS,3,0,0,0,2017, December, Wednesday,10:40,60, Dry, N, Daylight, Rear End, Not Injured, N, N
AUS,2,0,0,0,2017, December, Tuesday,13:20,60, Dry, N, Daylight, Right Angle, Not Injured, N, N
AUS,2,0,1,0,2017, December, Wednesday,10:50,110, Dry, N, Daylight, Hit Fixed Object, Major Injury, N, N
AUS,2,0,0,1,2017, December, Tuesday,21:40,50, Dry, N, Night, Hit Fixed Object, Minor Injury, Y, N
AUS,2,0,0,1,2017, December, Wednesday,14:10,60, Dry, N, Daylight, Hit Pedestrian, Minor Injury, N, N
AUS,5,0,0,0,2017, December, Wednesday,17:30,80, Dry, N, Daylight, Rear End, Not Injured, N, N
AUS,2,0,0,0,2017, December, Wednesday,15:50,60, Dry, N, Daylight, Hit Fixed Object, Not Injured, N, N
AUS,2,0,0,1,2017, December, Wednesday,18:00,60, Dry, N, Daylight, Right Angle, Minor Injury, N, N
AUS,2,0,0,0,2017, December, Wednesday,19:30,80, Dry, N, Daylight, Rear End, Not Injured, N, N
AUS,2,0,0,1,2017, December, Wednesday,19:30,80, Dry, N, Daylight, Rear End, Minor Injury, N, N
AUS,2,0,0,0,2017, December, Wednesday,20:10,50, Dry, N, Daylight, Side Swipe, Not Injured, N, N
AUS,2,0,0,0,2017, December, Wednesday,19:40,50, Dry, N, Daylight, Right Angle, Not Injured, N, N
AUS,2,0,0,0,2017, December, Wednesday,20:20,50, Dry, N, Daylight, Hit Fixed Object, Not Injured, N, N
AUS,2,0,0,0,2017, December, Wednesday,21:00,110, Dry, N, Night, Hit Fixed Object, Not Injured, N, N
AUS,3,0,0,0,2017, December, Wednesday,12:00,50, Dry, N, Daylight, Right Angle, Not Injured, N, N
AUS,2,0,0,0,2017, December, Monday,17:30,80, Dry, N, Daylight, Hit Fixed Object, Not Injured, N, N
AUS,2,0,0,0,2017, December, Tuesday,10:00,50, Dry, N, Daylight, Rear End, Not Injured, N, N
AUS,3,0,0,0,2017, December, Wednesday,15:00,110, Dry, N, Daylight, Hit Fixed Object, Not Injured, N, N
AUS,3,0,0,1,2017, December, Wednesday,17:00,60, Dry, N, Daylight, Rear End, Minor Injury, N, N
AUS,2,0,0,0,2017, December, Thursday,10:10,60, Dry, N, Daylight, Rear End, Not Injured, N, N
AUS,3,0,0,1,2017, December, Thursday,10:10,60, Dry, N, Daylight, Side Swipe, Minor Injury, N, N
AUS,2,0,0,0,2017, December, Tuesday,14:00,110, Dry, N, Daylight, Hit Fixed Object, Not Injured, N, N
AUS,2,0,0,0,2017, December, Thursday,10:00,50, Dry, N, Daylight, Right Angle, Not Injured, N, N
AUS,2,0,0,0,2017, December, Thursday,11:40,60, Dry, N, Daylight, Rear End, Not Injured, N, N
AUS,2,0,0,0,2017, December, Thursday,12:50,60, Dry, N, Daylight, Rear End, Not Injured, N, N
AUS,2,0,0,0,2017, December, Thursday,10:30,60, Dry, N, Daylight, Rear End, Not Injured, N, N
AUS,2,0,0,1,2017, December, Thursday,13:00,50, Dry, N, Daylight, Hit Fixed Object, Minor Injury, N, N
AUS,2,0,0,0,2017, December, Thursday,12:30,60, Dry, N, Daylight, Right Angle, Not Injured, N, N
AUS,2,0,0,0,2017, December, Thursday,14:30,70, Dry, N, Daylight, Rear End, Not Injured, N, N
AUS,2,0,0,0,2017, December, Thursday,16:30,50, Dry, N, Daylight, Rear End, Not Injured, N, N
AUS,3,0,0,0,2017, December, Thursday,16:30,60, Dry, N, Daylight, Rear End, Not Injured, N, N
AUS,2,0,0,1,2017, December, Thursday,13:50,60, Dry, N, Daylight, Right Angle, Minor Injury, N, N
AUS,2,0,0,1,2017, December, Thursday,12:50,80, Dry, N, Daylight, Rear End, Minor Injury, N, Y
AUS,2,0,0,0,2017, December, Monday,12:40,40, Dry, N, Daylight, Rear End, Not Injured, N, N
AUS,2,0,0,2,2017, December, Thursday,18:00,60, Dry, N, Daylight, Right Angle, Minor Injury, N, N
AUS,2,0,0,0,2017, December, Thursday,16:30,60, Dry, N, Daylight, Rear End, Not Injured, N, N
AUS,2,0,0,1,2017, December, Thursday,16:40,70, Dry, N, Daylight, Right Angle, Minor Injury, N, N
AUS,2,0,0,0,2017, December, Thursday,18:10,60, Dry, N, Daylight, Rear End, Not Injured, N, N
AUS,3,0,0,0,2017, December, Thursday,15:50,70, Dry, N, Daylight, Rear End, Not Injured, N, N
AUS,2,0,0,0,2017, December, Thursday,15:10,60, Dry, N, Daylight, Right Angle, Not Injured, N, N
AUS,2,0,0,1,2017, December, Thursday,15:50,60, Dry, N, Daylight, Hit Fixed Object, Minor Injury, N, N
AUS,2,0,0,0,2017, December, Thursday,18:50,50, Dry, N, Daylight, Hit Fixed Object, Not Injured, N, N
AUS,2,0,0,0,2017, December, Thursday,16:20,100, Dry, N, Daylight, Hit Fixed Object, Not Injured, N, N
AUS,4,0,0,0,2017, December, Thursday,17:20,60, Dry, N, Daylight, Rear End, Not Injured, N, N
AUS,2,1,0,0,2017, December, Thursday,20:40,50, Dry, N, Night, Hit Fixed Object, Fatal, N, N
AUS,2,0,0,1,2017, December, Thursday,21:20,50, Dry, N, Night, Hit Fixed Object, Minor Injury, N, N
AUS,2,0,0,0,2017, December, Thursday,3:10,60, Dry, N, Night, Hit Fixed Object, Not Injured, N, Y
AUS,2,0,0,0,2017, December, Friday,8:20,60, Dry, N, Daylight, Right Angle, Not Injured, N, N
AUS,2,0,0,0,2017, December, Thursday,17:50,60, Dry, N, Daylight, Rear End, Not Injured, N, N
AUS,2,0,0,0,2017, December, Friday,8:50,60, Dry, N, Daylight, Side Swipe, Not Injured, N, N
AUS,2,0,0,1,2017, December, Friday,10:40,50, Dry, N, Daylight, Rear End, Minor Injury, N, N
AUS,3,0,0,1,2017, December, Friday,10:10,60, Dry, N, Daylight, Rear End, Minor Injury, N, Y
AUS,2,0,0,0,2017, December, Thursday,15:00,60, Dry, N, Daylight, Right Angle, Not Injured, N, N
AUS,2,0,0,0,2017, December, Friday,11:20,50, Dry, N, Daylight, Rear End, Not Injured, N, N
AUS,2,0,0,1,2017, December, Friday,11:40,60, Dry, N, Daylight, Hit Pedestrian, Minor Injury, N, N
AUS,2,0,0,0,2017, December, Friday,12:30,80, Dry, N, Daylight, Right Angle, Not Injured, N, N
AUS,2,0,0,0,2017, December, Thursday,8:30,60, Dry, N, Daylight, Rear End, Not Injured, N, N
AUS,3,0,0,1,2017, December, Friday,11:40,60, Dry, N, Daylight, Rear End, Minor Injury, N, N
AUS,2,0,0,0,2017, December, Friday,10:40,60, Dry, N, Daylight, Right Angle, Not Injured, N, N
AUS,2,0,0,0,2017, December, Friday,13:50,60, Dry, N, Daylight, Rear End, Not Injured, N, N
AUS,3,0,0,0,2017, December, Friday,14:10,60, Dry, N, Daylight, Rear End, Not Injured, N, N
AUS,2,0,0,1,2017, December, Thursday,17:50,60, Dry, N, Daylight, Side Swipe, Minor Injury, N, N
AUS,2,0,0,0,2017, December, Friday,12:00,80, Dry, N, Daylight, Side Swipe, Not Injured, N, N
AUS,2,0,0,0,2017, December, Thursday,8:50,50, Dry, N, Daylight, Rear End, Not Injured, N, N
AUS,2,0,0,0,2017, December, Friday,7:50,60, Dry, N, Daylight, Side Swipe, Not Injured, N, N
AUS,2,0,0,0,2017, December, Friday,14:50,50, Dry, N, Daylight, Side Swipe, Not Injured, N, N
AUS,2,0,0,1,2017, December, Friday,7:40,50, Dry, N, Daylight, Right Angle, Minor Injury, N, N
AUS,2,0,0,0,2017, December, Friday,14:30,60, Dry, N, Daylight, Rear End, Not Injured, N, N
AUS,2,0,0,0,2017, December, Friday,16:50,60, Dry, N, Daylight, Hit Fixed Object, Not Injured, N, N
AUS,3,0,0,0,2017, December, Friday,17:00,80, Dry, N, Daylight, Rear End, Not Injured, N, N
AUS,2,0,0,0,2017, December, Friday,15:10,50, Dry, N, Daylight, Right Angle, Not Injured, N, N
AUS,3,0,0,2,2017, December, Friday,15:30,50, Dry, N, Daylight, Hit Pedestrian, Minor Injury, N, N
AUS,2,0,0,1,2017, December, Friday,17:10,60, Dry, N, Daylight, Rear End, Minor Injury, N, N
AUS,3,0,0,0,2017, December, Friday,15:10,60, Dry, N, Daylight, Rear End, Not Injured, N, N
AUS,2,0,0,0,2017, December, Friday,16:30,60, Dry, N, Daylight, Side Swipe, Not Injured, N, N
AUS,2,0,0,0,2017, December, Friday,16:30,60, Dry, N, Daylight, Rear End, Not Injured, N, N
AUS,2,0,0,1,2017, December, Friday,15:20,50, Dry, N, Daylight, Right Angle, Minor Injury, N, N
AUS,2,0,0,0,2017, December, Friday,17:50,100, Dry, N, Daylight, Rear End, Not Injured, N, N
AUS,2,0,0,1,2017, November, Tuesday,8:50,60, Dry, N, Daylight, Rear End, Minor Injury, N, Y
AUS,2,0,0,1,2017, December, Friday,18:40,50, Dry, N, Daylight, Right Angle, Minor Injury, N, N
AUS,2,0,0,1,2017, December, Friday,16:00,60, Dry, N, Daylight, Side Swipe, Minor Injury, N, N
AUS,2,0,0,0,2017, December, Friday,22:30,60, Dry, N, Night, Rear End, Not Injured, N, N
AUS,3,0,0,0,2017, December, Friday,13:20,100, Dry, N, Daylight, Hit Fixed Object, Not Injured, N, N
AUS,2,0,1,0,2017, December, Friday,22:50,50, Dry, N, Night, Hit Fixed Object, Major Injury, N, Y
AUS,2,0,0,1,2017, December, Saturday,7:30,50, Dry, N, Daylight, Rear End, Minor Injury, N, N
AUS,2,0,0,0,2017, December, Saturday,9:30,50, Dry, N, Daylight, Hit Fixed Object, Not Injured, N, N
AUS,2,0,0,0,2017, December, Friday,12:00,50, Dry, N, Daylight, Right Angle, Not Injured, N, N
AUS,2,0,0,0,2017, December, Saturday,10:10,50, Dry, N, Daylight, Side Swipe, Not Injured, N, N
AUS,2,0,0,0,2017, December, Saturday,11:00,60, Dry, N, Daylight, Right Angle, Not Injured, N, N
AUS,2,0,0,0,2017, December, Friday,16:50,60, Dry, N, Daylight, Side Swipe, Not Injured, N, N
AUS,2,0,0,0,2017, December, Saturday,12:20,60, Dry, N, Daylight, Rear End, Not Injured, N, N
AUS,2,0,0,1,2017, December, Saturday,12:20,50, Dry, N, Daylight, Hit Pedestrian, Minor Injury, N, N
AUS,2,0,0,1,2017, December, Thursday,16:30,50, Dry, N, Daylight, Hit Pedestrian, Minor Injury, N, N
AUS,3,0,0,0,2017, December, Saturday,14:50,60, Dry, N, Daylight, Rear End, Not Injured, N, N
AUS,2,0,0,0,2017, December, Saturday,10:30,80, Dry, N, Daylight, Head On, Not Injured, N, N
AUS,2,0,0,0,2017, December, Saturday,13:30,50, Dry, N, Daylight, Right Angle, Not Injured, N, N
AUS,3,0,0,0,2017, December, Saturday,15:50,80, Dry, N, Daylight, Head On, Not Injured, N, N
AUS,2,0,0,0,2017, December, Saturday,17:20,50, Dry, N, Daylight, Rear End, Not Injured, N, N
AUS,2,0,0,0,2017, December, Saturday,14:30,80, Dry, N, Daylight, Hit Fixed Object, Not Injured, N, N
AUS,2,0,0,1,2017, December, Saturday,14:00,80, Dry, N, Daylight, Rear End, Minor Injury, N, N
AUS,2,0,0,0,2017, December, Saturday,17:00,100, Dry, N, Daylight, Hit Fixed Object, Not Injured, N, N
AUS,2,0,0,0,2017, December, Friday,16:30,60, Dry, N, Daylight, Side Swipe, Not Injured, N, N
AUS,2,0,0,1,2017, December, Saturday,14:30,50, Dry, N, Daylight, Hit Pedestrian, Minor Injury, N, N
AUS,2,0,0,0,2017, December, Saturday,18:40,50, Dry, N, Daylight, Side Swipe, Not Injured, N, N
AUS,2,0,0,1,2017, December, Friday,14:20,60, Dry, N, Daylight, Rear End, Minor Injury, N, N
AUS,3,0,0,0,2017, December, Saturday,15:40,60, Dry, N, Daylight, Side Swipe, Not Injured, N, N
AUS,2,0,0,1,2017, December, Saturday,19:40,50, Dry, N, Daylight, Hit Fixed Object, Minor Injury, N, N
AUS,2,0,0,0,2017, December, Saturday,20:00,40, Dry, N, Daylight, Hit Fixed Object, Not Injured, N, N
AUS,2,0,0,0,2017, December, Saturday,12:30,60, Dry, N, Daylight, Right Angle, Not Injured, N, N
AUS,2,0,0,1,2017, December, Saturday,21:40,60, Dry, N, Night, Hit Fixed Object, Minor Injury, Y, N
AUS,2,0,0,0,2017, December, Saturday,21:50,60, Dry, N, Night, Rear End, Not Injured, N, N
AUS,2,0,0,0,2017, December, Sunday,2:20,50, Dry, N, Night, Hit Fixed Object, Not Injured, N, N
AUS,2,0,0,0,2017, December, Sunday,3:50,50, Dry, N, Night, Hit Fixed Object, Not Injured, Y, N
AUS,3,0,0,0,2017, December, Saturday,23:00,50, Dry, N, Night, Hit Fixed Object, Not Injured, N, N
AUS,2,0,0,1,2017, December, Saturday,23:40,80, Dry, N, Night, Hit Fixed Object, Minor Injury, N, N
AUS,2,0,0,0,2017, December, Sunday,7:30,60, Dry, N, Daylight, Rear End, Not Injured, N, N
AUS,2,0,0,0,2017, December, Friday,14:20,60, Dry, N, Daylight, Side Swipe, Not Injured, N, N
AUS,2,0,0,1,2017, December, Thursday,6:50,60, Dry, N, Daylight, Rear End, Minor Injury, N, N
AUS,2,0,0,0,2017, December, Sunday,9:10,60, Dry, N, Daylight, Right Angle, Not Injured, N, N
AUS,2,0,0,0,2017, December, Saturday,9:50,80, Dry, N, Daylight, Rear End, Not Injured, N, N
AUS,4,0,0,0,2017, December, Saturday,10:20,60, Dry, N, Daylight, Hit Fixed Object, Not Injured, N, N
AUS,2,0,0,1,2017, December, Sunday,11:30,100, Dry, N, Daylight, Head On, Minor Injury, N, N
AUS,2,0,0,3,2017, December, Sunday,16:30,60, Dry, N, Daylight, Right Angle, Minor Injury, N, N
AUS,3,0,0,1,2017, December, Sunday,16:00,80, Dry, N, Daylight, Rear End, Minor Injury, N, N
AUS,2,0,0,0,2017, December, Sunday,15:30,50, Dry, N, Daylight, Head On, Not Injured, N, N
AUS,2,0,1,0,2017, December, Sunday,16:20,50, Dry, N, Daylight, Hit Fixed Object, Major Injury, N, N
AUS,2,0,0,0,2017, December, Sunday,21:40,60, Dry, N, Night, Right Angle, Not Injured, N, N
AUS,2,0,1,0,2017, December, Sunday,22:20,40, Dry, N, Night, Right Angle, Major Injury, N, N
AUS,2,0,1,0,2017, December, Sunday,22:50,60, Dry, N, Night, Hit Fixed Object, Major Injury, Y, N
AUS,2,0,0,0,2017, December, Sunday,22:30,50, Dry, N, Night, Rear End, Not Injured, N, N
AUS,2,0,0,0,2017, December, Sunday,11:50,50, Dry, N, Daylight, Hit Fixed Object, Not Injured, Y, N
AUS,2,0,0,2,2017, December, Monday,8:30,50, Dry, N, Daylight, Right Angle, Minor Injury, N, N
AUS,2,0,0,0,2017, December, Sunday,12:40,60, Dry, N, Daylight, Rear End, Not Injured, N, N
AUS,2,0,0,1,2017, December, Monday,8:50,60, Dry, N, Daylight, Rear End, Minor Injury, N, N
AUS,2,0,0,1,2017, December, Monday,8:00,110, Wet, N, Daylight, Hit Fixed Object, Minor Injury, N, N
AUS,2,0,0,0,2017, December, Monday,11:40,60, Dry, N, Daylight, Rear End, Not Injured, N, N
AUS,2,0,0,1,2017, August, Friday,15:20,50, Dry, N, Daylight, Rear End, Minor Injury, N, N
AUS,2,0,0,1,2017, December, Monday,9:50,60, Dry, N, Daylight, Rear End, Minor Injury, N, N
AUS,2,0,0,0,2017, December, Monday,13:00,60, Dry, N, Daylight, Right Angle, Not Injured, N, N
AUS,2,0,0,1,2017, December, Monday,12:10,50, Dry, N, Daylight, Hit Fixed Object, Minor Injury, N, N
AUS,2,0,0,0,2017, November, Wednesday,11:00,60, Dry, N, Daylight, Hit Fixed Object, Not Injured, N, N
AUS,2,0,0,1,2017, December, Friday,9:30,80, Dry, N, Daylight, Rear End, Minor Injury, N, N
AUS,4,0,0,0,2017, December, Monday,14:30,60, Dry, N, Daylight, Rear End, Not Injured, N, N
AUS,8,0,0,5,2017, December, Monday,14:30,60, Dry, N, Daylight, Right Angle, Minor Injury, N, N
AUS,2,0,0,0,2017, December, Monday,15:30,60, Dry, N, Daylight, Side Swipe, Not Injured, N, N
AUS,2,0,0,1,2017, December, Monday,15:10,60, Dry, N, Daylight, Head On, Minor Injury, N, N
AUS,2,0,0,3,2017, December, Monday,17:40,50, Dry, N, Daylight, Right Angle, Minor Injury, N, N
AUS,2,0,0,0,2017, December, Monday,15:20,60, Dry, N, Daylight, Rear End, Not Injured, N, N
AUS,2,0,0,0,2017, December, Monday,17:10,100, Dry, N, Daylight, Rear End, Not Injured, N, N
AUS,2,0,0,1,2017, December, Monday,14:20,60, Dry, N, Daylight, Hit Pedestrian, Minor Injury, N, N
AUS,2,0,0,1,2017, December, Monday,18:20,60, Dry, N, Daylight, Head On, Minor Injury, N, N
AUS,2,0,0,1,2017, December, Monday,20:40,60, Dry, N, Night, Right Angle, Minor Injury, N, N
AUS,2,0,0,0,2017, December, Monday,16:10,60, Dry, N, Daylight, Side Swipe, Not Injured, N, N
AUS,2,0,0,1,2017, December, Monday,20:10,60, Dry, N, Daylight, Hit Fixed Object, Minor Injury, N, Y
AUS,2,1,0,0,2017, December, Monday,21:40,60, Wet, Y, Night, Hit Pedestrian, Fatal, Y, Y
AUS,2,0,0,1,2017, December, Tuesday,1:00,60, Wet, Y, Night, Hit Fixed Object, Minor Injury, Y, N
AUS,2,0,0,0,2017, December, Tuesday,6:40,90, Wet, N, Daylight, Side Swipe, Not Injured, N, N
AUS,2,0,0,0,2017, December, Monday,17:00,50, Dry, N, Daylight, Rear End, Not Injured, N, N
AUS,2,0,0,0,2017, December, Tuesday,6:00,70, Wet, Y, Night, Rear End, Not Injured, N, N
AUS,2,0,0,2,2017, December, Monday,0:00,60, Dry, N, Daylight, Right Angle, Minor Injury, N, N
AUS,2,0,0,0,2017, December, Monday,15:30,60, Dry, N, Daylight, Side Swipe, Not Injured, N, N
AUS,2,0,0,1,2017, December, Monday,11:50,60, Dry, N, Daylight, Rear End, Minor Injury, N, N
AUS,2,0,0,1,2017, December, Tuesday,6:40,60, Wet, Y, Daylight, Rear End, Minor Injury, N, N
AUS,2,0,0,0,2017, December, Wednesday,18:40,60, Dry, N, Daylight, Rear End, Not Injured, N, N
AUS,2,0,0,0,2017, December, Tuesday,13:40,60, Dry, N, Daylight, Rear End, Not Injured, N, N
AUS,2,0,0,0,2017, December, Tuesday,7:50,50, Dry, N, Daylight, Right Angle, Not Injured, N, N
AUS,2,0,0,0,2017, December, Tuesday,10:30,60, Dry, N, Daylight, Side Swipe, Not Injured, N, N
AUS,3,0,0,2,2017, December, Tuesday,12:20,100, Dry, N, Daylight, Right Angle, Minor Injury, N, N
AUS,3,0,0,0,2017, December, Tuesday,12:50,50, Dry, N, Daylight, Hit Fixed Object, Not Injured, N, N
AUS,2,0,0,0,2017, December, Tuesday,13:20,60, Dry, N, Daylight, Rear End, Not Injured, N, N
AUS,4,0,0,0,2017, December, Monday,17:20,60, Dry, N, Daylight, Rear End, Not Injured, N, N
AUS,4,0,0,1,2017, December, Tuesday,14:20,60, Dry, N, Daylight, Rear End, Minor Injury, N, N
AUS,2,0,0,0,2017, December, Tuesday,14:50,60, Dry, N, Daylight, Rear End, Not Injured, N, N
AUS,2,0,0,0,2017, December, Tuesday,13:50,60, Dry, N, Daylight, Side Swipe, Not Injured, N, N
AUS,4,0,0,0,2017, December, Tuesday,15:40,50, Dry, N, Daylight, Rear End, Not Injured, N, N
AUS,2,0,0,0,2017, December, Tuesday,14:20,50, Dry, N, Daylight, Side Swipe, Not Injured, N, N
AUS,2,0,0,0,2017, December, Tuesday,15:40,60, Dry, N, Daylight, Rear End, Not Injured, N, N
AUS,2,0,0,0,2017, December, Tuesday,15:10,60, Dry, N, Daylight, Hit Pedestrian, Not Injured, N, N
AUS,2,0,0,0,2017, December, Tuesday,17:00,60, Dry, N, Daylight, Rear End, Not Injured, N, N
AUS,2,0,0,2,2017, December, Tuesday,16:30,80, Dry, N, Daylight, Hit Fixed Object, Minor Injury, N, N
AUS,3,0,0,0,2017, December, Tuesday,18:00,60, Dry, N, Daylight, Rear End, Not Injured, N, N
AUS,3,0,0,0,2017, December, Tuesday,15:10,60, Dry, N, Daylight, Rear End, Not Injured, N, N
AUS,2,0,0,1,2017, December, Tuesday,18:00,60, Dry, N, Daylight, Rear End, Minor Injury, N, N
AUS,3,0,0,0,2017, December, Tuesday,16:20,70, Dry, N, Daylight, Rear End, Not Injured, N, N
AUS,2,0,0,1,2017, December, Tuesday,17:10,60, Dry, N, Daylight, Rear End, Minor Injury, N, N
AUS,2,0,0,1,2017, December, Tuesday,17:50,40, Dry, N, Daylight, Rear End, Minor Injury, N, N
AUS,2,0,0,0,2017, December, Tuesday,19:50,60, Dry, N, Daylight, Right Angle, Not Injured, N, N
AUS,2,0,0,2,2017, December, Tuesday,16:40,50, Dry, N, Daylight, Right Angle, Minor Injury, N, N
AUS,2,0,0,1,2017, December, Wednesday,9:00,40, Dry, N, Daylight, Rear End, Minor Injury, N, N
AUS,2,0,0,0,2017, December, Tuesday,14:30,100, Dry, N, Daylight, Side Swipe, Not Injured, N, N
AUS,2,0,0,0,2017, December, Tuesday,15:30,100, Dry, N, Daylight, Hit Fixed Object, Not Injured, N, N
AUS,2,0,0,1,2017, December, Wednesday,0:30,60, Dry, N, Night, Hit Fixed Object, Minor Injury, N, Y
AUS,2,0,0,0,2017, December, Wednesday,7:40,60, Dry, N, Daylight, Side Swipe, Not Injured, N, N
AUS,2,0,0,0,2017, December, Tuesday,12:40,60, Dry, N, Daylight, Right Angle, Not Injured, N, N
AUS,2,0,0,1,2017, December, Monday,11:20,50, Dry, N, Daylight, Rear End, Minor Injury, N, N
AUS,2,0,0,0,2017, December, Tuesday,18:00,50, Dry, N, Daylight, Rear End, Not Injured, N, N
AUS,2,0,0,1,2017, December, Wednesday,7:20,50, Dry, N, Daylight, Right Angle, Minor Injury, N, N
AUS,2,0,0,1,2017, December, Wednesday,9:30,60, Dry, N, Daylight, Right Angle, Minor Injury, N, N
AUS,2,0,0,0,2017, December, Wednesday,9:50,60, Dry, N, Daylight, Side Swipe, Not Injured, N, N
AUS,2,0,0,1,2017, December, Tuesday,15:00,50, Dry, N, Daylight, Rear End, Minor Injury, N, N
AUS,2,0,0,0,2017, December, Wednesday,10:20,60, Dry, N, Daylight, Right Angle, Not Injured, N, N
AUS,2,0,0,1,2017, December, Tuesday,15:00,60, Dry, N, Daylight, Side Swipe, Minor Injury, N, N
AUS,2,0,0,1,2017, December, Wednesday,9:00,60, Dry, N, Daylight, Right Angle, Minor Injury, N, N
AUS,2,0,0,0,2017, December, Wednesday,8:30,60, Dry, N, Daylight, Right Angle, Not Injured, N, N
AUS,2,0,0,0,2017, December, Wednesday,9:00,50, Wet, Y, Daylight, Right Angle, Not Injured, N, N
AUS,3,0,0,1,2017, December, Tuesday,14:30,60, Dry, N, Daylight, Rear End, Minor Injury, N, N
AUS,2,0,0,0,2017, December, Wednesday,11:50,50, Dry, N, Daylight, Side Swipe, Not Injured, N, N
AUS,3,0,0,0,2017, December, Wednesday,12:10,60, Dry, N, Daylight, Rear End, Not Injured, N, N
AUS,2,0,0,0,2017, December, Wednesday,12:00,80, Dry, N, Daylight, Side Swipe, Not Injured, N, N
AUS,2,0,0,1,2017, December, Wednesday,8:20,60, Dry, N, Daylight, Rear End, Minor Injury, N, N