Nation,Total Units,Total Fatalities,Total Serious Injuries,Total Minor Injuries,Year,Month,Day,Time,Speed Limit,Moisture,Adverse Weather Conditions,DayNight,Crash Type,Crash Severity,Alcohol Related ,Drug Related
US,2,0,2,0,2017, March, Friday,8:50,40, Dry, N, Daylight, Right Angle, Major Injury, N, N
US,2,0,0,0,2017, March, Friday,6:40,60, Dry, N, Daylight, Right Angle, Not Injured, N, N
US,2,0,0,2,2017, March, Friday,9:30,60, Wet, N, Daylight, Rear End, Minor Injury, N, N
US,2,0,0,1,2017, February, Saturday,10:40,60, Dry, N, Daylight, Rear End, Minor Injury, N, N
US,4,0,0,0,2017, March, Friday,14:50,60, Dry, N, Daylight, Rear End, Not Injured, N, N
US,2,0,0,1,2017, March, Friday,15:00,40, Dry, N, Daylight, Hit Pedestrian, Minor Injury, N, N
US,2,0,0,1,2017, March, Friday,14:30,40, Dry, N, Daylight, Head On, Minor Injury, N, N
US,2,0,0,0,2017, March, Thursday,23:50,40, Dry, N, Night, Side Swipe, Not Injured, N, N
US,2,0,0,1,2017, March, Thursday,17:40,40, Dry, N, Daylight, Right Angle, Minor Injury, N, N
US,2,0,0,0,2017, March, Friday,22:00,60, Dry, N, Night, Right Angle, Not Injured, N, N
US,2,0,0,1,2017, March, Friday,23:40,40, Dry, N, Night, Right Angle, Minor Injury, Y, N
US,3,0,1,1,2017, February, Friday,18:50,40, Dry, N, Night, Right Angle, Major Injury, Y, N
US,2,0,0,0,2017, March, Friday,15:20,60, Dry, N, Daylight, Rear End, Not Injured, N, N
US,2,0,0,2,2017, March, Saturday,2:50,50, Dry, N, Night, Side Swipe, Minor Injury, N, N
US,2,0,0,0,2017, March, Friday,8:20,60, Dry, N, Daylight, Right Angle, Not Injured, N, N
US,2,0,0,0,2017, March, Friday,7:30,40, Dry, N, Daylight, Right Angle, Not Injured, N, N
US,2,0,0,0,2017, February, Tuesday,17:20,40, Dry, N, Daylight, Right Angle, Not Injured, N, N
US,2,0,0,0,2017, March, Saturday,6:10,60, Dry, N, Daylight, Rear End, Minor Injury, Y, N
US,2,0,0,0,2017, March, Saturday,9:10,40, Dry, N, Daylight, Side Swipe, Minor Injury, N, N
US,2,0,0,0,2017, March, Friday,15:00,60, Dry, N, Daylight, Rear End, Not Injured, N, N
US,2,0,0,0,2017, February, Wednesday,9:00,20, Dry, N, Daylight, Side Swipe, Not Injured, N, N
US,2,0,0,0,2017, March, Saturday,14:00,40, Dry, N, Daylight, Right Angle, Minor Injury, N, N
US,2,0,0,0,2017, March, Saturday,14:50,40, Dry, N, Daylight, Right Angle, Not Injured, N, N
US,2,0,0,0,2017, March, Friday,14:40,60, Dry, N, Daylight, Rear End, Not Injured, N, N
US,2,0,0,1,2017, March, Friday,19:40,60, Dry, N, Night, Rear End, Minor Injury, N, N
US,2,0,0,0,2017, March, Saturday,15:50,40, Dry, N, Daylight, Right Angle, Not Injured, N, N
US,2,0,0,0,2017, March, Saturday,16:50,40, Dry, N, Daylight, Right Angle, Minor Injury, N, N
US,2,0,0,0,2017, March, Friday,18:50,40, Dry, N, Night, Right Angle, Not Injured, N, N
US,2,0,0,0,2017, March, Saturday,2:20,40, Dry, N, Night, Head On, Not Injured, N, N
US,2,0,0,0,2017, March, Thursday,13:40,40, Dry, N, Daylight, Rear End, Minor Injury, Y, N
US,3,0,0,0,2017, March, Saturday,8:40,60, Dry, N, Daylight, Right Angle, Minor Injury, N, N
US,2,0,0,0,2017, February, Tuesday,17:50,60, Dry, N, Daylight, Rear End, Not Injured, N, N
US,2,0,0,0,2017, March, Saturday,10:10,60, Dry, N, Daylight, Right Angle, Minor Injury, N, N
US,2,0,0,0,2017, March, Thursday,22:40,60, Dry, N, Night, Side Swipe, Not Injured, N, N
US,2,0,0,0,2017, February, Saturday,1:40,40, Dry, N, Night, Right Angle, Not Injured, N, N
US,2,0,0,0,2017, March, Saturday,20:20,40, Dry, N, Night, Side Swipe, Not Injured, Y, N
US,2,0,0,0,2017, March, Sunday,17:50,40, Dry, N, Daylight, Right Angle, Not Injured, N, N
US,2,0,0,1,2017, March, Saturday,22:10,40, Dry, N, Night, Right Angle, Minor Injury, N, N
US,2,0,0,0,2017, March, Saturday,20:40,60, Dry, N, Night, Rear End, Not Injured, N, N
US,2,0,0,0,2017, March, Saturday,15:30,50, Dry, N, Daylight, Right Angle, Not Injured, N, N
US,3,0,0,0,2017, March, Sunday,2:20,40, Dry, N, Night, Side Swipe, Not Injured, N, N
US,2,0,0,1,2017, March, Sunday,10:20,40, Dry, N, Daylight, Right Angle, Minor Injury, N, N
US,2,0,0,2,2017, March, Monday,8:50,50, Wet, Y, Daylight, Rear End, Minor Injury, N, N
US,3,0,2,0,2017, March, Monday,6:40,40, Dry, N, Daylight, Right Angle, Major Injury, N, N
US,2,0,0,2,2017, March, Monday,8:30,40, Wet, Y, Daylight, Right Angle, Minor Injury, N, N
US,2,0,0,0,2017, March, Monday,10:00,40, Wet, N, Daylight, Rear End, Not Injured, N, N
US,2,0,0,0,2017, March, Monday,8:40,60, Wet, N, Daylight, Right Angle, Not Injured, N, N
US,2,0,0,0,2017, March, Sunday,14:00,40, Dry, N, Daylight, Right Angle, Not Injured, N, N
US,2,0,0,0,2017, March, Monday,0:30,60, Dry, N, Daylight, Side Swipe, Minor Injury, N, N
US,2,0,0,0,2017, February, Tuesday,7:00,40, Dry, N, Daylight, Rear End, Not Injured, N, N
US,2,0,0,0,2017, March, Thursday,14:20,60, Dry, N, Daylight, Right Angle, Not Injured, N, N
US,2,0,0,0,2017, February, Thursday,20:00,40, Dry, N, Night, Right Angle, Not Injured, N, N
US,2,0,0,0,2017, March, Monday,0:50,60, Dry, N, Daylight, Right Angle, Not Injured, N, N
US,2,0,0,0,2017, February, Wednesday,15:30,40, Dry, N, Daylight, Rear End, Minor Injury, N, N
US,2,0,0,0,2017, March, Friday,15:50,90, Dry, N, Daylight, Rear End, Not Injured, N, N
US,2,0,0,0,2017, February, Friday,9:50,90, Dry, N, Daylight, Rear End, Minor Injury, N, N
US,3,0,0,0,2017, February, Saturday,17:30,90, Dry, N, Daylight, Rear End, Minor Injury, N, N
US,2,0,0,0,2017, March, Wednesday,6:00,110, Wet, Y, Night, Right Angle, Not Injured, Y, N
US,4,0,0,0,2017, March, Friday,15:30,90, Dry, N, Daylight, Rear End, Not Injured, N, N
US,2,0,0,0,2017, February, Friday,0:00,90, Dry, N, Daylight, Rear End, Not Injured, N, N
US,2,0,0,0,2017, March, Wednesday,10:00,90, Dry, Y, Daylight, Rear End, Not Injured, N, N
US,2,0,0,1,2017, March, Wednesday,10:10,90, Wet, Y, Daylight, Right Angle, Minor Injury, N, N
US,3,0,0,0,2017, February, Sunday,3:10,40, Dry, N, Night, Right Angle, Not Injured, N, N
US,2,0,0,0,2017, March, Monday,15:20,60, Dry, N, Daylight, Side Swipe, Not Injured, N, N
US,2,0,1,0,2017, March, Monday,16:20,60, Wet, Y, Daylight, Rear End, Major Injury, N, N
US,2,0,0,0,2017, February, Friday,14:40,40, Dry, N, Daylight, Right Angle, Minor Injury, N, N
US,2,0,0,2,2017, March, Monday,16:40,40, Wet, Y, Daylight, Right Angle, Minor Injury, Y, N
US,2,0,0,0,2017, March, Monday,15:40,40, Dry, N, Daylight, Right Angle, Not Injured, N, N
US,2,0,0,0,2017, March, Monday,17:00,40, Wet, Y, Daylight, Right Angle, Minor Injury, N, N
US,2,0,0,0,2017, March, Monday,17:30,40, Wet, Y, Daylight, Right Angle, Not Injured, N, N
US,2,0,0,1,2017, March, Monday,17:10,40, Wet, Y, Daylight, Right Angle, Minor Injury, N, N
US,2,0,0,0,2017, March, Monday,19:00,40, Wet, Y, Night, Side Swipe, Not Injured, N, N
US,3,0,0,0,2017, March, Friday,22:30,40, Dry, N, Night, Head On, Minor Injury, Y, N
US,2,0,0,0,2017, March, Monday,23:50,40, Wet, Y, Night, Rear End, Not Injured, N, N
US,2,0,0,0,2017, February, Monday,13:00,40, Dry, N, Daylight, Rear End, Not Injured, N, N
US,2,0,0,0,2017, March, Wednesday,0:50,40, Wet, N, Daylight, Rear End, Not Injured, N, N
US,6,0,0,0,2017, February, Friday,14:00,90, Dry, N, Daylight, Rear End, Minor Injury, N, N
US,3,0,0,0,2017, March, Friday,16:20,90, Dry, N, Daylight, Rear End, Not Injured, N, N
US,2,0,0,0,2017, March, Saturday,11:00,70, Dry, N, Daylight, Right Angle, Not Injured, N, N
US,2,0,0,0,2017, March, Sunday,13:00,70, Dry, N, Daylight, Rear End, Not Injured, N, N
US,2,0,0,0,2017, March, Monday,0:30,60, Dry, N, Daylight, Rear End, Not Injured, N, N
US,2,0,0,0,2017, March, Tuesday,9:00,40, Wet, Y, Daylight, Rear End, Not Injured, N, N
US,2,0,0,0,2017, February, Tuesday,9:00,60, Dry, N, Daylight, Right Angle, Not Injured, N, N
US,2,0,0,0,2017, March, Monday,8:40,40, Wet, Y, Daylight, Right Angle, Not Injured, N, N
US,2,0,0,1,2017, March, Tuesday,7:20,60, Dry, N, Daylight, Rear End, Minor Injury, N, N
US,2,0,0,0,2017, March, Tuesday,16:30,40, Wet, Y, Daylight, Hit Pedestrian, Minor Injury, N, N
US,2,0,0,2,2017, March, Monday,17:00,40, Wet, Y, Night, Right Angle, Minor Injury, N, N
US,3,0,0,0,2017, February, Thursday,18:20,40, Dry, N, Night, Rear End, Not Injured, N, N
US,2,0,0,0,2017, March, Monday,22:50,90, Wet, Y, Night, Right Angle, Not Injured, Y, N
US,2,0,0,0,2017, March, Tuesday,17:40,40, Wet, N, Daylight, Rear End, Not Injured, N, N
US,2,0,0,0,2017, March, Thursday,17:10,70, Dry, N, Daylight, Rear End, Not Injured, N, N
US,2,0,0,0,2017, March, Tuesday,16:20,50, Wet, Y, Daylight, Right Angle, Minor Injury, N, N
US,2,0,0,0,2017, March, Tuesday,0:20,60, Wet, Y, Daylight, Rear End, Not Injured, N, N
US,2,0,0,0,2017, March, Wednesday,17:10,70, Dry, N, Daylight, Rear End, Not Injured, N, N
US,2,0,0,0,2017, March, Tuesday,22:20,40, Wet, Y, Night, Right Angle, Not Injured, N, N
US,2,0,0,0,2017, March, Tuesday,23:20,40, Wet, Y, Night, Right Angle, Not Injured, N, N
US,2,0,0,0,2017, February, Friday,19:30,40, Dry, N, Night, Head On, Not Injured, Y, N
US,2,0,0,0,2017, March, Sunday,18:40,40, Dry, N, Night, Side Swipe, Not Injured, Y, N
US,2,0,0,0,2017, March, Friday,14:30,90, Dry, N, Daylight, Rear End, Not Injured, N, N
US,2,0,0,1,2017, March, Saturday,19:00,90, Dry, N, Night, Rear End, Minor Injury, N, N
US,2,0,0,0,2017, March, Tuesday,16:10,60, Wet, Y, Daylight, Right Angle, Not Injured, N, N
US,3,0,0,0,2017, March, Tuesday,15:50,40, Wet, Y, Daylight, Rear End, Not Injured, N, N
US,2,0,0,0,2017, March, Tuesday,11:50,60, Dry, N, Daylight, Rear End, Not Injured, N, N
US,2,0,0,0,2017, March, Wednesday,7:00,40, Dry, N, Daylight, Right Angle, Not Injured, N, N
US,2,0,0,0,2017, March, Saturday,9:30,60, Dry, N, Daylight, Rear End, Not Injured, N, N
US,2,0,0,1,2017, March, Wednesday,9:00,60, Dry, N, Daylight, Right Angle, Minor Injury, N, N
US,3,0,0,0,2017, February, Monday,17:00,60, Dry, N, Daylight, Rear End, Not Injured, N, N
US,2,0,0,1,2017, March, Tuesday,22:00,60, Wet, Y, Night, Right Angle, Minor Injury, N, N
US,2,0,0,1,2017, March, Wednesday,16:00,40, Dry, N, Daylight, Right Angle, Minor Injury, N, N
US,3,0,0,0,2017, March, Tuesday,15:40,40, Wet, Y, Daylight, Rear End, Not Injured, N, N
US,2,0,0,0,2017, March, Wednesday,14:20,60, Dry, N, Daylight, Rear End, Not Injured, N, N
US,2,0,0,0,2017, March, Tuesday,23:00,90, Wet, Y, Night, Rear End, Not Injured, N, N
US,2,0,0,0,2017, March, Wednesday,20:00,60, Dry, N, Night, Right Angle, Not Injured, N, N
US,2,0,0,0,2017, February, Thursday,17:40,60, Dry, N, Daylight, Rear End, Not Injured, N, N
US,2,0,0,0,2017, March, Friday,19:40,90, Dry, N, Night, Rear End, Minor Injury, N, N
US,2,0,0,0,2017, March, Monday,21:50,90, Wet, Y, Night, Right Angle, Not Injured, Y, N
US,2,0,0,0,2017, February, Thursday,14:40,30, Dry, N, Daylight, Head On, Not Injured, N, N
US,2,0,0,0,2017, March, Wednesday,0:50,40, Dry, N, Daylight, Right Angle, Not Injured, N, N
US,3,0,0,1,2017, March, Wednesday,16:10,60, Dry, N, Daylight, Rear End, Minor Injury, N, N
US,2,0,0,0,2017, March, Thursday,8:20,40, Dry, N, Daylight, Right Angle, Not Injured, N, N
US,2,0,0,0,2017, March, Thursday,7:50,40, Dry, N, Daylight, Right Angle, Not Injured, N, N
US,2,0,0,0,2017, March, Thursday,8:20,40, Dry, N, Daylight, Rear End, Not Injured, N, N
US,2,0,0,1,2017, March, Tuesday,21:10,60, Wet, Y, Night, Head On, Minor Injury, N, N
US,2,0,0,0,2017, February, Wednesday,21:10,40, Dry, N, Night, Right Angle, Not Injured, N, N
US,2,0,0,0,2017, March, Thursday,10:00,40, Dry, N, Daylight, Hit Pedestrian, Minor Injury, N, N
US,2,0,0,0,2017, March, Thursday,8:00,70, Dry, N, Daylight, Right Angle, Not Injured, N, N
US,2,0,0,0,2017, March, Thursday,14:50,60, Dry, N, Daylight, Side Swipe, Not Injured, N, N
US,3,0,0,0,2017, March, Thursday,11:00,40, Dry, N, Daylight, Side Swipe, Not Injured, N, N
US,2,0,0,0,2017, March, Wednesday,20:10,60, Dry, N, Night, Head On, Minor Injury, Y, N
US,2,0,0,1,2017, March, Thursday,18:20,40, Dry, N, Daylight, Right Angle, Minor Injury, N, N
US,2,0,0,0,2017, March, Thursday,15:50,60, Dry, N, Daylight, Right Angle, Minor Injury, N, N
US,2,0,0,0,2017, March, Thursday,17:00,20, Dry, N, Daylight, Head On, Minor Injury, Y, N
US,5,0,0,0,2017, March, Thursday,22:50,40, Wet, Y, Night, Rear End, Not Injured, N, N
US,2,0,0,0,2017, March, Wednesday,7:00,40, Dry, N, Daylight, Side Swipe, Not Injured, N, N
US,2,0,0,0,2017, March, Friday,2:00,60, Wet, Y, Night, Right Angle, Minor Injury, N, N
US,2,0,0,0,2017, March, Thursday,11:00,40, Dry, N, Daylight, Rear End, Not Injured, N, N
US,3,0,0,1,2017, March, Friday,2:10,60, Wet, Y, Night, Head On, Minor Injury, Y, N
US,2,0,0,0,2017, March, Thursday,0:00,40, Dry, N, Daylight, Head On, Not Injured, N, N
US,2,0,0,0,2017, March, Tuesday,7:20,60, Dry, N, Daylight, Right Angle, Not Injured, N, N
US,2,0,0,0,2017, March, Saturday,18:50,50, Dry, N, Night, Head On, Not Injured, N, N
US,2,0,0,0,2017, March, Friday,10:20,60, Wet, Y, Daylight, Right Angle, Minor Injury, N, N
US,2,0,0,0,2017, March, Friday,9:30,40, Dry, N, Daylight, Side Swipe, Not Injured, N, N
US,2,0,0,0,2017, March, Thursday,23:00,40, Wet, Y, Night, Side Swipe, Not Injured, N, N
US,2,0,0,0,2017, March, Wednesday,17:40,40, Dry, N, Daylight, Rear End, Not Injured, N, N
US,2,0,0,0,2017, March, Thursday,19:00,60, Dry, N, Night, Right Angle, Minor Injury, N, N
US,2,0,0,0,2017, March, Tuesday,21:30,40, Wet, Y, Night, Right Angle, Not Injured, N, N
US,2,0,0,0,2017, March, Friday,16:40,40, Dry, N, Daylight, Right Angle, Not Injured, N, N
US,2,0,0,0,2017, March, Friday,16:40,60, Dry, N, Daylight, Right Angle, Not Injured, N, N
US,2,0,0,0,2017, March, Friday,17:10,60, Dry, N, Daylight, Right Angle, Not Injured, N, N
US,2,0,0,0,2017, March, Friday,18:20,70, Dry, N, Daylight, Side Swipe, Not Injured, N, N
US,2,0,0,0,2017, March, Friday,6:00,40, Wet, Y, Night, Right Angle, Not Injured, N, N
US,2,0,0,0,2017, March, Friday,22:00,60, Dry, N, Night, Right Angle, Not Injured, N, N
US,2,0,0,0,2017, March, Friday,5:20,40, Wet, Y, Night, Rear End, Not Injured, N, N
US,2,0,0,2,2017, March, Friday,16:30,40, Dry, N, Daylight, Right Angle, Minor Injury, N, N
US,2,0,0,0,2017, March, Saturday,11:50,40, Dry, N, Daylight, Right Angle, Not Injured, N, N
US,2,0,0,0,2017, March, Saturday,11:10,50, Dry, N, Daylight, Right Angle, Not Injured, N, N
US,2,0,0,0,2017, March, Saturday,0:10,40, Dry, N, Daylight, Side Swipe, Not Injured, N, N
US,2,0,0,0,2017, March, Saturday,0:00,40, Dry, N, Daylight, Rear End, Not Injured, N, N
US,2,0,0,1,2017, March, Friday,13:20,60, Wet, N, Daylight, Rear End, Minor Injury, N, N
US,3,0,0,2,2017, March, Friday,8:50,30, Dry, N, Night, Rear End, Minor Injury, N, N
US,2,0,0,0,2017, March, Friday,19:10,60, Dry, N, Night, Rear End, Minor Injury, N, N
US,2,0,0,0,2017, March, Saturday,15:30,60, Dry, N, Daylight, Right Angle, Not Injured, N, N
US,2,0,0,1,2017, March, Saturday,16:00,40, Dry, N, Daylight, Rear End, Minor Injury, N, N
US,2,0,0,0,2017, March, Saturday,10:40,60, Dry, N, Daylight, Right Angle, Not Injured, N, N
US,2,0,0,0,2017, March, Saturday,16:00,60, Dry, N, Daylight, Rear End, Not Injured, N, N
US,2,0,0,0,2017, March, Saturday,17:00,40, Dry, N, Daylight, Side Swipe, Not Injured, N, N
US,2,0,0,1,2017, March, Friday,22:20,60, Dry, N, Night, Rear End, Minor Injury, Y, N
US,2,0,0,0,2017, March, Saturday,17:50,60, Dry, N, Daylight, Side Swipe, Not Injured, Y, N
US,2,0,0,1,2017, February, Thursday,22:10,60, Dry, N, Night, Rear End, Minor Injury, N, N
US,2,0,0,0,2017, March, Saturday,23:40,40, Dry, N, Night, Rear End, Not Injured, Y, N
US,2,0,0,0,2017, March, Sunday,3:00,40, Dry, N, Night, Right Angle, Not Injured, N, N
US,2,0,0,0,2017, March, Tuesday,22:20,40, Wet, Y, Night, Hit Pedestrian, Minor Injury, N, N
US,2,0,0,0,2017, March, Saturday,16:30,30, Dry, N, Daylight, Right Angle, Not Injured, N, N
US,2,0,1,0,2017, March, Sunday,0:40,50, Dry, N, Night, Head On, Major Injury, N, N
US,2,0,0,1,2017, March, Wednesday,0:20,40, Dry, N, Daylight, Right Angle, Minor Injury, N, N
US,2,0,0,0,2017, March, Sunday,8:50,20, Dry, N, Daylight, Right Angle, Not Injured, N, N
US,2,0,0,0,2017, March, Friday,13:30,60, Wet, N, Daylight, Rear End, Not Injured, N, N
US,2,0,0,0,2017, March, Friday,8:40,60, Wet, Y, Daylight, Right Angle, Minor Injury, N, N
US,2,0,0,0,2017, March, Sunday,0:20,30, Dry, N, Daylight, Right Angle, Minor Injury, N, N
US,3,0,0,0,2017, March, Sunday,16:20,60, Dry, N, Daylight, Rear End, Not Injured, N, N
US,2,0,0,0,2017, March, Friday,11:40,90, Wet, Y, Daylight, Right Angle, Not Injured, N, N
US,2,0,0,1,2017, March, Saturday,16:50,40, Dry, N, Daylight, Head On, Minor Injury, N, N
US,3,0,0,0,2017, March, Sunday,22:10,40, Dry, N, Night, Side Swipe, Not Injured, N, N
US,2,0,0,0,2017, March, Saturday,3:00,40, Dry, Y, Night, Rear End, Not Injured, N, N
US,2,0,0,0,2017, March, Sunday,3:50,40, Dry, N, Night, Side Swipe, Not Injured, N, N
US,2,0,0,1,2017, March, Monday,1:30,40, Dry, N, Night, Rear End, Minor Injury, Y, N
US,2,0,0,1,2017, March, Friday,19:20,70, Dry, N, Night, Rear End, Minor Injury, N, N
US,2,0,0,0,2017, March, Wednesday,11:20,60, Dry, N, Daylight, Side Swipe, Not Injured, N, N
US,3,0,0,1,2017, March, Thursday,13:00,40, Dry, N, Daylight, Right Angle, Minor Injury, N, N
US,2,0,0,0,2017, March, Monday,6:50,60, Dry, N, Daylight, Right Angle, Not Injured, N, N
US,2,0,0,0,2017, March, Friday,15:40,60, Dry, N, Daylight, Rear End, Minor Injury, N, N
US,6,0,0,0,2017, March, Monday,11:00,60, Dry, N, Daylight, Rear End, Minor Injury, N, N
US,2,0,0,0,2017, March, Thursday,9:30,40, Dry, N, Daylight, Right Angle, Not Injured, N, N
US,2,0,0,0,2017, March, Monday,13:10,60, Dry, N, Daylight, Side Swipe, Not Injured, N, N
US,2,0,1,1,2017, March, Monday,13:20,60, Dry, N, Daylight, Rear End, Major Injury, N, N
US,3,0,0,2,2017, March, Monday,15:50,60, Dry, N, Daylight, Rear End, Minor Injury, N, N
US,2,0,0,0,2017, March, Monday,16:30,50, Dry, N, Daylight, Rear End, Minor Injury, N, N
US,2,0,0,0,2017, March, Saturday,16:10,60, Dry, N, Daylight, Rear End, Not Injured, N, N
US,2,0,0,0,2017, March, Saturday,15:10,60, Dry, N, Daylight, Rear End, Not Injured, N, N
US,2,0,0,0,2017, March, Monday,19:50,40, Wet, Y, Night, Side Swipe, Not Injured, N, N
US,2,0,0,0,2017, February, Thursday,18:00,60, Dry, N, Night, Rear End, Minor Injury, N, N
US,2,0,0,2,2017, March, Friday,22:40,40, Dry, N, Night, Head On, Minor Injury, Y, N
US,2,0,0,0,2017, March, Thursday,14:00,40, Dry, N, Daylight, Head On, Not Injured, N, N
US,2,0,0,0,2017, March, Monday,15:30,40, Dry, N, Daylight, Right Angle, Not Injured, N, N
US,2,0,0,0,2017, March, Monday,16:20,40, Dry, N, Daylight, Right Angle, Not Injured, N, N
US,3,0,0,0,2017, March, Saturday,8:20,40, Dry, N, Daylight, Rear End, Not Injured, N, N
US,2,0,0,0,2017, March, Tuesday,9:10,40, Wet, Y, Daylight, Rear End, Minor Injury, N, N
US,2,0,0,0,2017, March, Tuesday,10:20,40, Dry, Y, Daylight, Right Angle, Minor Injury, N, N
US,2,0,0,0,2017, March, Monday,0:00,60, Dry, N, Daylight, Right Angle, Not Injured, N, N
US,2,0,0,0,2017, March, Saturday,13:10,40, Dry, N, Daylight, Rear End, Minor Injury, N, N
US,2,0,0,0,2017, March, Monday,11:50,40, Dry, N, Daylight, Right Angle, Minor Injury, N, N
US,2,0,0,0,2017, March, Tuesday,8:00,60, Wet, Y, Daylight, Side Swipe, Not Injured, N, N
US,2,0,0,0,2017, March, Monday,9:10,40, Dry, N, Daylight, Right Angle, Not Injured, N, N
US,2,0,0,0,2017, March, Tuesday,0:40,40, Wet, Y, Daylight, Right Angle, Not Injured, N, N
US,3,0,0,1,2017, March, Tuesday,13:50,40, Wet, N, Daylight, Rear End, Minor Injury, N, N
US,2,0,0,0,2017, March, Friday,17:20,60, Dry, N, Daylight, Right Angle, Not Injured, N, N
US,3,0,0,0,2017, March, Tuesday,15:10,40, Wet, N, Daylight, Right Angle, Not Injured, N, N
US,2,0,0,0,2017, March, Tuesday,16:40,40, Wet, Y, Daylight, Rear End, Not Injured, N, N
US,2,0,0,0,2017, March, Thursday,15:10,50, Dry, N, Daylight, Rear End, Not Injured, N, N
US,2,0,0,1,2017, March, Wednesday,7:00,90, Wet, N, Daylight, Rear End, Minor Injury, N, N
US,2,0,0,1,2017, March, Monday,8:00,90, Dry, N, Daylight, Rear End, Minor Injury, N, N
US,2,0,0,0,2017, January, Monday,16:20,90, Dry, N, Night, Rear End, Not Injured, N, N
US,2,0,0,1,2017, March, Tuesday,17:00,50, Wet, Y, Daylight, Rear End, Minor Injury, N, N
US,2,0,0,0,2017, March, Tuesday,15:10,40, Wet, Y, Daylight, Head On, Not Injured, N, N
US,3,0,0,1,2017, March, Tuesday,16:30,60, Wet, Y, Daylight, Head On, Minor Injury, N, N
US,2,0,0,0,2017, March, Monday,16:40,60, Dry, N, Daylight, Right Angle, Not Injured, N, N
US,2,0,0,2,2017, March, Tuesday,19:20,40, Wet, Y, Night, Head On, Minor Injury, N, N
US,3,0,0,1,2017, March, Tuesday,16:10,60, Dry, Y, Daylight, Rear End, Minor Injury, N, N
US,3,0,0,0,2017, March, Tuesday,15:10,40, Wet, Y, Daylight, Side Swipe, Not Injured, N, N
US,3,0,0,1,2017, February, Wednesday,16:40,40, Dry, N, Daylight, Rear End, Minor Injury, N, N
US,2,0,0,0,2017, March, Sunday,4:10,40, Dry, N, Night, Side Swipe, Not Injured, N, N
US,2,0,0,0,2017, March, Tuesday,16:10,40, Dry, N, Daylight, Right Angle, Not Injured, N, N
US,2,0,0,0,2017, March, Wednesday,7:30,60, Dry, Y, Daylight, Right Angle, Minor Injury, N, N
US,2,0,0,0,2017, March, Wednesday,7:30,60, Wet, Y, Daylight, Right Angle, Not Injured, N, N
US,2,0,0,0,2017, March, Wednesday,10:00,60, Dry, Y, Daylight, Right Angle, Not Injured, N, N
US,4,0,0,0,2017, March, Saturday,20:50,60, Dry, N, Night, Rear End, Minor Injury, Y, N
US,2,0,0,0,2017, March, Wednesday,15:10,40, Dry, N, Daylight, Right Angle, Not Injured, N, N
US,2,0,0,0,2017, March, Wednesday,15:40,40, Dry, N, Daylight, Rear End, Not Injured, N, N
US,4,0,0,0,2017, March, Wednesday,14:50,60, Dry, N, Daylight, Right Angle, Minor Injury, N, N
US,2,0,0,0,2017, March, Wednesday,16:30,40, Dry, N, Daylight, Right Angle, Not Injured, N, N
US,2,0,0,0,2017, March, Wednesday,17:00,60, Dry, N, Daylight, Rear End, Not Injured, N, N
US,2,0,0,0,2017, March, Wednesday,17:30,60, Dry, N, Daylight, Right Angle, Not Injured, N, N
US,4,0,0,0,2017, March, Tuesday,23:10,40, Dry, Y, Night, Side Swipe, Not Injured, N, N
US,2,0,0,0,2017, March, Friday,7:40,40, Dry, N, Daylight, Side Swipe, Minor Injury, N, N
US,2,0,0,0,2017, March, Wednesday,21:50,40, Dry, N, Night, Right Angle, Minor Injury, N, N
US,2,0,0,1,2017, March, Wednesday,6:00,40, Dry, Y, Night, Side Swipe, Minor Injury, N, N
US,2,0,0,0,2017, March, Wednesday,15:30,40, Dry, N, Daylight, Right Angle, Not Injured, N, N
US,2,0,0,0,2017, March, Thursday,6:50,40, Dry, N, Daylight, Right Angle, Not Injured, N, N
US,2,0,0,0,2017, March, Thursday,8:20,40, Dry, Y, Daylight, Right Angle, Not Injured, N, N
US,2,0,0,0,2017, March, Saturday,20:20,40, Dry, N, Night, Rear End, Minor Injury, N, N
US,2,0,0,0,2017, March, Thursday,9:00,40, Dry, N, Daylight, Right Angle, Not Injured, N, N
US,2,0,0,0,2017, March, Thursday,9:30,40, Dry, N, Daylight, Right Angle, Not Injured, N, N
US,2,0,0,4,2017, March, Thursday,9:50,40, Wet, N, Daylight, Head On, Minor Injury, N, N
US,2,0,0,0,2017, March, Wednesday,14:20,40, Dry, N, Daylight, Rear End, Not Injured, N, N
US,3,0,0,0,2017, March, Thursday,9:30,40, Dry, N, Daylight, Side Swipe, Not Injured, N, N
US,2,0,0,1,2017, March, Thursday,6:40,40, Dry, N, Night, Right Angle, Minor Injury, N, N
US,2,0,0,0,2017, March, Thursday,8:40,60, Dry, N, Daylight, Right Angle, Not Injured, N, N
US,3,0,0,0,2017, March, Thursday,15:30,40, Dry, Y, Daylight, Right Angle, Not Injured, N, N
US,3,0,0,2,2017, March, Thursday,11:50,60, Dry, N, Daylight, Rear End, Minor Injury, N, N
US,2,0,0,0,2017, March, Wednesday,17:10,60, Dry, N, Daylight, Rear End, Not Injured, N, N