Nation,Total Units,Total Fatalities,Total Serious Injuries,Total Minor Injuries,Year,Month,Day,Time,Speed Limit,Moisture,Adverse Weather Conditions,DayNight,Crash Type,Crash Severity,Alcohol Related ,Drug Related
US,2,0,0,0,2017, March, Saturday,18:20,40, Dry, N, Night, Side Swipe, Not Injured, Y, N
US,3,0,0,0,2017, March, Tuesday,15:50,60, Wet, Y, Daylight, Side Swipe, Not Injured, N, N
US,2,0,0,1,2017, March, Tuesday,21:00,40, Wet, Y, Night, Right Angle, Minor Injury, N, N
US,2,0,0,0,2017, March, Thursday,18:30,60, Dry, N, Daylight, Right Angle, Minor Injury, N, N
US,2,0,0,0,2017, March, Thursday,17:20,60, Dry, N, Daylight, Rear End, Not Injured, N, N
US,2,0,0,1,2017, March, Thursday,20:10,40, Dry, N, Night, Hit Pedestrian, Minor Injury, N, N
US,2,0,0,0,2017, March, Thursday,23:30,40, Wet, Y, Night, Right Angle, Not Injured, N, N
US,4,0,0,0,2017, March, Thursday,5:50,40, Dry, N, Night, Side Swipe, Not Injured, N, N
US,2,0,0,0,2017, March, Friday,0:30,60, Dry, N, Night, Rear End, Not Injured, N, N
US,2,0,0,0,2017, March, Thursday,6:50,40, Wet, N, Daylight, Rear End, Minor Injury, N, N
US,3,0,0,0,2017, March, Thursday,14:20,90, Dry, N, Daylight, Rear End, Not Injured, N, N
US,2,0,0,2,2017, March, Thursday,18:40,40, Dry, N, Daylight, Right Angle, Minor Injury, N, N
US,3,0,0,0,2017, March, Tuesday,7:30,20, Dry, N, Daylight, Rear End, Not Injured, N, N
US,2,0,0,0,2017, March, Friday,9:30,60, Dry, N, Daylight, Head On, Not Injured, N, N
US,2,0,0,0,2017, March, Friday,8:10,40, Dry, N, Daylight, Right Angle, Not Injured, N, N
US,3,0,0,0,2017, March, Friday,10:30,40, Dry, N, Daylight, Right Angle, Not Injured, N, N
US,2,0,0,1,2017, March, Friday,10:00,40, Dry, N, Daylight, Right Angle, Minor Injury, N, N
US,2,0,0,0,2017, March, Tuesday,0:10,60, Wet, Y, Daylight, Right Angle, Not Injured, N, N
US,3,0,0,0,2017, March, Friday,8:30,60, Dry, N, Daylight, Rear End, Not Injured, N, N
US,2,0,0,0,2017, March, Friday,0:00,70, Dry, N, Daylight, Right Angle, Not Injured, N, N
US,2,0,0,0,2017, March, Friday,0:20,40, Dry, N, Daylight, Head On, Not Injured, N, N
US,3,0,0,0,2017, March, Friday,0:10,60, Dry, N, Daylight, Rear End, Not Injured, N, N
US,2,0,0,1,2017, March, Friday,13:10,60, Dry, N, Daylight, Rear End, Minor Injury, N, N
US,2,0,0,0,2017, March, Friday,14:40,40, Dry, N, Daylight, Right Angle, Not Injured, N, N
US,3,0,0,0,2017, March, Friday,17:10,60, Wet, Y, Daylight, Rear End, Not Injured, N, N
US,2,0,0,0,2017, March, Friday,18:10,60, Dry, Y, Daylight, Head On, Minor Injury, N, N
US,2,0,0,0,2017, March, Friday,17:30,40, Dry, Y, Night, Right Angle, Not Injured, N, N
US,2,0,0,0,2017, March, Friday,19:20,40, Dry, Y, Night, Side Swipe, Not Injured, N, N
US,2,0,0,0,2017, March, Friday,18:50,60, Dry, Y, Daylight, Right Angle, Not Injured, N, N
US,2,0,0,2,2017, March, Friday,18:30,40, Wet, Y, Daylight, Right Angle, Minor Injury, Y, N
US,2,0,0,0,2017, March, Friday,16:40,60, Wet, N, Daylight, Rear End, Not Injured, N, N
US,2,0,0,0,2017, March, Friday,18:20,40, Dry, Y, Daylight, Head On, Not Injured, N, N
US,2,0,0,0,2017, March, Friday,13:10,70, Dry, N, Daylight, Rear End, Not Injured, N, N
US,2,0,0,1,2017, March, Saturday,10:00,40, Wet, Y, Daylight, Right Angle, Minor Injury, N, N
US,2,0,0,0,2017, March, Saturday,11:00,40, Dry, N, Daylight, Right Angle, Not Injured, N, N
US,2,0,0,0,2017, March, Saturday,10:50,60, Wet, N, Daylight, Head On, Not Injured, N, N
US,2,0,0,0,2017, March, Saturday,11:30,30, Dry, N, Daylight, Right Angle, Not Injured, N, N
US,3,0,0,0,2017, March, Saturday,11:10,40, Dry, N, Daylight, Right Angle, Not Injured, N, N
US,2,0,0,0,2017, March, Friday,1:50,60, Dry, N, Night, Head On, Not Injured, Y, N
US,3,0,0,0,2017, March, Friday,10:00,90, Dry, N, Daylight, Rear End, Not Injured, N, N
US,2,0,0,0,2017, March, Sunday,19:10,60, Dry, N, Daylight, Rear End, Not Injured, N, N
US,2,0,0,0,2017, January, Friday,17:20,60, Dry, N, Night, Rear End, Not Injured, N, N
US,3,0,0,0,2017, January, Monday,14:50,70, Dry, N, Daylight, Rear End, Not Injured, N, N
US,2,0,0,0,2017, March, Saturday,19:30,60, Dry, N, Night, Right Angle, Not Injured, N, N
US,4,0,1,0,2017, March, Saturday,16:30,40, Dry, N, Daylight, Side Swipe, Major Injury, N, N
US,2,0,0,0,2017, March, Saturday,22:20,60, Wet, Y, Night, Side Swipe, Not Injured, N, N
US,2,0,0,0,2017, March, Friday,23:00,40, Dry, N, Night, Head On, Not Injured, N, N
US,4,0,0,0,2017, March, Sunday,2:00,40, Dry, N, Night, Rear End, Not Injured, Y, N
US,2,0,0,0,2017, March, Saturday,10:50,60, Wet, N, Daylight, Right Angle, Not Injured, N, N
US,2,0,0,0,2017, March, Sunday,10:00,30, Dry, N, Daylight, Head On, Not Injured, N, N
US,2,0,0,0,2017, March, Sunday,0:00,40, Dry, N, Daylight, Right Angle, Not Injured, N, N
US,2,0,0,0,2017, March, Sunday,0:30,40, Dry, N, Daylight, Head On, Not Injured, N, N
US,2,0,0,0,2017, March, Sunday,11:00,60, Dry, N, Daylight, Right Angle, Not Injured, N, N
US,2,0,0,0,2017, March, Friday,14:40,60, Dry, N, Daylight, Side Swipe, Not Injured, N, N
US,2,0,0,0,2017, March, Saturday,21:10,30, Wet, Y, Night, Hit Pedestrian, Minor Injury, N, N
US,3,0,0,2,2017, March, Sunday,0:10,60, Dry, N, Night, Rear End, Minor Injury, Y, N
US,2,0,0,0,2017, March, Friday,23:40,40, Wet, Y, Night, Rear End, Minor Injury, N, N
US,2,0,0,0,2017, March, Monday,15:50,40, Dry, N, Daylight, Right Angle, Not Injured, N, N
US,2,0,0,2,2017, March, Saturday,16:50,70, Dry, N, Daylight, Right Angle, Minor Injury, N, N
US,3,0,0,0,2017, March, Wednesday,16:10,60, Dry, N, Daylight, Rear End, Not Injured, N, N
US,2,0,0,0,2017, March, Sunday,20:00,40, Dry, N, Night, Right Angle, Not Injured, N, N
US,3,0,0,0,2017, March, Friday,2:20,40, Dry, N, Night, Rear End, Not Injured, Y, N
US,2,0,0,0,2017, March, Monday,23:00,40, Dry, N, Night, Right Angle, Not Injured, N, N
US,2,0,0,0,2017, March, Monday,8:10,40, Dry, N, Daylight, Rear End, Not Injured, N, N
US,2,0,0,0,2017, March, Sunday,10:10,40, Dry, N, Daylight, Rear End, Not Injured, N, N
US,5,0,0,0,2017, March, Monday,10:30,60, Dry, N, Daylight, Right Angle, Minor Injury, N, N
US,3,0,0,0,2017, March, Wednesday,17:30,60, Dry, N, Daylight, Rear End, Not Injured, N, N
US,2,0,0,0,2017, March, Monday,15:10,60, Dry, N, Daylight, Right Angle, Not Injured, N, N
US,2,0,0,1,2017, March, Tuesday,15:50,60, Dry, N, Daylight, Rear End, Minor Injury, N, N
US,2,0,0,2,2017, March, Friday,18:20,60, Dry, Y, Daylight, Right Angle, Minor Injury, N, N
US,3,0,0,1,2017, March, Tuesday,8:00,90, Dry, N, Daylight, Rear End, Minor Injury, N, N
US,3,0,0,0,2017, March, Monday,18:10,60, Dry, N, Daylight, Right Angle, Minor Injury, N, N
US,2,0,0,0,2017, March, Friday,19:00,60, Dry, Y, Daylight, Right Angle, Not Injured, N, N
US,3,0,0,0,2017, March, Monday,20:30,40, Dry, N, Night, Rear End, Not Injured, N, N
US,2,0,0,0,2017, March, Monday,0:30,60, Dry, N, Night, Right Angle, Not Injured, N, N
US,3,0,0,0,2017, March, Tuesday,11:10,20, Wet, Y, Daylight, Right Angle, Not Injured, N, N
US,2,0,0,0,2017, March, Sunday,0:50,60, Dry, N, Daylight, Rear End, Not Injured, N, N
US,2,0,0,0,2017, March, Tuesday,10:30,40, Dry, N, Daylight, Right Angle, Not Injured, N, N
US,2,0,0,0,2017, March, Tuesday,8:20,60, Dry, N, Daylight, Side Swipe, Not Injured, N, N
US,2,0,0,0,2017, March, Tuesday,0:50,40, Dry, N, Daylight, Right Angle, Not Injured, N, N
US,3,0,0,0,2017, March, Thursday,13:40,60, Dry, N, Daylight, Rear End, Not Injured, N, N
US,3,0,0,0,2017, March, Tuesday,17:00,40, Dry, N, Daylight, Rear End, Not Injured, N, N
US,2,0,0,0,2017, March, Monday,0:30,90, Dry, N, Daylight, Rear End, Not Injured, N, N
US,2,0,0,1,2017, March, Sunday,17:00,40, Dry, N, Daylight, Right Angle, Minor Injury, Y, N
US,4,0,0,0,2017, March, Tuesday,17:20,40, Dry, N, Daylight, Rear End, Minor Injury, N, N
US,2,0,0,0,2017, March, Tuesday,2:50,40, Dry, N, Night, Right Angle, Not Injured, N, N
US,2,0,0,0,2017, March, Wednesday,13:00,90, Wet, Y, Daylight, Right Angle, Not Injured, N, N
US,2,0,0,0,2017, March, Wednesday,7:50,40, Dry, N, Daylight, Right Angle, Not Injured, N, N
US,2,0,0,0,2017, March, Wednesday,8:00,40, Dry, N, Daylight, Head On, Not Injured, N, N
US,2,0,0,0,2017, March, Monday,16:50,20, Dry, N, Daylight, Rear End, Not Injured, N, N
US,2,0,0,2,2017, March, Wednesday,9:20,60, Dry, N, Daylight, Rear End, Minor Injury, N, N
US,2,0,0,0,2017, March, Wednesday,9:50,60, Dry, N, Daylight, Right Angle, Not Injured, N, N
US,2,0,0,0,2017, March, Tuesday,20:40,40, Dry, N, Night, Head On, Minor Injury, N, N
US,2,0,0,1,2017, March, Thursday,20:50,40, Dry, N, Night, Rear End, Minor Injury, N, N
US,2,0,0,1,2017, March, Monday,6:50,40, Dry, N, Daylight, Hit Pedestrian, Minor Injury, N, N
US,2,0,0,1,2017, March, Monday,16:10,60, Dry, N, Daylight, Rear End, Minor Injury, N, N
US,2,0,0,0,2017, March, Wednesday,15:10,60, Dry, N, Daylight, Head On, Not Injured, N, N
US,2,0,0,1,2017, March, Wednesday,16:00,60, Dry, N, Daylight, Right Angle, Minor Injury, N, N
US,2,0,0,3,2017, March, Wednesday,15:10,30, Dry, N, Daylight, Right Angle, Minor Injury, N, N
US,3,0,0,0,2017, March, Monday,17:30,60, Dry, N, Daylight, Rear End, Not Injured, N, N
US,2,0,0,5,2017, March, Sunday,15:20,60, Dry, N, Daylight, Rear End, Minor Injury, N, N
US,2,0,0,0,2017, March, Monday,7:10,60, Dry, N, Daylight, Right Angle, Not Injured, N, N
US,2,0,0,1,2017, March, Wednesday,17:20,40, Dry, N, Daylight, Head On, Minor Injury, N, N
US,2,0,0,0,2017, March, Tuesday,9:50,60, Dry, N, Daylight, Right Angle, Not Injured, N, N
US,2,0,0,0,2017, March, Wednesday,18:00,40, Dry, N, Daylight, Rear End, Not Injured, N, N
US,2,0,0,0,2017, March, Wednesday,18:40,60, Dry, N, Daylight, Right Angle, Not Injured, N, N
US,2,0,0,0,2017, March, Wednesday,23:10,60, Dry, N, Night, Right Angle, Not Injured, N, N
US,2,0,0,0,2017, March, Thursday,7:20,40, Dry, N, Daylight, Rear End, Minor Injury, N, N
US,2,0,0,0,2017, March, Thursday,9:10,70, Dry, N, Daylight, Rear End, Not Injured, N, N
US,2,0,0,0,2017, March, Thursday,9:30,40, Dry, N, Daylight, Rear End, Not Injured, N, N
US,2,0,0,0,2017, March, Thursday,10:30,40, Dry, N, Daylight, Right Angle, Not Injured, N, N
US,2,0,0,0,2017, March, Thursday,0:20,70, Dry, N, Daylight, Rear End, Not Injured, N, N
US,2,0,0,0,2017, March, Wednesday,8:40,60, Dry, N, Daylight, Rear End, Not Injured, N, N
US,2,0,0,0,2017, March, Thursday,0:30,40, Dry, N, Daylight, Right Angle, Not Injured, N, N
US,2,0,0,0,2017, March, Friday,22:40,40, Wet, Y, Night, Rear End, Not Injured, N, N
US,2,0,0,0,2017, March, Thursday,15:40,40, Dry, N, Daylight, Rear End, Not Injured, N, N
US,3,0,0,0,2017, March, Thursday,0:40,90, Dry, N, Daylight, Rear End, Not Injured, N, N
US,2,0,0,0,2017, March, Friday,18:50,90, Dry, Y, Daylight, Right Angle, Not Injured, N, N
US,2,0,0,2,2017, March, Thursday,17:00,40, Dry, N, Daylight, Right Angle, Minor Injury, N, N
US,3,0,0,1,2017, March, Thursday,18:10,40, Dry, N, Daylight, Rear End, Minor Injury, N, N
US,2,0,0,0,2017, March, Thursday,17:10,60, Dry, N, Daylight, Rear End, Not Injured, N, N
US,3,0,0,0,2017, March, Wednesday,13:10,60, Dry, N, Daylight, Rear End, Not Injured, N, N
US,2,0,0,0,2017, March, Thursday,6:10,40, Dry, N, Daylight, Head On, Not Injured, N, N
US,2,0,1,0,2017, January, Saturday,2:00,90, Dry, N, Night, Rear End, Major Injury, Y, N
US,2,0,0,0,2017, February, Saturday,18:40,90, Dry, N, Night, Rear End, Minor Injury, N, N
US,2,0,0,0,2017, March, Saturday,16:10,60, Wet, Y, Daylight, Right Angle, Not Injured, N, N
US,2,0,0,0,2017, March, Friday,6:50,40, Wet, Y, Night, Rear End, Not Injured, N, N
US,3,0,0,0,2017, March, Friday,7:10,40, Wet, Y, Daylight, Rear End, Not Injured, N, N
US,3,0,0,4,2017, March, Friday,7:30,70, Wet, Y, Daylight, Rear End, Minor Injury, N, N
US,2,0,0,0,2017, March, Friday,11:20,40, Dry, N, Daylight, Right Angle, Not Injured, N, N
US,3,0,0,1,2017, March, Friday,17:00,40, Dry, N, Daylight, Rear End, Minor Injury, N, N
US,3,0,0,0,2017, March, Friday,16:30,70, Dry, N, Daylight, Rear End, Minor Injury, N, N
US,2,0,0,0,2017, March, Thursday,15:30,60, Dry, N, Daylight, Side Swipe, Not Injured, N, N
US,2,0,0,1,2017, March, Friday,17:40,40, Dry, N, Daylight, Right Angle, Minor Injury, N, N
US,2,0,0,0,2017, March, Friday,16:30,40, Dry, N, Daylight, Rear End, Not Injured, N, N
US,2,0,0,0,2017, March, Friday,18:40,40, Dry, N, Daylight, Right Angle, Not Injured, N, N
US,2,0,0,1,2017, March, Thursday,16:10,60, Dry, N, Daylight, Rear End, Minor Injury, N, N
US,3,0,0,0,2017, March, Friday,17:10,60, Dry, N, Daylight, Rear End, Not Injured, N, N
US,2,0,0,0,2017, March, Saturday,22:10,40, Dry, N, Night, Side Swipe, Not Injured, N, N
US,2,0,0,1,2017, March, Friday,19:30,90, Dry, N, Night, Side Swipe, Minor Injury, Y, N
US,2,0,0,0,2017, March, Saturday,1:50,40, Dry, N, Night, Head On, Minor Injury, Y, N
US,2,0,0,0,2017, March, Saturday,2:20,40, Dry, N, Night, Right Angle, Not Injured, N, N
US,2,0,0,0,2017, February, Monday,19:00,70, Dry, N, Night, Rear End, Not Injured, N, N
US,2,0,0,0,2017, March, Thursday,14:30,40, Dry, N, Daylight, Side Swipe, Not Injured, N, N
US,2,0,0,0,2017, March, Saturday,8:00,60, Dry, N, Daylight, Right Angle, Not Injured, N, N
US,2,0,0,0,2017, March, Thursday,0:20,70, Dry, N, Daylight, Rear End, Not Injured, N, N
US,3,0,0,0,2017, March, Saturday,11:50,60, Dry, N, Daylight, Right Angle, Not Injured, N, N
US,2,0,0,1,2017, March, Saturday,17:40,60, Dry, N, Daylight, Right Angle, Minor Injury, N, N
US,2,0,0,0,2017, March, Friday,18:10,50, Dry, N, Daylight, Rear End, Not Injured, N, N
US,2,0,0,0,2017, March, Friday,21:40,40, Dry, N, Night, Rear End, Not Injured, N, N
US,2,0,2,0,2017, March, Saturday,2:20,40, Dry, N, Night, Right Angle, Major Injury, Y, N
US,2,0,1,0,2017, March, Saturday,23:40,40, Dry, N, Night, Head On, Major Injury, N, N
US,2,0,0,0,2017, March, Friday,10:30,40, Dry, N, Daylight, Right Angle, Not Injured, N, N
US,2,0,0,0,2017, March, Sunday,11:00,60, Dry, N, Daylight, Right Angle, Not Injured, N, N
US,2,0,0,0,2017, March, Monday,0:30,40, Dry, N, Daylight, Right Angle, Not Injured, N, N
US,3,0,0,0,2017, March, Saturday,13:10,40, Dry, N, Daylight, Side Swipe, Not Injured, N, N
US,2,0,0,0,2017, March, Friday,18:10,20, Dry, N, Daylight, Right Angle, Minor Injury, N, N
US,3,0,1,0,2017, March, Sunday,16:30,40, Wet, N, Daylight, Right Angle, Major Injury, N, N
US,3,0,0,0,2017, March, Sunday,16:40,60, Wet, N, Daylight, Rear End, Minor Injury, N, N
US,2,0,0,0,2017, March, Friday,14:50,60, Dry, N, Daylight, Right Angle, Not Injured, N, N
US,2,0,1,0,2017, March, Saturday,21:30,40, Dry, N, Night, Hit Pedestrian, Major Injury, Y, N
US,3,0,0,0,2017, March, Friday,23:50,50, Dry, N, Night, Rear End, Not Injured, N, N
US,2,0,0,0,2017, March, Monday,6:30,70, Dry, N, Daylight, Rear End, Not Injured, N, N
US,2,0,0,0,2017, March, Monday,1:50,40, Wet, Y, Night, Side Swipe, Not Injured, Y, N
US,2,0,0,0,2017, March, Tuesday,22:40,90, Dry, Y, Night, Rear End, Not Injured, N, N
US,2,0,0,0,2017, March, Thursday,13:10,90, Dry, N, Daylight, Rear End, Not Injured, N, N
US,2,0,0,2,2017, March, Friday,14:30,90, Dry, N, Daylight, Rear End, Minor Injury, N, N
US,4,0,0,0,2017, March, Friday,17:40,90, Dry, N, Daylight, Rear End, Not Injured, N, N
US,2,0,0,0,2017, March, Thursday,6:40,40, Dry, N, Night, Side Swipe, Not Injured, N, N
US,2,0,0,0,2017, March, Sunday,14:40,40, Dry, N, Daylight, Head On, Minor Injury, N, N
US,2,0,0,0,2017, March, Monday,9:30,40, Dry, N, Daylight, Hit Pedestrian, Minor Injury, N, N
US,2,0,0,2,2017, March, Monday,8:30,40, Dry, N, Daylight, Head On, Minor Injury, N, N
US,2,0,0,0,2017, February, Wednesday,7:10,20, Dry, N, Daylight, Right Angle, Not Injured, N, N
US,2,0,0,0,2017, March, Monday,9:30,60, Dry, N, Daylight, Rear End, Not Injured, N, N
US,2,0,0,0,2017, March, Thursday,8:10,40, Dry, N, Daylight, Rear End, Not Injured, N, N
US,2,0,2,1,2017, March, Sunday,15:10,60, Dry, N, Daylight, Head On, Major Injury, N, Y
US,2,0,0,0,2017, March, Monday,10:50,60, Dry, N, Daylight, Rear End, Minor Injury, N, N
US,2,0,0,0,2017, March, Friday,21:00,40, Dry, N, Night, Right Angle, Minor Injury, N, N
US,2,0,0,0,2017, March, Monday,8:00,40, Dry, N, Daylight, Right Angle, Not Injured, N, N
US,2,0,0,0,2017, March, Tuesday,13:00,40, Dry, N, Daylight, Rear End, Not Injured, N, N
US,2,0,0,0,2017, March, Monday,14:00,40, Dry, N, Daylight, Right Angle, Not Injured, N, N
US,2,0,0,6,2017, March, Monday,14:00,40, Dry, N, Daylight, Right Angle, Minor Injury, N, N
US,2,0,0,1,2017, March, Friday,15:40,40, Dry, N, Daylight, Rear End, Minor Injury, N, N
US,2,0,0,0,2017, March, Monday,16:10,40, Dry, N, Daylight, Right Angle, Not Injured, N, N
US,2,0,0,0,2017, March, Friday,16:10,60, Dry, N, Daylight, Rear End, Not Injured, N, N
US,2,0,0,0,2017, March, Saturday,15:00,90, Dry, N, Daylight, Rear End, Minor Injury, N, N
US,3,0,0,0,2017, January, Monday,17:50,90, Dry, N, Night, Rear End, Not Injured, N, N
US,2,0,0,0,2017, March, Saturday,20:30,40, Dry, N, Night, Right Angle, Not Injured, N, N
US,2,0,0,0,2017, March, Wednesday,14:40,90, Dry, N, Daylight, Rear End, Not Injured, N, N
US,2,0,0,0,2017, March, Friday,18:10,60, Dry, N, Daylight, Side Swipe, Minor Injury, N, N
US,2,0,0,0,2017, March, Monday,15:50,60, Dry, N, Daylight, Right Angle, Not Injured, N, N
US,2,0,0,0,2017, March, Monday,18:20,40, Dry, N, Daylight, Right Angle, Not Injured, N, N
US,2,0,0,1,2017, March, Monday,18:20,40, Dry, N, Daylight, Side Swipe, Minor Injury, N, N
US,3,0,0,0,2017, March, Monday,19:40,40, Dry, N, Night, Rear End, Minor Injury, N, N
US,2,0,0,0,2017, February, Sunday,0:20,70, Dry, N, Night, Rear End, Not Injured, N, N
US,3,0,0,0,2017, March, Tuesday,1:00,40, Dry, N, Night, Right Angle, Not Injured, N, N
US,2,0,0,0,2017, March, Monday,6:30,40, Dry, N, Daylight, Hit Pedestrian, Minor Injury, N, N
US,2,0,0,0,2017, March, Friday,21:50,30, Dry, N, Night, Head On, Not Injured, Y, N
US,2,0,0,0,2017, March, Sunday,0:30,20, Dry, N, Daylight, Rear End, Not Injured, N, N
US,2,0,0,0,2017, March, Saturday,16:00,40, Dry, N, Daylight, Rear End, Not Injured, N, N
US,3,0,0,0,2017, March, Tuesday,6:50,70, Wet, Y, Night, Rear End, Not Injured, N, N
US,2,0,0,0,2017, March, Tuesday,7:10,40, Wet, Y, Daylight, Side Swipe, Not Injured, N, N
US,2,0,0,0,2017, March, Monday,11:20,40, Dry, N, Daylight, Right Angle, Not Injured, N, N
US,2,0,0,0,2017, March, Tuesday,8:30,40, Wet, N, Daylight, Right Angle, Not Injured, N, N
US,2,0,0,0,2017, March, Tuesday,11:40,40, Wet, Y, Daylight, Right Angle, Not Injured, N, N
US,2,0,0,0,2017, March, Monday,21:20,60, Dry, N, Night, Rear End, Not Injured, N, N
US,2,0,0,0,2017, March, Tuesday,14:20,60, Dry, N, Daylight, Rear End, Not Injured, N, N
US,2,0,0,0,2017, March, Thursday,16:50,40, Dry, N, Daylight, Right Angle, Not Injured, N, N
US,2,0,0,2,2017, March, Monday,19:00,40, Dry, N, Daylight, Right Angle, Minor Injury, N, N
US,2,0,0,0,2017, March, Monday,16:40,40, Dry, N, Daylight, Side Swipe, Not Injured, N, N
US,3,0,0,0,2017, March, Tuesday,16:30,60, Dry, N, Daylight, Rear End, Minor Injury, N, N
US,3,0,0,0,2017, March, Saturday,16:00,60, Dry, N, Daylight, Side Swipe, Not Injured, N, N
US,2,0,0,0,2017, March, Tuesday,18:20,40, Dry, N, Daylight, Right Angle, Minor Injury, N, N
US,2,0,0,0,2017, March, Tuesday,18:40,40, Dry, N, Daylight, Right Angle, Not Injured, N, N
US,2,0,0,0,2017, March, Tuesday,19:10,40, Dry, N, Daylight, Right Angle, Minor Injury, N, N
US,3,0,0,1,2017, March, Saturday,18:20,60, Dry, N, Daylight, Right Angle, Minor Injury, N, N
US,2,0,0,0,2017, March, Tuesday,6:30,60, Wet, Y, Daylight, Rear End, Minor Injury, N, N
US,2,0,0,0,2017, February, Wednesday,1:00,70, Dry, N, Night, Head On, Minor Injury, Y, N
US,2,0,0,0,2017, March, Monday,6:50,90, Dry, N, Daylight, Rear End, Not Injured, N, N
US,3,0,0,2,2017, March, Monday,9:40,90, Dry, N, Daylight, Rear End, Minor Injury, N, N
US,4,0,0,0,2017, March, Saturday,17:20,90, Dry, N, Daylight, Rear End, Not Injured, N, N
US,2,0,0,0,2017, March, Friday,8:20,40, Wet, N, Daylight, Right Angle, Not Injured, N, N
US,2,0,0,0,2017, March, Friday,9:00,40, Dry, N, Daylight, Rear End, Minor Injury, N, N
US,2,0,0,2,2017, March, Wednesday,16:20,40, Dry, N, Daylight, Rear End, Minor Injury, N, N
US,2,0,0,0,2017, March, Wednesday,16:30,60, Dry, N, Daylight, Right Angle, Not Injured, N, N
US,4,0,0,0,2017, March, Wednesday,7:00,90, Dry, N, Daylight, Rear End, Minor Injury, N, N
US,2,0,0,0,2017, March, Thursday,7:40,60, Dry, N, Daylight, Rear End, Not Injured, N, N
US,2,0,0,0,2017, March, Wednesday,22:30,40, Dry, N, Night, Right Angle, Not Injured, Y, N
US,2,0,1,0,2017, March, Saturday,20:40,60, Wet, Y, Night, Hit Pedestrian, Major Injury, N, N
US,4,0,0,0,2017, January, Thursday,19:00,90, Wet, N, Night, Right Angle, Not Injured, Y, N
US,3,0,0,0,2017, March, Wednesday,13:50,40, Dry, N, Daylight, Right Angle, Not Injured, N, N
US,2,0,0,0,2017, March, Thursday,8:40,40, Dry, N, Daylight, Right Angle, Not Injured, N, N
US,2,0,0,0,2017, March, Thursday,10:20,20, Dry, N, Daylight, Side Swipe, Not Injured, N, N
US,2,0,0,1,2017, March, Thursday,18:30,60, Dry, N, Daylight, Head On, Minor Injury, N, N
US,2,0,0,1,2017, March, Friday,0:10,70, Dry, N, Night, Right Angle, Minor Injury, Y, N
US,2,0,0,0,2017, March, Wednesday,17:30,60, Dry, N, Daylight, Side Swipe, Not Injured, N, N
US,2,0,0,0,2017, March, Thursday,11:20,70, Dry, N, Daylight, Rear End, Minor Injury, N, N
US,2,0,0,0,2017, March, Thursday,11:40,40, Dry, N, Daylight, Side Swipe, Not Injured, N, N
US,2,0,0,0,2017, March, Thursday,0:20,60, Wet, N, Daylight, Right Angle, Not Injured, N, N
US,2,0,0,0,2017, March, Wednesday,22:50,40, Dry, N, Night, Right Angle, Minor Injury, N, N
US,2,0,0,0,2017, March, Thursday,17:10,40, Dry, N, Daylight, Side Swipe, Not Injured, N, N
US,3,0,0,0,2017, March, Monday,9:30,110, Dry, N, Daylight, Rear End, Minor Injury, N, N
US,2,0,0,0,2017, March, Wednesday,18:00,90, Dry, N, Daylight, Side Swipe, Not Injured, N, N
US,2,0,0,0,2017, March, Wednesday,18:10,40, Dry, N, Daylight, Right Angle, Not Injured, N, N
US,2,0,0,0,2017, March, Thursday,17:10,40, Dry, N, Daylight, Head On, Minor Injury, N, Y
US,3,0,0,0,2017, March, Thursday,16:40,40, Dry, N, Daylight, Right Angle, Not Injured, Y, N
US,2,0,0,1,2017, March, Thursday,20:00,40, Dry, N, Night, Hit Pedestrian, Minor Injury, N, N
US,2,0,0,0,2017, March, Tuesday,17:50,40, Dry, N, Daylight, Right Angle, Not Injured, Y, N
US,2,0,0,0,2017, March, Thursday,11:20,60, Dry, N, Daylight, Right Angle, Minor Injury, N, N
US,2,0,0,0,2017, March, Thursday,22:40,40, Dry, N, Night, Right Angle, Not Injured, N, N
US,2,0,0,0,2017, March, Friday,3:00,60, Wet, Y, Night, Side Swipe, Not Injured, N, N
US,3,0,0,0,2017, March, Friday,2:50,40, Wet, Y, Night, Side Swipe, Not Injured, N, N
US,3,0,0,0,2017, March, Thursday,16:00,90, Dry, N, Daylight, Rear End, Not Injured, N, N
US,2,0,0,0,2017, March, Friday,13:50,60, Dry, N, Daylight, Right Angle, Not Injured, N, N
US,3,0,0,0,2017, March, Tuesday,19:30,40, Dry, Y, Night, Right Angle, Not Injured, N, N
US,2,0,0,0,2017, March, Friday,8:10,60, Wet, Y, Daylight, Rear End, Minor Injury, N, N
US,2,0,0,0,2017, March, Friday,10:20,40, Wet, Y, Daylight, Head On, Minor Injury, N, N
US,2,0,0,0,2017, March, Wednesday,14:30,40, Dry, N, Daylight, Right Angle, Not Injured, N, N
US,2,0,0,1,2017, March, Friday,11:50,60, Wet, Y, Daylight, Side Swipe, Minor Injury, N, N
US,2,0,0,1,2017, March, Friday,10:30,40, Wet, Y, Daylight, Head On, Minor Injury, N, N
US,2,0,0,0,2017, March, Friday,13:30,40, Wet, Y, Daylight, Right Angle, Not Injured, N, N