Nation,Total Units,Total Fatalities,Total Serious Injuries,Total Minor Injuries,Year,Month,Day,Time,Speed Limit,Moisture,Adverse Weather Conditions,DayNight,Crash Type,Crash Severity,Alcohol Related ,Drug Related
US,2,0,0,0,2017, April, Monday,21:40,60, Dry, N, Night, Head On, Not Injured, N, N
US,4,0,0,1,2017, April, Tuesday,18:20,40, Dry, N, Daylight, Rear End, Minor Injury, N, N
US,2,0,0,0,2017, March, Tuesday,16:30,70, Dry, N, Daylight, Rear End, Not Injured, N, N
US,2,0,0,0,2017, March, Thursday,17:20,90, Dry, N, Night, Side Swipe, Not Injured, N, N
US,5,0,0,0,2017, April, Friday,15:30,90, Dry, N, Daylight, Rear End, Not Injured, N, N
US,2,0,0,0,2017, April, Wednesday,17:50,60, Dry, N, Daylight, Rear End, Not Injured, N, N
US,2,0,0,0,2017, March, Friday,14:20,90, Wet, Y, Daylight, Side Swipe, Not Injured, N, N
US,2,0,0,0,2017, April, Saturday,8:10,110, Dry, N, Daylight, Rear End, Minor Injury, N, N
US,3,0,0,0,2017, April, Tuesday,14:20,90, Dry, N, Daylight, Rear End, Not Injured, N, N
US,3,0,0,0,2017, April, Thursday,7:30,90, Dry, N, Daylight, Rear End, Not Injured, N, N
US,2,0,0,0,2017, April, Friday,22:10,90, Dry, N, Night, Rear End, Not Injured, N, N
US,3,0,0,0,2017, April, Sunday,18:20,90, Wet, N, Daylight, Rear End, Not Injured, N, N
US,3,0,0,1,2017, April, Friday,0:20,60, Dry, N, Daylight, Rear End, Minor Injury, N, N
US,2,0,0,0,2017, April, Wednesday,7:30,60, Wet, N, Daylight, Rear End, Not Injured, N, N
US,2,0,0,0,2017, April, Wednesday,8:00,40, Dry, N, Daylight, Rear End, Not Injured, N, N
US,2,0,0,0,2017, April, Tuesday,0:30,40, Dry, N, Daylight, Right Angle, Not Injured, N, N
US,2,0,0,0,2017, April, Wednesday,9:10,60, Dry, N, Daylight, Right Angle, Not Injured, N, N
US,3,0,0,1,2017, April, Tuesday,13:50,70, Dry, N, Daylight, Rear End, Minor Injury, N, N
US,3,0,0,0,2017, April, Wednesday,9:20,40, Dry, N, Daylight, Side Swipe, Not Injured, N, N
US,2,0,0,1,2017, March, Wednesday,14:40,40, Dry, N, Daylight, Rear End, Minor Injury, N, N
US,2,0,0,0,2017, April, Wednesday,11:40,40, Dry, N, Daylight, Right Angle, Not Injured, N, N
US,2,0,0,0,2017, March, Tuesday,13:40,60, Wet, Y, Daylight, Rear End, Not Injured, N, N
US,2,0,1,0,2017, April, Wednesday,15:30,40, Dry, N, Daylight, Side Swipe, Major Injury, N, N
US,2,0,0,0,2017, April, Wednesday,17:10,60, Dry, N, Daylight, Right Angle, Not Injured, N, N
US,2,0,0,2,2017, April, Wednesday,18:20,70, Dry, N, Daylight, Rear End, Minor Injury, N, N
US,2,0,0,0,2017, April, Tuesday,7:30,40, Dry, N, Daylight, Right Angle, Not Injured, N, N
US,2,0,0,0,2017, April, Wednesday,18:40,40, Dry, N, Daylight, Rear End, Not Injured, N, N
US,2,0,0,0,2017, April, Wednesday,19:50,40, Dry, N, Night, Rear End, Minor Injury, N, N
US,2,0,2,0,2017, April, Wednesday,15:50,50, Dry, N, Daylight, Head On, Major Injury, N, N
US,2,0,0,0,2017, April, Wednesday,22:10,40, Dry, N, Night, Right Angle, Not Injured, N, N
US,2,0,0,0,2017, April, Wednesday,9:40,60, Dry, N, Daylight, Right Angle, Not Injured, N, N
US,2,0,0,0,2017, April, Wednesday,6:50,40, Wet, Y, Daylight, Head On, Minor Injury, N, N
US,2,0,0,0,2017, April, Wednesday,11:30,60, Dry, N, Daylight, Right Angle, Not Injured, N, N
US,2,0,0,0,2017, April, Thursday,7:30,60, Dry, N, Daylight, Right Angle, Not Injured, N, N
US,2,0,0,1,2017, April, Thursday,8:30,40, Dry, N, Daylight, Right Angle, Minor Injury, N, N
US,2,0,0,0,2017, April, Wednesday,13:40,40, Dry, N, Daylight, Right Angle, Not Injured, N, N
US,4,1,0,2,2017, April, Tuesday,14:50,40, Dry, N, Daylight, Right Angle, Fatal, N, N
US,2,0,0,0,2017, April, Wednesday,10:00,40, Dry, N, Daylight, Right Angle, Minor Injury, N, N
US,2,0,0,0,2017, April, Thursday,7:30,60, Dry, N, Daylight, Right Angle, Not Injured, N, N
US,2,0,0,0,2017, April, Wednesday,18:30,40, Dry, N, Daylight, Head On, Not Injured, N, N
US,3,0,0,0,2017, April, Wednesday,21:30,60, Dry, N, Night, Side Swipe, Minor Injury, Y, N
US,2,0,0,0,2017, March, Thursday,17:20,60, Dry, N, Daylight, Right Angle, Minor Injury, N, N
US,2,0,1,0,2017, April, Thursday,14:40,40, Dry, N, Daylight, Hit Pedestrian, Major Injury, N, N
US,2,0,0,0,2017, April, Thursday,16:40,40, Dry, N, Daylight, Right Angle, Not Injured, N, N
US,2,0,0,0,2017, April, Thursday,16:10,40, Dry, N, Daylight, Rear End, Not Injured, N, N
US,5,0,0,1,2017, April, Friday,18:00,90, Dry, N, Night, Rear End, Minor Injury, N, N
US,2,0,0,0,2017, April, Thursday,6:30,90, Wet, N, Daylight, Side Swipe, Not Injured, N, N
US,4,0,0,0,2017, April, Thursday,17:10,60, Dry, N, Daylight, Side Swipe, Not Injured, N, N
US,2,0,0,0,2017, April, Thursday,16:00,20, Dry, N, Daylight, Head On, Not Injured, N, N
US,2,0,0,0,2017, April, Thursday,15:30,50, Wet, N, Daylight, Right Angle, Not Injured, N, N
US,2,0,0,0,2017, April, Thursday,15:10,20, Dry, N, Daylight, Head On, Not Injured, N, N
US,2,0,0,0,2017, April, Thursday,17:40,40, Dry, N, Daylight, Right Angle, Not Injured, N, N
US,5,0,0,0,2017, April, Thursday,18:40,70, Dry, N, Night, Rear End, Not Injured, N, N
US,2,0,0,2,2017, April, Wednesday,22:30,60, Dry, N, Night, Rear End, Minor Injury, N, N
US,2,0,0,1,2017, April, Wednesday,18:30,40, Dry, N, Daylight, Right Angle, Minor Injury, N, N
US,6,0,0,0,2017, April, Thursday,7:30,40, Dry, N, Daylight, Right Angle, Minor Injury, N, N
US,2,0,0,1,2017, April, Thursday,23:00,40, Dry, N, Night, Rear End, Minor Injury, N, N
US,2,0,0,0,2017, April, Thursday,10:50,90, Dry, N, Daylight, Rear End, Not Injured, N, N
US,2,0,0,0,2017, April, Thursday,7:50,40, Dry, N, Daylight, Rear End, Not Injured, N, N
US,3,0,0,2,2017, April, Friday,6:40,60, Wet, N, Daylight, Rear End, Minor Injury, N, N
US,2,0,0,0,2017, April, Friday,1:30,40, Wet, N, Night, Rear End, Not Injured, Y, N
US,2,0,0,1,2017, April, Wednesday,14:20,60, Dry, N, Daylight, Right Angle, Minor Injury, N, N
US,3,0,0,0,2017, April, Thursday,10:00,60, Dry, N, Daylight, Right Angle, Not Injured, N, N
US,2,0,0,2,2017, April, Friday,13:10,60, Dry, N, Daylight, Rear End, Minor Injury, N, N
US,2,0,0,0,2017, April, Friday,14:00,40, Dry, N, Daylight, Right Angle, Not Injured, N, N
US,2,0,1,0,2017, April, Friday,14:00,20, Dry, N, Daylight, Right Angle, Major Injury, N, N
US,3,0,0,0,2017, April, Friday,15:10,70, Dry, N, Daylight, Rear End, Not Injured, N, N
US,2,0,0,0,2017, April, Friday,15:40,60, Dry, N, Daylight, Head On, Minor Injury, N, N
US,2,0,0,0,2017, April, Saturday,1:00,40, Dry, N, Night, Right Angle, Not Injured, N, N
US,2,0,0,0,2017, April, Sunday,13:10,40, Dry, N, Daylight, Head On, Not Injured, N, N
US,3,0,0,0,2017, April, Friday,17:10,60, Dry, N, Daylight, Rear End, Not Injured, N, N
US,2,0,0,0,2017, April, Friday,19:50,40, Dry, N, Night, Right Angle, Not Injured, N, N
US,2,0,0,0,2017, April, Friday,19:40,60, Dry, N, Daylight, Head On, Not Injured, N, N
US,3,0,0,3,2017, April, Friday,20:30,70, Dry, N, Night, Rear End, Minor Injury, N, N
US,2,0,0,0,2017, April, Friday,19:00,40, Dry, N, Daylight, Right Angle, Not Injured, N, N
US,2,0,0,2,2017, April, Friday,7:00,60, Dry, N, Daylight, Right Angle, Minor Injury, N, N
US,2,0,0,0,2017, April, Friday,23:10,40, Dry, N, Night, Right Angle, Not Injured, N, N
US,2,0,0,1,2017, April, Saturday,0:50,40, Dry, N, Night, Right Angle, Minor Injury, N, N
US,2,0,0,0,2017, April, Saturday,9:40,40, Dry, N, Daylight, Rear End, Minor Injury, N, N
US,3,0,0,4,2017, April, Friday,15:40,40, Dry, N, Daylight, Rear End, Minor Injury, N, N
US,2,0,0,0,2017, April, Saturday,10:00,40, Dry, N, Daylight, Rear End, Not Injured, N, N
US,2,0,0,0,2017, April, Saturday,11:20,40, Dry, N, Daylight, Right Angle, Not Injured, N, N
US,4,0,0,0,2017, April, Friday,18:20,40, Dry, N, Daylight, Right Angle, Not Injured, N, N
US,2,0,0,0,2017, April, Monday,16:50,60, Dry, N, Daylight, Head On, Not Injured, N, N
US,3,0,0,0,2017, April, Thursday,18:30,60, Dry, N, Daylight, Rear End, Not Injured, N, N
US,2,0,0,0,2017, April, Thursday,15:30,60, Dry, N, Daylight, Rear End, Not Injured, N, N
US,2,0,0,0,2017, April, Saturday,14:30,70, Dry, N, Daylight, Head On, Minor Injury, N, N
US,3,0,0,0,2017, April, Saturday,15:50,40, Dry, N, Daylight, Rear End, Not Injured, N, N
US,3,0,0,0,2017, April, Saturday,16:00,60, Dry, N, Daylight, Right Angle, Not Injured, N, N
US,2,0,0,0,2017, April, Saturday,16:40,40, Dry, N, Daylight, Right Angle, Not Injured, N, N
US,2,0,0,0,2017, April, Saturday,15:30,70, Dry, N, Daylight, Rear End, Not Injured, N, N
US,2,0,0,0,2017, April, Saturday,21:40,40, Dry, N, Night, Hit Pedestrian, Minor Injury, N, N
US,2,0,1,1,2017, April, Friday,19:10,40, Dry, N, Daylight, Right Angle, Major Injury, N, N
US,3,0,0,0,2017, April, Saturday,1:40,40, Dry, N, Night, Right Angle, Not Injured, Y, N
US,2,0,0,0,2017, April, Sunday,17:00,40, Dry, N, Daylight, Side Swipe, Not Injured, N, N
US,3,0,0,0,2017, April, Sunday,8:50,60, Dry, N, Daylight, Head On, Minor Injury, N, N
US,3,0,0,0,2017, April, Friday,17:20,40, Dry, N, Daylight, Side Swipe, Not Injured, N, N
US,2,0,0,0,2017, April, Sunday,8:40,60, Dry, N, Daylight, Right Angle, Not Injured, N, N
US,4,0,0,0,2017, April, Sunday,19:30,90, Wet, N, Daylight, Rear End, Not Injured, N, N
US,2,0,0,0,2017, April, Saturday,23:00,60, Dry, N, Night, Side Swipe, Not Injured, N, N
US,2,0,0,1,2017, April, Sunday,15:50,40, Dry, N, Daylight, Right Angle, Minor Injury, N, N
US,2,0,0,0,2017, April, Sunday,3:40,40, Dry, N, Night, Right Angle, Not Injured, Y, N
US,2,0,0,0,2017, April, Tuesday,7:30,40, Dry, N, Daylight, Side Swipe, Not Injured, N, N
US,2,0,0,1,2017, April, Sunday,2:50,40, Dry, N, Night, Rear End, Minor Injury, N, N
US,2,0,0,2,2017, April, Saturday,0:20,60, Dry, N, Night, Rear End, Minor Injury, N, N
US,2,0,0,1,2017, April, Sunday,11:40,40, Dry, N, Daylight, Hit Pedestrian, Minor Injury, N, N
US,2,0,0,0,2017, April, Sunday,16:50,40, Dry, N, Daylight, Right Angle, Not Injured, N, N
US,2,0,0,0,2017, April, Monday,7:40,40, Dry, N, Daylight, Rear End, Minor Injury, N, N
US,2,0,0,0,2017, April, Monday,8:20,60, Dry, N, Daylight, Rear End, Not Injured, N, N
US,2,0,0,1,2017, April, Monday,9:20,40, Dry, N, Daylight, Right Angle, Minor Injury, N, N
US,2,0,0,0,2017, April, Sunday,0:10,40, Dry, N, Daylight, Right Angle, Not Injured, N, N
US,2,0,1,1,2017, April, Monday,10:00,40, Dry, N, Daylight, Rear End, Major Injury, N, N
US,2,0,0,0,2017, April, Monday,10:50,40, Dry, N, Daylight, Head On, Not Injured, N, N
US,2,0,0,0,2017, April, Thursday,9:00,60, Dry, N, Daylight, Right Angle, Not Injured, N, N
US,2,0,0,0,2017, April, Monday,0:10,60, Dry, N, Daylight, Right Angle, Not Injured, N, N
US,3,0,0,0,2017, April, Monday,14:00,40, Dry, N, Daylight, Rear End, Not Injured, N, N
US,2,0,0,0,2017, April, Monday,14:40,60, Dry, N, Daylight, Right Angle, Not Injured, N, N
US,3,0,0,1,2017, April, Sunday,16:10,60, Dry, N, Daylight, Head On, Minor Injury, Y, N
US,2,0,0,0,2017, April, Monday,16:20,40, Dry, N, Daylight, Hit Pedestrian, Minor Injury, N, N
US,3,0,0,1,2017, April, Saturday,0:00,40, Dry, N, Night, Rear End, Minor Injury, N, N
US,2,0,0,0,2017, April, Monday,17:20,40, Dry, N, Daylight, Right Angle, Not Injured, N, N
US,2,0,0,0,2017, April, Wednesday,19:00,110, Dry, N, Daylight, Side Swipe, Not Injured, N, N
US,3,0,0,0,2017, April, Monday,18:00,40, Dry, N, Daylight, Right Angle, Not Injured, N, N
US,2,0,0,0,2017, April, Monday,18:10,70, Wet, Y, Night, Rear End, Not Injured, N, N
US,2,0,0,1,2017, April, Monday,15:30,60, Dry, N, Daylight, Rear End, Minor Injury, N, N
US,2,0,1,0,2017, April, Saturday,0:10,40, Dry, N, Night, Head On, Major Injury, Y, N
US,3,0,0,0,2017, April, Tuesday,23:30,60, Dry, N, Night, Rear End, Not Injured, Y, N
US,2,0,0,0,2017, April, Tuesday,3:00,40, Dry, N, Night, Rear End, Not Injured, Y, N
US,3,0,0,0,2017, April, Monday,13:50,50, Dry, N, Daylight, Right Angle, Minor Injury, N, N
US,2,0,0,1,2017, April, Monday,14:50,60, Dry, N, Daylight, Head On, Minor Injury, N, N
US,2,0,0,0,2017, April, Tuesday,8:20,60, Wet, Y, Daylight, Rear End, Not Injured, N, N
US,2,0,0,0,2017, April, Tuesday,8:10,60, Wet, Y, Daylight, Right Angle, Not Injured, N, N
US,2,0,0,0,2017, April, Tuesday,0:30,40, Dry, N, Daylight, Head On, Not Injured, N, N
US,2,0,0,0,2017, April, Tuesday,15:00,40, Wet, Y, Daylight, Hit Pedestrian, Minor Injury, N, N
US,3,0,1,2,2017, April, Tuesday,15:20,40, Dry, N, Daylight, Rear End, Major Injury, N, N
US,2,0,0,0,2017, April, Tuesday,15:30,70, Wet, Y, Daylight, Right Angle, Not Injured, N, N
US,3,0,0,2,2017, April, Tuesday,0:00,70, Dry, N, Daylight, Rear End, Minor Injury, N, N
US,2,0,0,0,2017, April, Tuesday,16:30,40, Wet, Y, Daylight, Right Angle, Minor Injury, N, N
US,2,0,0,0,2017, April, Tuesday,18:00,60, Wet, Y, Daylight, Right Angle, Not Injured, N, N
US,2,0,0,0,2017, April, Sunday,10:40,90, Dry, N, Daylight, Rear End, Not Injured, N, N
US,3,0,0,0,2017, April, Tuesday,17:40,40, Wet, Y, Daylight, Rear End, Minor Injury, N, N
US,2,0,0,1,2017, April, Tuesday,18:50,40, Wet, N, Daylight, Hit Pedestrian, Minor Injury, Y, N
US,3,0,0,0,2017, April, Thursday,21:40,60, Dry, N, Night, Side Swipe, Not Injured, N, Y
US,4,0,0,2,2017, April, Tuesday,17:10,60, Wet, Y, Daylight, Right Angle, Minor Injury, N, N
US,3,0,0,1,2017, April, Monday,7:20,60, Dry, N, Daylight, Rear End, Minor Injury, N, N
US,3,0,0,0,2017, April, Tuesday,15:20,50, Dry, N, Daylight, Side Swipe, Minor Injury, N, N
US,2,0,0,0,2017, April, Tuesday,23:20,40, Wet, N, Night, Rear End, Not Injured, Y, N
US,3,0,0,0,2017, February, Wednesday,16:40,90, Dry, N, Daylight, Rear End, Not Injured, N, N
US,4,0,0,5,2017, March, Friday,15:40,90, Dry, N, Daylight, Rear End, Minor Injury, N, N
US,4,0,0,2,2017, April, Monday,7:10,60, Dry, N, Daylight, Rear End, Minor Injury, N, N
US,2,0,0,0,2017, February, Wednesday,18:10,90, Dry, N, Night, Rear End, Not Injured, N, N
US,3,0,0,0,2017, April, Monday,18:10,90, Dry, N, Daylight, Rear End, Minor Injury, N, N
US,2,0,0,0,2017, April, Tuesday,17:20,60, Wet, Y, Daylight, Rear End, Minor Injury, N, N
US,2,0,0,0,2017, April, Wednesday,7:20,40, Wet, N, Daylight, Side Swipe, Minor Injury, N, N
US,2,0,0,0,2017, April, Wednesday,7:10,40, Dry, N, Daylight, Right Angle, Not Injured, N, N
US,3,0,0,1,2017, March, Monday,17:30,60, Dry, N, Daylight, Rear End, Minor Injury, N, N
US,2,0,0,0,2017, April, Wednesday,13:50,40, Dry, N, Daylight, Rear End, Not Injured, N, N
US,2,0,0,0,2017, April, Monday,20:40,60, Dry, N, Night, Head On, Not Injured, Y, N
US,2,0,0,0,2017, April, Monday,22:50,50, Dry, N, Night, Side Swipe, Not Injured, N, N
US,2,0,0,0,2017, April, Wednesday,16:20,40, Dry, N, Daylight, Hit Pedestrian, Minor Injury, N, N
US,2,0,0,1,2017, April, Wednesday,16:30,40, Dry, N, Daylight, Hit Pedestrian, Minor Injury, N, N
US,2,0,0,0,2017, April, Tuesday,17:10,60, Wet, Y, Daylight, Right Angle, Not Injured, N, N
US,2,0,0,1,2017, April, Wednesday,17:10,40, Dry, N, Daylight, Rear End, Minor Injury, N, N
US,2,0,0,0,2017, April, Wednesday,16:10,20, Dry, N, Daylight, Right Angle, Not Injured, N, N
US,2,0,0,2,2017, April, Tuesday,8:10,60, Wet, Y, Daylight, Right Angle, Minor Injury, N, N
US,2,0,0,0,2017, April, Wednesday,17:40,50, Dry, N, Daylight, Side Swipe, Not Injured, N, N
US,2,0,0,0,2017, April, Wednesday,18:00,60, Dry, N, Daylight, Right Angle, Minor Injury, N, N
US,2,0,0,0,2017, April, Wednesday,18:00,40, Dry, N, Daylight, Rear End, Not Injured, N, N
US,3,0,0,0,2017, April, Wednesday,19:00,40, Dry, N, Daylight, Rear End, Not Injured, N, N
US,2,1,0,0,2017, April, Sunday,20:30,80, Dry, N, Night, Side Swipe, Fatal, Y, N
US,2,0,0,0,2017, April, Wednesday,22:10,40, Dry, N, Night, Right Angle, Not Injured, Y, N
US,2,0,0,0,2017, April, Wednesday,23:10,60, Dry, N, Night, Right Angle, Not Injured, N, N
US,2,0,0,0,2017, April, Wednesday,8:20,90, Dry, N, Daylight, Rear End, Not Injured, N, N
US,2,0,0,0,2017, April, Wednesday,0:30,90, Dry, N, Daylight, Side Swipe, Not Injured, N, N
US,2,0,0,0,2017, April, Wednesday,6:50,90, Dry, N, Daylight, Rear End, Not Injured, N, N
US,2,0,0,0,2017, April, Sunday,2:10,40, Dry, N, Night, Right Angle, Not Injured, N, N
US,3,0,0,2,2017, April, Wednesday,16:40,60, Dry, N, Daylight, Rear End, Minor Injury, N, N
US,2,0,0,0,2017, April, Wednesday,13:50,60, Dry, N, Daylight, Right Angle, Minor Injury, N, N
US,2,0,1,0,2017, April, Thursday,7:50,40, Dry, N, Daylight, Head On, Major Injury, N, N
US,2,0,0,0,2017, April, Tuesday,10:00,40, Dry, N, Daylight, Right Angle, Not Injured, N, N
US,2,0,0,0,2017, April, Thursday,11:00,40, Dry, N, Daylight, Head On, Not Injured, N, N
US,2,0,0,0,2017, April, Thursday,15:40,60, Dry, N, Daylight, Rear End, Not Injured, N, N
US,2,0,0,0,2017, April, Thursday,15:40,60, Dry, N, Daylight, Right Angle, Not Injured, N, N
US,3,0,0,0,2017, April, Thursday,17:10,40, Dry, N, Daylight, Right Angle, Not Injured, N, N
US,2,0,0,0,2017, April, Wednesday,7:00,40, Dry, N, Daylight, Right Angle, Minor Injury, N, N
US,2,0,0,0,2017, April, Friday,16:50,60, Dry, N, Daylight, Rear End, Not Injured, N, N
US,4,0,0,0,2017, April, Tuesday,6:30,90, Dry, N, Daylight, Rear End, Minor Injury, N, N
US,3,0,0,0,2017, April, Tuesday,8:00,90, Dry, N, Daylight, Rear End, Not Injured, N, N
US,2,0,0,0,2017, April, Wednesday,15:10,90, Dry, N, Daylight, Rear End, Not Injured, N, N
US,2,0,0,0,2017, April, Wednesday,14:40,40, Dry, N, Daylight, Right Angle, Minor Injury, N, N
US,2,0,0,0,2017, April, Wednesday,20:40,60, Dry, N, Night, Head On, Not Injured, N, N
US,2,0,0,0,2017, April, Thursday,17:40,40, Dry, N, Daylight, Right Angle, Not Injured, N, N
US,2,0,0,0,2017, April, Thursday,5:50,40, Dry, N, Daylight, Right Angle, Not Injured, N, N
US,2,0,0,0,2017, April, Friday,0:40,40, Dry, N, Night, Right Angle, Not Injured, N, N
US,2,0,0,0,2017, April, Thursday,9:50,60, Dry, N, Daylight, Head On, Not Injured, N, N
US,2,0,0,0,2017, April, Friday,7:20,40, Dry, N, Daylight, Hit Pedestrian, Minor Injury, N, N
US,2,0,0,0,2017, April, Monday,14:20,40, Dry, N, Daylight, Right Angle, Not Injured, N, N
US,3,0,0,0,2017, April, Thursday,14:30,40, Dry, N, Daylight, Right Angle, Not Injured, N, N
US,2,0,0,0,2017, April, Saturday,0:10,60, Dry, N, Daylight, Rear End, Not Injured, N, N
US,2,0,0,0,2017, April, Friday,8:00,40, Dry, N, Daylight, Right Angle, Not Injured, N, N
US,2,0,0,1,2017, April, Friday,8:30,40, Dry, N, Daylight, Head On, Minor Injury, N, N
US,2,0,0,1,2017, April, Monday,0:20,40, Dry, N, Daylight, Right Angle, Minor Injury, N, N
US,4,0,0,1,2017, April, Saturday,8:40,40, Dry, N, Daylight, Rear End, Minor Injury, N, N
US,2,0,0,0,2017, April, Friday,13:00,40, Dry, N, Daylight, Right Angle, Not Injured, N, N
US,3,0,0,0,2017, April, Thursday,18:40,60, Dry, N, Daylight, Rear End, Not Injured, N, N
US,3,0,0,0,2017, March, Tuesday,22:20,90, Dry, Y, Night, Side Swipe, Not Injured, N, N
US,2,0,0,0,2017, April, Friday,15:50,60, Dry, N, Daylight, Rear End, Not Injured, N, N
US,2,0,0,0,2017, April, Friday,16:00,70, Dry, N, Daylight, Rear End, Not Injured, N, N
US,3,0,0,0,2017, April, Friday,15:00,40, Dry, N, Daylight, Rear End, Not Injured, N, N
US,2,0,0,0,2017, April, Friday,19:20,40, Dry, N, Daylight, Right Angle, Not Injured, N, N
US,2,0,0,0,2017, April, Thursday,16:30,60, Dry, N, Daylight, Right Angle, Not Injured, N, N
US,2,0,0,1,2017, April, Sunday,19:00,40, Dry, N, Night, Head On, Minor Injury, N, N
US,2,0,0,0,2017, April, Friday,20:00,40, Dry, N, Night, Side Swipe, Not Injured, N, N
US,2,0,0,2,2017, April, Friday,17:10,40, Dry, N, Daylight, Rear End, Minor Injury, N, N
US,2,0,0,1,2017, April, Friday,20:50,40, Wet, Y, Night, Right Angle, Minor Injury, N, N
US,2,0,0,0,2017, April, Friday,20:00,40, Dry, N, Night, Right Angle, Not Injured, N, N
US,2,0,0,1,2017, April, Saturday,0:40,40, Wet, Y, Night, Hit Pedestrian, Minor Injury, N, N
US,2,0,0,0,2017, April, Thursday,15:50,60, Dry, N, Daylight, Rear End, Not Injured, N, N
US,2,0,0,0,2017, April, Thursday,10:20,40, Dry, N, Daylight, Rear End, Minor Injury, N, N
US,2,0,0,0,2017, April, Friday,0:40,60, Dry, N, Daylight, Right Angle, Not Injured, N, N
US,2,0,0,1,2017, April, Tuesday,10:00,60, Dry, N, Daylight, Rear End, Minor Injury, N, N
US,2,0,0,0,2017, April, Friday,15:10,60, Dry, N, Daylight, Right Angle, Not Injured, N, N
US,2,0,0,0,2017, April, Saturday,10:30,60, Wet, N, Daylight, Right Angle, Not Injured, N, N
US,2,0,0,1,2017, April, Saturday,11:40,40, Dry, N, Daylight, Right Angle, Minor Injury, N, N
US,2,0,0,0,2017, April, Saturday,13:40,40, Wet, Y, Daylight, Hit Pedestrian, Minor Injury, N, N
US,2,0,0,1,2017, April, Monday,10:30,60, Dry, N, Daylight, Rear End, Minor Injury, N, N
US,2,0,0,0,2017, April, Friday,21:30,60, Wet, N, Night, Side Swipe, Not Injured, Y, N
US,2,0,0,0,2017, April, Saturday,14:50,60, Dry, N, Daylight, Right Angle, Not Injured, N, N
US,3,0,0,0,2017, April, Wednesday,7:40,40, Dry, N, Daylight, Rear End, Not Injured, N, N
US,3,0,0,0,2017, April, Sunday,1:20,40, Dry, N, Night, Right Angle, Not Injured, Y, N
US,2,0,0,0,2017, April, Thursday,17:40,90, Dry, N, Daylight, Rear End, Minor Injury, N, N
US,2,0,0,0,2017, April, Tuesday,9:40,90, Dry, N, Daylight, Rear End, Not Injured, N, N
US,3,0,0,0,2017, April, Saturday,13:30,40, Wet, Y, Daylight, Rear End, Not Injured, N, N
US,2,0,0,0,2017, April, Sunday,14:00,30, Dry, N, Daylight, Rear End, Not Injured, N, N
US,3,0,0,0,2017, April, Wednesday,0:20,40, Dry, N, Daylight, Rear End, Minor Injury, N, N
US,2,0,0,0,2017, April, Sunday,10:10,40, Dry, N, Daylight, Right Angle, Not Injured, N, N
US,4,0,0,0,2017, April, Sunday,10:10,40, Dry, N, Daylight, Side Swipe, Not Injured, N, N
US,2,0,0,0,2017, April, Sunday,0:00,40, Dry, N, Night, Side Swipe, Not Injured, N, N
US,2,0,1,0,2017, April, Sunday,5:20,40, Dry, N, Night, Right Angle, Major Injury, Y, Y
US,2,0,1,1,2017, April, Sunday,11:00,40, Dry, N, Daylight, Right Angle, Major Injury, N, N
US,2,0,1,1,2017, April, Saturday,14:40,40, Dry, N, Daylight, Side Swipe, Major Injury, N, N
US,2,0,0,0,2017, April, Sunday,14:10,60, Dry, N, Daylight, Rear End, Minor Injury, N, N
US,2,0,0,1,2017, May, Monday,8:00,60, Wet, Y, Daylight, Rear End, Minor Injury, N, N
US,3,0,0,2,2017, April, Friday,10:20,40, Dry, N, Daylight, Side Swipe, Minor Injury, N, N
US,2,0,0,0,2017, May, Monday,13:50,40, Dry, N, Daylight, Right Angle, Not Injured, N, N
US,2,0,0,0,2017, April, Friday,18:00,60, Dry, N, Daylight, Side Swipe, Not Injured, Y, N
US,2,0,0,0,2017, April, Friday,7:20,60, Wet, Y, Daylight, Right Angle, Not Injured, N, N
US,2,0,0,0,2017, April, Tuesday,18:50,20, Dry, N, Daylight, Rear End, Not Injured, N, N
US,2,0,0,0,2017, April, Saturday,13:10,90, Wet, Y, Daylight, Rear End, Not Injured, N, N
US,2,0,0,0,2017, May, Monday,18:00,60, Wet, N, Daylight, Rear End, Not Injured, N, N
US,2,0,0,0,2017, May, Monday,14:50,70, Dry, N, Daylight, Rear End, Not Injured, N, N
US,5,0,0,1,2017, May, Monday,18:10,60, Wet, Y, Daylight, Rear End, Minor Injury, N, N
US,2,0,0,0,2017, May, Monday,17:40,60, Dry, N, Daylight, Right Angle, Not Injured, N, N
US,2,0,0,0,2017, May, Monday,17:40,40, Wet, Y, Daylight, Rear End, Not Injured, N, N
US,2,0,0,1,2017, May, Monday,20:40,40, Wet, Y, Night, Right Angle, Minor Injury, N, N
US,2,0,0,0,2017, April, Monday,22:40,60, Dry, N, Night, Head On, Minor Injury, Y, N
US,2,0,0,0,2017, May, Monday,0:50,40, Dry, N, Night, Side Swipe, Not Injured, N, N
US,2,0,0,0,2017, April, Thursday,1:50,40, Dry, N, Night, Right Angle, Not Injured, N, N
US,2,0,0,0,2017, May, Monday,17:40,50, Dry, N, Daylight, Right Angle, Not Injured, N, N
US,2,0,0,0,2017, March, Thursday,2:20,90, Wet, Y, Night, Head On, Minor Injury, Y, N
US,2,0,0,1,2017, April, Friday,8:20,90, Dry, N, Daylight, Rear End, Minor Injury, N, N