Nation,Total Units,Total Fatalities,Total Serious Injuries,Total Minor Injuries,Year,Month,Day,Time,Speed Limit,Moisture,Adverse Weather Conditions,DayNight,Crash Type,Crash Severity,Alcohol Related ,Drug Related
US,2,0,0,0,2017, May, Monday,10:00,90, Dry, N, Daylight, Side Swipe, Minor Injury, N, N
US,2,0,0,0,2017, May, Tuesday,0:40,40, Dry, N, Night, Rear End, Not Injured, N, N
US,2,0,0,0,2017, May, Tuesday,7:50,40, Dry, N, Daylight, Right Angle, Not Injured, N, N
US,2,0,1,1,2017, April, Wednesday,8:20,40, Dry, N, Daylight, Right Angle, Major Injury, N, N
US,2,0,0,0,2017, April, Saturday,15:00,40, Wet, Y, Daylight, Right Angle, Not Injured, N, N
US,2,0,0,1,2017, May, Tuesday,10:10,60, Wet, Y, Daylight, Side Swipe, Minor Injury, N, N
US,2,0,0,0,2017, May, Tuesday,11:00,40, Dry, N, Daylight, Right Angle, Not Injured, N, N
US,3,0,0,0,2017, May, Tuesday,8:50,40, Dry, N, Daylight, Side Swipe, Minor Injury, N, N
US,2,0,0,0,2017, May, Tuesday,10:30,60, Wet, N, Daylight, Rear End, Not Injured, N, N
US,2,0,0,0,2017, April, Friday,8:40,40, Dry, N, Daylight, Right Angle, Not Injured, N, N
US,2,0,0,1,2017, May, Tuesday,0:10,40, Dry, N, Daylight, Right Angle, Minor Injury, N, N
US,2,0,0,0,2017, April, Sunday,14:30,60, Dry, N, Daylight, Right Angle, Not Injured, N, N
US,2,0,0,0,2017, May, Tuesday,16:00,60, Dry, N, Daylight, Rear End, Not Injured, N, N
US,2,0,0,0,2017, May, Tuesday,15:40,40, Dry, N, Daylight, Right Angle, Not Injured, N, N
US,2,0,0,0,2017, April, Sunday,0:30,40, Dry, N, Night, Side Swipe, Not Injured, Y, Y
US,4,0,0,0,2017, May, Tuesday,18:00,60, Dry, N, Night, Rear End, Minor Injury, N, N
US,2,0,0,0,2017, May, Tuesday,16:10,60, Dry, N, Daylight, Hit Pedestrian, Minor Injury, N, N
US,4,0,2,0,2017, May, Tuesday,19:00,40, Dry, N, Daylight, Side Swipe, Major Injury, N, N
US,3,0,0,0,2017, March, Tuesday,8:00,90, Dry, N, Night, Rear End, Not Injured, N, N
US,2,0,0,0,2017, April, Thursday,10:20,40, Dry, N, Daylight, Side Swipe, Not Injured, N, N
US,2,0,0,1,2017, May, Monday,19:00,60, Dry, N, Daylight, Hit Pedestrian, Minor Injury, Y, N
US,2,0,0,0,2017, May, Tuesday,8:00,60, Dry, N, Daylight, Right Angle, Not Injured, N, N
US,2,0,0,3,2017, May, Monday,19:10,40, Wet, Y, Daylight, Right Angle, Minor Injury, N, N
US,2,0,0,0,2017, April, Wednesday,8:10,40, Dry, N, Daylight, Rear End, Minor Injury, N, N
US,4,0,0,0,2017, May, Wednesday,7:40,40, Dry, N, Daylight, Rear End, Not Injured, N, N
US,2,0,0,1,2017, May, Wednesday,8:00,60, Dry, N, Daylight, Right Angle, Minor Injury, N, N
US,2,0,0,0,2017, May, Wednesday,8:20,40, Dry, N, Daylight, Right Angle, Not Injured, N, N
US,2,0,0,0,2017, May, Tuesday,18:00,40, Wet, Y, Daylight, Hit Pedestrian, Minor Injury, N, N
US,2,0,0,0,2017, May, Wednesday,0:20,20, Dry, N, Daylight, Right Angle, Not Injured, N, N
US,2,0,0,0,2017, May, Wednesday,15:00,60, Dry, N, Daylight, Rear End, Not Injured, N, N
US,3,0,0,1,2017, May, Wednesday,14:40,60, Dry, N, Daylight, Rear End, Minor Injury, N, N
US,2,0,0,0,2017, May, Tuesday,17:00,40, Dry, N, Daylight, Right Angle, Not Injured, N, N
US,2,0,0,0,2017, May, Wednesday,16:30,60, Dry, N, Daylight, Rear End, Not Injured, N, N
US,2,0,0,0,2017, May, Wednesday,16:20,60, Dry, N, Daylight, Side Swipe, Not Injured, N, N
US,2,0,0,0,2017, April, Friday,16:50,90, Dry, N, Night, Rear End, Minor Injury, N, N
US,2,0,0,0,2017, April, Friday,18:50,90, Dry, N, Night, Right Angle, Minor Injury, N, N
US,2,0,0,0,2017, May, Wednesday,16:50,40, Dry, N, Daylight, Right Angle, Not Injured, N, N
US,2,0,0,0,2017, May, Wednesday,17:50,50, Dry, N, Daylight, Right Angle, Not Injured, N, N
US,2,0,0,0,2017, May, Wednesday,17:30,60, Dry, N, Daylight, Rear End, Not Injured, N, N
US,2,0,0,0,2017, May, Wednesday,16:30,70, Dry, N, Daylight, Rear End, Not Injured, N, N
US,2,0,1,0,2017, May, Wednesday,20:10,60, Dry, N, Night, Right Angle, Major Injury, N, N
US,2,0,0,0,2017, May, Wednesday,22:10,50, Dry, N, Night, Right Angle, Not Injured, N, N
US,2,0,0,1,2017, May, Wednesday,17:40,40, Dry, N, Daylight, Head On, Minor Injury, N, N
US,2,0,0,1,2017, April, Sunday,0:30,60, Dry, N, Daylight, Right Angle, Minor Injury, N, N
US,2,0,0,0,2017, May, Thursday,0:50,40, Dry, N, Night, Side Swipe, Not Injured, N, N
US,2,0,0,0,2017, May, Wednesday,23:50,40, Dry, N, Night, Rear End, Not Injured, N, N
US,3,0,0,0,2017, May, Thursday,0:30,40, Dry, N, Night, Side Swipe, Not Injured, N, N
US,2,0,0,0,2017, April, Friday,20:50,40, Dry, N, Night, Side Swipe, Minor Injury, Y, N
US,2,0,0,0,2017, May, Wednesday,10:10,60, Dry, N, Daylight, Rear End, Not Injured, N, N
US,2,0,0,0,2017, May, Wednesday,14:00,60, Dry, N, Daylight, Right Angle, Not Injured, N, N
US,2,0,0,0,2017, May, Wednesday,14:20,40, Dry, N, Daylight, Rear End, Not Injured, N, N
US,3,0,0,1,2017, May, Thursday,8:30,40, Wet, Y, Daylight, Right Angle, Minor Injury, N, N
US,2,0,0,0,2017, May, Tuesday,9:40,60, Wet, Y, Daylight, Right Angle, Not Injured, N, N
US,2,0,0,0,2017, May, Thursday,8:50,60, Wet, N, Daylight, Right Angle, Not Injured, N, N
US,2,0,0,0,2017, May, Thursday,10:50,60, Dry, N, Daylight, Rear End, Not Injured, N, N
US,2,0,0,0,2017, May, Wednesday,16:50,60, Dry, N, Daylight, Right Angle, Not Injured, N, N
US,2,0,0,0,2017, May, Wednesday,19:10,60, Dry, N, Daylight, Rear End, Not Injured, N, N
US,2,0,0,0,2017, May, Thursday,17:20,60, Dry, N, Daylight, Right Angle, Not Injured, N, N
US,3,0,0,0,2017, May, Wednesday,17:40,60, Dry, N, Daylight, Head On, Not Injured, N, N
US,2,0,0,0,2017, May, Wednesday,17:00,60, Dry, N, Daylight, Head On, Not Injured, N, N
US,3,0,1,0,2017, May, Thursday,17:50,60, Dry, N, Daylight, Right Angle, Major Injury, N, N
US,3,0,0,1,2017, May, Tuesday,17:40,60, Dry, N, Daylight, Rear End, Minor Injury, N, N
US,2,0,0,0,2017, May, Thursday,21:10,40, Wet, Y, Night, Hit Pedestrian, Minor Injury, Y, N
US,2,0,0,0,2017, May, Thursday,23:00,40, Wet, Y, Night, Right Angle, Not Injured, N, N
US,2,0,0,1,2017, May, Friday,1:10,40, Wet, Y, Night, Right Angle, Minor Injury, N, N
US,2,0,0,0,2017, April, Wednesday,17:40,110, Dry, N, Daylight, Rear End, Not Injured, N, N
US,2,0,0,1,2017, May, Thursday,10:30,40, Wet, Y, Daylight, Right Angle, Minor Injury, N, N
US,2,0,0,0,2017, May, Friday,8:00,40, Wet, Y, Daylight, Rear End, Not Injured, N, N
US,2,0,0,0,2017, May, Friday,10:20,40, Dry, N, Daylight, Right Angle, Not Injured, N, N
US,2,0,0,0,2017, May, Friday,10:00,60, Wet, N, Daylight, Right Angle, Not Injured, N, N
US,2,0,0,0,2017, May, Friday,11:00,60, Dry, N, Daylight, Right Angle, Not Injured, N, N
US,2,0,0,0,2017, May, Friday,16:00,60, Dry, N, Daylight, Right Angle, Not Injured, N, N
US,2,0,0,0,2017, May, Monday,11:50,60, Dry, N, Daylight, Right Angle, Not Injured, N, N
US,2,0,0,0,2017, April, Thursday,15:10,60, Dry, N, Daylight, Rear End, Not Injured, N, N
US,2,0,1,6,2017, May, Thursday,14:50,40, Dry, N, Daylight, Right Angle, Major Injury, N, Y
US,3,0,0,0,2017, May, Friday,20:20,40, Wet, Y, Night, Right Angle, Not Injured, N, N
US,2,0,0,0,2017, April, Wednesday,21:40,40, Dry, N, Night, Rear End, Not Injured, N, N
US,2,0,0,0,2017, May, Friday,21:50,60, Wet, Y, Night, Rear End, Not Injured, N, N
US,2,1,0,0,2017, May, Friday,18:20,60, Wet, N, Daylight, Head On, Fatal, N, N
US,2,0,0,0,2017, May, Friday,23:20,40, Wet, Y, Night, Head On, Minor Injury, N, N
US,2,0,0,1,2017, May, Friday,19:30,70, Wet, Y, Night, Right Angle, Minor Injury, N, N
US,2,0,0,0,2017, May, Friday,5:00,40, Wet, Y, Night, Rear End, Not Injured, N, N
US,6,0,0,0,2017, May, Wednesday,6:10,40, Dry, N, Daylight, Rear End, Not Injured, N, N
US,2,0,0,0,2017, May, Tuesday,0:30,20, Dry, N, Daylight, Head On, Not Injured, N, N
US,2,0,0,0,2017, May, Thursday,11:10,70, Dry, N, Daylight, Rear End, Minor Injury, N, N
US,3,0,0,0,2017, May, Saturday,14:20,60, Wet, Y, Daylight, Head On, Minor Injury, N, N
US,2,0,0,0,2017, May, Friday,19:50,60, Wet, Y, Night, Head On, Minor Injury, N, N
US,3,0,0,0,2017, May, Saturday,15:40,60, Wet, Y, Daylight, Rear End, Minor Injury, N, N
US,2,0,1,1,2017, May, Saturday,15:40,60, Wet, Y, Daylight, Rear End, Major Injury, N, N
US,2,0,0,0,2017, May, Saturday,14:10,60, Wet, Y, Daylight, Right Angle, Minor Injury, N, N
US,3,0,0,2,2017, May, Friday,15:00,60, Dry, N, Daylight, Rear End, Minor Injury, N, N
US,2,0,0,0,2017, April, Tuesday,7:20,90, Dry, N, Daylight, Rear End, Not Injured, N, N
US,2,0,0,0,2017, April, Tuesday,16:10,60, Dry, N, Daylight, Rear End, Minor Injury, N, N
US,2,0,0,1,2017, May, Saturday,18:30,50, Wet, Y, Daylight, Rear End, Minor Injury, N, N
US,2,0,0,0,2017, May, Saturday,19:00,60, Wet, Y, Daylight, Rear End, Not Injured, Y, N
US,2,0,0,0,2017, April, Wednesday,17:00,60, Dry, N, Daylight, Right Angle, Not Injured, Y, N
US,2,0,0,0,2017, May, Saturday,23:00,40, Wet, Y, Night, Side Swipe, Not Injured, N, N
US,2,0,0,0,2017, April, Monday,8:30,90, Dry, N, Daylight, Rear End, Not Injured, N, N
US,2,0,0,0,2017, May, Friday,7:20,60, Wet, Y, Daylight, Rear End, Minor Injury, N, N
US,2,0,0,0,2017, May, Sunday,8:50,40, Dry, N, Daylight, Right Angle, Not Injured, N, N
US,2,0,0,0,2017, May, Friday,9:50,70, Wet, N, Daylight, Rear End, Not Injured, N, N
US,2,0,0,1,2017, May, Sunday,11:40,60, Dry, N, Daylight, Right Angle, Minor Injury, N, N
US,2,0,0,0,2017, May, Saturday,15:40,40, Wet, Y, Daylight, Rear End, Not Injured, N, N
US,3,0,0,0,2017, May, Friday,17:40,60, Dry, N, Daylight, Rear End, Not Injured, N, N
US,2,0,0,0,2017, May, Thursday,17:50,40, Dry, N, Daylight, Right Angle, Not Injured, N, N
US,2,0,0,0,2017, May, Sunday,14:00,60, Dry, N, Daylight, Right Angle, Not Injured, N, N
US,2,0,0,1,2017, May, Saturday,15:50,60, Wet, Y, Daylight, Rear End, Minor Injury, N, N
US,2,0,0,0,2017, May, Sunday,17:30,40, Dry, N, Daylight, Side Swipe, Not Injured, N, N
US,4,0,0,0,2017, April, Monday,9:00,90, Dry, N, Daylight, Rear End, Not Injured, N, N
US,2,0,0,0,2017, April, Friday,16:10,60, Dry, N, Daylight, Rear End, Minor Injury, N, N
US,2,0,0,0,2017, April, Tuesday,0:50,90, Dry, N, Daylight, Rear End, Not Injured, N, N
US,2,0,0,0,2017, May, Wednesday,18:20,90, Dry, N, Daylight, Rear End, Not Injured, N, N
US,2,0,0,0,2017, May, Saturday,21:00,90, Wet, Y, Night, Side Swipe, Not Injured, N, N
US,2,0,0,0,2017, May, Sunday,13:40,40, Dry, N, Daylight, Side Swipe, Not Injured, N, N
US,3,0,0,0,2017, April, Friday,17:10,90, Dry, N, Daylight, Rear End, Minor Injury, Y, N
US,2,0,0,1,2017, May, Sunday,9:50,60, Dry, N, Daylight, Head On, Minor Injury, Y, N
US,3,0,0,0,2017, May, Friday,6:50,40, Wet, Y, Daylight, Rear End, Not Injured, N, N
US,2,0,0,1,2017, May, Wednesday,9:10,40, Dry, N, Daylight, Rear End, Minor Injury, N, N
US,3,0,0,0,2017, May, Friday,13:40,60, Dry, N, Daylight, Head On, Minor Injury, N, N
US,2,0,0,0,2017, May, Friday,17:00,60, Dry, N, Daylight, Side Swipe, Not Injured, N, N
US,2,0,0,0,2017, May, Monday,8:40,70, Dry, N, Daylight, Rear End, Not Injured, N, N
US,2,0,0,0,2017, May, Sunday,6:00,60, Dry, N, Daylight, Side Swipe, Not Injured, N, N
US,2,0,0,0,2017, May, Monday,0:10,40, Dry, N, Daylight, Rear End, Not Injured, N, N
US,2,0,0,0,2017, May, Sunday,11:30,40, Dry, N, Daylight, Hit Pedestrian, Minor Injury, N, N
US,2,0,0,0,2017, May, Monday,11:20,40, Dry, N, Daylight, Right Angle, Not Injured, N, N
US,2,0,0,1,2017, May, Saturday,10:50,40, Wet, Y, Daylight, Right Angle, Minor Injury, N, N
US,2,0,0,1,2017, May, Monday,16:20,40, Dry, N, Daylight, Hit Pedestrian, Minor Injury, N, N
US,2,0,0,0,2017, May, Monday,16:20,40, Dry, N, Daylight, Right Angle, Not Injured, N, N
US,2,0,1,0,2017, April, Thursday,9:40,90, Dry, N, Daylight, Rear End, Major Injury, N, N
US,2,0,0,0,2017, April, Wednesday,17:50,90, Dry, N, Daylight, Rear End, Minor Injury, N, N
US,5,0,0,0,2017, May, Friday,23:10,90, Wet, Y, Night, Rear End, Not Injured, N, N
US,4,0,0,0,2017, May, Monday,17:50,40, Dry, N, Daylight, Right Angle, Minor Injury, N, N
US,2,0,0,0,2017, May, Monday,18:20,40, Dry, N, Daylight, Rear End, Minor Injury, N, N
US,2,0,0,0,2017, May, Monday,19:50,40, Dry, N, Night, Right Angle, Not Injured, N, N
US,2,0,0,1,2017, May, Saturday,15:30,40, Wet, Y, Daylight, Rear End, Minor Injury, N, N
US,2,0,0,0,2017, May, Monday,19:00,40, Dry, N, Daylight, Hit Pedestrian, Minor Injury, N, N
US,2,0,0,0,2017, May, Sunday,3:20,40, Wet, Y, Night, Rear End, Not Injured, Y, N
US,2,0,0,3,2017, January, Tuesday,8:40,40, Wet, Y, Daylight, Right Angle, Minor Injury, N, N
US,2,0,0,0,2017, February, Thursday,9:30,40, Dry, N, Daylight, Head On, Not Injured, N, N
US,2,0,0,0,2017, April, Tuesday,8:20,40, Wet, N, Daylight, Right Angle, Not Injured, N, N
US,2,0,0,1,2017, May, Tuesday,19:20,40, Dry, N, Daylight, Right Angle, Minor Injury, N, N
US,2,0,0,1,2017, May, Monday,7:50,90, Dry, N, Daylight, Rear End, Minor Injury, N, N
US,2,0,0,1,2017, May, Tuesday,9:40,70, Dry, N, Daylight, Right Angle, Minor Injury, N, N
US,2,0,0,0,2017, May, Tuesday,9:50,20, Dry, N, Daylight, Right Angle, Not Injured, N, N
US,2,0,0,1,2017, May, Tuesday,0:20,50, Dry, N, Daylight, Right Angle, Minor Injury, N, N
US,2,0,0,1,2017, May, Tuesday,0:50,60, Dry, N, Daylight, Rear End, Minor Injury, N, N
US,2,0,0,0,2017, May, Tuesday,17:20,40, Dry, N, Daylight, Right Angle, Not Injured, N, N
US,2,0,0,0,2017, May, Tuesday,18:10,90, Dry, N, Daylight, Right Angle, Not Injured, N, N
US,2,0,0,0,2017, May, Tuesday,17:40,40, Dry, N, Daylight, Side Swipe, Minor Injury, N, N
US,2,0,0,1,2017, May, Tuesday,18:30,40, Dry, N, Daylight, Right Angle, Minor Injury, N, N
US,2,0,0,0,2017, May, Monday,16:00,70, Dry, N, Daylight, Rear End, Not Injured, N, N
US,2,0,0,1,2017, May, Tuesday,20:30,40, Dry, N, Night, Right Angle, Minor Injury, N, N
US,2,0,0,4,2017, April, Saturday,15:20,60, Dry, N, Daylight, Rear End, Minor Injury, N, N
US,2,0,0,0,2017, May, Tuesday,20:20,20, Dry, N, Night, Rear End, Not Injured, Y, N
US,3,0,0,0,2017, May, Tuesday,6:40,70, Dry, N, Daylight, Rear End, Not Injured, N, N
US,2,0,0,0,2017, May, Wednesday,0:50,40, Dry, N, Night, Side Swipe, Not Injured, N, N
US,2,0,0,1,2017, May, Wednesday,8:10,40, Dry, N, Daylight, Head On, Minor Injury, N, N
US,3,0,0,0,2017, May, Wednesday,8:50,60, Dry, N, Daylight, Right Angle, Not Injured, N, N
US,3,0,0,0,2017, May, Wednesday,11:20,40, Dry, N, Daylight, Right Angle, Not Injured, N, N
US,2,0,0,1,2017, May, Wednesday,10:30,40, Dry, N, Daylight, Head On, Minor Injury, N, N
US,2,0,0,1,2017, May, Saturday,9:50,40, Wet, Y, Daylight, Right Angle, Minor Injury, N, N
US,2,0,0,1,2017, May, Wednesday,15:40,40, Dry, N, Daylight, Right Angle, Minor Injury, N, N
US,2,0,0,0,2017, May, Friday,14:30,60, Dry, N, Daylight, Side Swipe, Not Injured, N, N
US,2,0,0,0,2017, May, Wednesday,17:20,40, Dry, N, Daylight, Right Angle, Not Injured, N, N
US,3,0,0,6,2017, May, Wednesday,16:00,40, Dry, N, Daylight, Right Angle, Minor Injury, N, N
US,3,0,0,0,2017, May, Wednesday,18:50,50, Dry, N, Daylight, Side Swipe, Not Injured, N, N
US,2,0,0,0,2017, May, Wednesday,19:40,40, Dry, N, Night, Head On, Not Injured, N, N
US,2,0,0,0,2017, May, Tuesday,6:50,20, Dry, N, Daylight, Head On, Not Injured, N, N
US,2,0,0,0,2017, May, Wednesday,23:30,60, Dry, N, Night, Right Angle, Not Injured, N, N
US,2,0,0,0,2017, May, Thursday,0:30,40, Dry, N, Night, Right Angle, Not Injured, Y, N
US,2,0,0,0,2017, May, Thursday,5:50,90, Wet, Y, Daylight, Right Angle, Minor Injury, N, N
US,2,0,0,2,2017, May, Wednesday,19:30,40, Dry, N, Daylight, Head On, Minor Injury, N, N
US,2,0,1,0,2017, May, Sunday,13:10,60, Dry, N, Daylight, Side Swipe, Major Injury, N, N
US,2,0,0,0,2017, May, Wednesday,14:30,40, Dry, N, Daylight, Rear End, Not Injured, N, N
US,3,0,0,0,2017, May, Tuesday,7:30,40, Dry, N, Daylight, Side Swipe, Not Injured, N, N
US,2,0,0,0,2017, May, Saturday,13:00,40, Wet, Y, Daylight, Right Angle, Not Injured, N, N
US,2,0,0,1,2017, May, Thursday,7:30,40, Wet, Y, Daylight, Right Angle, Minor Injury, N, N
US,2,0,0,0,2017, May, Thursday,8:00,40, Wet, Y, Daylight, Right Angle, Not Injured, N, N
US,2,0,0,0,2017, May, Thursday,8:30,60, Wet, Y, Daylight, Rear End, Not Injured, N, N
US,2,0,0,0,2017, May, Thursday,9:20,60, Wet, Y, Daylight, Rear End, Not Injured, N, N
US,2,0,0,2,2017, May, Wednesday,11:10,60, Dry, N, Daylight, Right Angle, Minor Injury, N, N
US,2,0,0,0,2017, May, Thursday,7:40,60, Wet, Y, Daylight, Rear End, Minor Injury, N, N
US,3,0,0,0,2017, April, Saturday,15:20,40, Dry, N, Daylight, Right Angle, Not Injured, N, N
US,3,0,0,0,2017, May, Thursday,8:10,40, Wet, Y, Daylight, Rear End, Not Injured, N, N
US,3,0,0,0,2017, May, Sunday,22:40,40, Dry, N, Night, Side Swipe, Not Injured, N, N
US,2,0,0,0,2017, May, Thursday,11:20,40, Wet, Y, Daylight, Rear End, Not Injured, N, N
US,3,0,0,0,2017, May, Thursday,16:10,60, Dry, N, Daylight, Rear End, Not Injured, N, N
US,2,0,0,0,2017, May, Thursday,15:50,60, Dry, N, Daylight, Right Angle, Not Injured, N, N
US,2,0,0,0,2017, May, Thursday,16:10,70, Dry, N, Daylight, Side Swipe, Not Injured, N, N
US,2,0,0,0,2017, May, Thursday,16:20,40, Dry, N, Daylight, Right Angle, Not Injured, N, N
US,2,0,0,0,2017, May, Thursday,16:40,40, Dry, N, Daylight, Rear End, Not Injured, N, N
US,2,0,0,0,2017, May, Thursday,18:30,40, Dry, N, Daylight, Right Angle, Not Injured, N, N
US,2,0,0,1,2017, May, Thursday,18:40,70, Dry, N, Daylight, Rear End, Minor Injury, N, N
US,2,0,0,2,2017, May, Saturday,22:20,20, Wet, Y, Night, Right Angle, Minor Injury, N, N
US,2,0,0,0,2017, May, Tuesday,21:50,60, Wet, Y, Night, Rear End, Not Injured, N, N
US,2,0,0,1,2017, May, Tuesday,6:20,60, Dry, N, Daylight, Rear End, Minor Injury, N, N
US,2,0,0,0,2017, May, Friday,3:30,40, Dry, N, Night, Side Swipe, Not Injured, Y, N
US,2,0,0,0,2017, May, Friday,4:20,60, Dry, N, Night, Side Swipe, Not Injured, N, N
US,2,0,0,2,2017, May, Thursday,6:50,60, Wet, Y, Daylight, Right Angle, Minor Injury, N, N
US,2,0,0,0,2017, May, Sunday,0:40,40, Dry, N, Night, Right Angle, Not Injured, N, N
US,2,0,0,0,2017, April, Tuesday,9:30,90, Dry, N, Daylight, Rear End, Not Injured, N, N
US,2,0,0,0,2017, May, Wednesday,19:20,90, Dry, N, Daylight, Rear End, Not Injured, N, N
US,3,0,0,0,2017, May, Thursday,11:40,40, Wet, N, Daylight, Rear End, Not Injured, N, N
US,2,0,0,0,2017, May, Monday,11:20,40, Dry, N, Daylight, Right Angle, Not Injured, N, N
US,2,0,0,0,2017, May, Friday,7:50,40, Dry, N, Daylight, Rear End, Not Injured, N, N
US,2,0,0,0,2017, May, Friday,8:40,60, Dry, N, Daylight, Right Angle, Not Injured, N, N
US,2,0,0,0,2017, May, Friday,10:10,60, Dry, N, Daylight, Right Angle, Not Injured, N, N
US,2,0,0,1,2017, May, Friday,8:20,70, Dry, N, Daylight, Right Angle, Minor Injury, N, N
US,3,0,0,0,2017, May, Friday,8:30,40, Dry, N, Daylight, Head On, Not Injured, N, N
US,2,0,0,0,2017, May, Friday,11:30,40, Dry, N, Daylight, Head On, Not Injured, N, N
US,2,0,0,0,2017, May, Friday,13:20,40, Dry, N, Daylight, Head On, Not Injured, N, N
US,2,0,0,0,2017, May, Friday,15:00,40, Dry, N, Daylight, Right Angle, Not Injured, N, N
US,2,0,0,0,2017, May, Friday,15:10,50, Dry, N, Daylight, Head On, Not Injured, N, N
US,2,0,0,0,2017, May, Friday,15:50,60, Dry, N, Daylight, Rear End, Not Injured, N, N
US,2,0,0,0,2017, May, Friday,19:10,60, Dry, N, Daylight, Right Angle, Not Injured, N, N
US,2,0,0,0,2017, May, Wednesday,10:30,60, Dry, N, Daylight, Head On, Minor Injury, N, N
US,2,0,0,0,2017, May, Thursday,11:40,90, Dry, N, Daylight, Rear End, Not Injured, N, N
US,2,0,0,0,2017, May, Monday,13:20,90, Dry, N, Daylight, Rear End, Not Injured, N, N
US,2,0,0,1,2017, May, Sunday,14:00,20, Dry, N, Daylight, Rear End, Minor Injury, N, N
US,2,0,0,0,2017, May, Sunday,19:00,60, Dry, N, Night, Right Angle, Not Injured, N, N
US,2,0,0,0,2017, May, Saturday,7:50,60, Dry, N, Daylight, Right Angle, Not Injured, N, N
US,3,0,0,0,2017, May, Saturday,2:00,40, Dry, N, Night, Side Swipe, Not Injured, Y, N
US,2,0,0,0,2017, May, Saturday,10:20,60, Dry, N, Daylight, Rear End, Not Injured, N, N
US,3,0,0,0,2017, May, Saturday,9:40,60, Dry, N, Daylight, Rear End, Not Injured, N, N
US,3,0,0,1,2017, May, Wednesday,15:30,40, Dry, N, Daylight, Hit Pedestrian, Minor Injury, N, N
US,4,0,0,1,2017, May, Friday,16:40,60, Dry, N, Daylight, Rear End, Minor Injury, N, N
US,2,0,0,0,2017, May, Friday,3:00,40, Dry, N, Night, Side Swipe, Not Injured, Y, N
US,2,0,0,0,2017, May, Saturday,15:40,20, Dry, N, Daylight, Side Swipe, Not Injured, N, N
US,2,0,0,0,2017, May, Saturday,21:30,60, Dry, N, Night, Right Angle, Not Injured, N, N
US,3,0,0,1,2017, February, Wednesday,21:20,60, Dry, N, Night, Side Swipe, Minor Injury, N, N
US,2,0,0,0,2017, March, Sunday,9:40,90, Wet, Y, Daylight, Head On, Minor Injury, N, N
US,2,0,0,0,2017, March, Sunday,11:30,90, Dry, N, Daylight, Rear End, Not Injured, N, N
US,2,0,0,1,2017, May, Wednesday,15:20,90, Dry, N, Daylight, Rear End, Minor Injury, N, N
US,5,0,0,0,2017, May, Monday,18:50,90, Dry, N, Daylight, Rear End, Not Injured, N, N
US,2,0,0,0,2017, May, Friday,18:20,90, Dry, N, Daylight, Rear End, Not Injured, N, N
US,3,0,0,1,2017, May, Sunday,14:30,60, Dry, N, Daylight, Right Angle, Minor Injury, N, N
US,3,0,0,0,2017, May, Sunday,7:30,60, Dry, N, Daylight, Side Swipe, Not Injured, N, N
US,2,0,0,0,2017, May, Saturday,13:40,60, Dry, N, Daylight, Rear End, Not Injured, N, N
US,2,0,0,0,2017, May, Friday,8:40,90, Dry, N, Daylight, Rear End, Not Injured, N, N
US,2,0,0,0,2017, May, Friday,13:50,90, Dry, N, Daylight, Rear End, Not Injured, N, N
US,2,0,0,1,2017, May, Sunday,19:20,40, Dry, N, Daylight, Rear End, Minor Injury, N, N
US,2,0,0,0,2017, May, Saturday,10:30,40, Dry, N, Daylight, Head On, Not Injured, N, N
US,2,0,0,0,2017, May, Sunday,22:10,60, Dry, N, Night, Right Angle, Not Injured, Y, N
US,2,0,0,0,2017, May, Monday,0:40,40, Dry, N, Night, Rear End, Not Injured, Y, N
US,2,0,0,0,2017, May, Friday,14:50,60, Dry, N, Daylight, Right Angle, Minor Injury, N, N
US,2,0,0,1,2017, May, Monday,7:30,40, Dry, N, Daylight, Side Swipe, Minor Injury, N, N
US,2,0,0,0,2017, May, Monday,7:50,60, Dry, N, Daylight, Rear End, Minor Injury, N, N
US,2,0,0,0,2017, May, Monday,6:50,40, Dry, N, Daylight, Right Angle, Not Injured, N, N
US,2,0,0,0,2017, May, Monday,7:50,60, Dry, N, Daylight, Right Angle, Not Injured, N, N
US,2,0,0,0,2017, May, Monday,7:50,40, Dry, N, Daylight, Side Swipe, Not Injured, N, N
US,2,0,0,0,2017, May, Monday,9:00,60, Dry, N, Daylight, Right Angle, Not Injured, N, N
US,2,0,0,0,2017, May, Wednesday,9:30,40, Wet, N, Daylight, Rear End, Not Injured, N, N
US,2,0,0,0,2017, May, Tuesday,16:40,40, Dry, N, Daylight, Rear End, Not Injured, N, N
US,2,0,0,0,2017, May, Monday,7:40,60, Dry, N, Daylight, Right Angle, Not Injured, N, N
US,2,0,0,1,2017, May, Friday,14:00,40, Dry, N, Daylight, Right Angle, Minor Injury, N, N
US,2,0,0,0,2017, May, Monday,13:20,50, Dry, N, Daylight, Right Angle, Not Injured, N, N
US,2,0,0,0,2017, May, Monday,14:00,40, Dry, N, Daylight, Right Angle, Not Injured, Y, N
US,2,0,0,1,2017, May, Monday,15:50,40, Dry, N, Daylight, Rear End, Minor Injury, N, N
US,2,0,0,0,2017, May, Monday,16:30,40, Dry, N, Daylight, Rear End, Not Injured, N, N
US,2,0,0,0,2017, May, Monday,15:40,40, Dry, N, Daylight, Side Swipe, Not Injured, N, N
US,2,0,0,1,2017, May, Thursday,22:00,60, Dry, N, Night, Rear End, Minor Injury, N, N
US,2,0,0,0,2017, May, Monday,16:00,40, Dry, N, Daylight, Right Angle, Not Injured, N, N
US,2,0,0,0,2017, May, Monday,16:30,40, Dry, N, Daylight, Right Angle, Not Injured, N, N
US,3,0,0,0,2017, May, Monday,17:40,60, Dry, N, Daylight, Right Angle, Not Injured, N, N
US,2,0,0,0,2017, May, Saturday,16:40,90, Dry, N, Daylight, Right Angle, Not Injured, N, N