Nation,Total Units,Total Fatalities,Total Serious Injuries,Total Minor Injuries,Year,Month,Day,Time,Speed Limit,Moisture,Adverse Weather Conditions,DayNight,Crash Type,Crash Severity,Alcohol Related ,Drug Related
US,2,0,0,0,2017, June, Sunday,22:50,60, Dry, N, Night, Right Angle, Not Injured, N, N
US,2,0,0,1,2017, June, Saturday,3:30,40, Dry, N, Night, Side Swipe, Minor Injury, N, N
US,2,0,0,0,2017, June, Sunday,0:20,40, Dry, N, Daylight, Side Swipe, Minor Injury, N, N
US,2,0,0,0,2017, May, Sunday,0:30,90, Dry, N, Daylight, Rear End, Minor Injury, N, N
US,2,0,0,0,2017, May, Tuesday,8:30,90, Dry, N, Daylight, Rear End, Minor Injury, N, N
US,2,0,0,0,2017, June, Sunday,19:00,40, Dry, N, Daylight, Hit Pedestrian, Minor Injury, N, N
US,2,0,0,0,2017, June, Saturday,18:20,40, Dry, N, Daylight, Right Angle, Minor Injury, N, N
US,2,0,0,0,2017, June, Monday,8:20,40, Dry, N, Daylight, Right Angle, Not Injured, N, N
US,2,0,0,0,2017, June, Monday,10:20,40, Dry, N, Daylight, Side Swipe, Not Injured, N, N
US,2,0,0,0,2017, June, Thursday,13:00,20, Dry, N, Daylight, Hit Pedestrian, Minor Injury, N, N
US,5,0,0,1,2017, June, Monday,15:10,60, Dry, N, Daylight, Head On, Minor Injury, Y, N
US,3,0,0,0,2017, June, Monday,13:40,60, Dry, N, Daylight, Head On, Minor Injury, N, N
US,2,0,0,0,2017, June, Monday,16:30,30, Dry, N, Daylight, Right Angle, Not Injured, N, N
US,2,0,0,0,2017, June, Monday,16:30,40, Dry, N, Daylight, Right Angle, Not Injured, N, N
US,2,0,0,1,2017, June, Tuesday,0:30,90, Dry, N, Daylight, Rear End, Minor Injury, N, N
US,2,0,0,2,2017, June, Monday,17:40,60, Dry, N, Daylight, Rear End, Minor Injury, N, N
US,2,0,0,0,2017, June, Monday,16:40,40, Dry, N, Daylight, Right Angle, Not Injured, N, N
US,2,0,0,0,2017, May, Wednesday,15:40,90, Dry, N, Daylight, Rear End, Not Injured, N, N
US,2,0,0,0,2017, June, Monday,11:00,60, Dry, N, Daylight, Right Angle, Not Injured, N, N
US,3,0,0,1,2017, June, Monday,9:30,40, Dry, N, Daylight, Rear End, Minor Injury, N, N
US,2,0,0,0,2017, June, Tuesday,7:50,40, Dry, N, Daylight, Hit Pedestrian, Minor Injury, N, N
US,2,0,0,2,2017, June, Friday,11:00,40, Dry, N, Daylight, Right Angle, Minor Injury, N, N
US,2,0,1,0,2017, June, Sunday,21:30,60, Wet, Y, Night, Hit Pedestrian, Major Injury, N, N
US,2,0,0,0,2017, June, Tuesday,15:30,40, Dry, N, Daylight, Side Swipe, Not Injured, N, N
US,3,0,0,0,2017, June, Tuesday,16:10,40, Wet, N, Daylight, Right Angle, Not Injured, N, N
US,2,0,0,0,2017, June, Tuesday,17:50,60, Wet, N, Daylight, Right Angle, Not Injured, N, N
US,2,0,0,0,2017, June, Monday,17:40,40, Dry, N, Daylight, Right Angle, Not Injured, N, N
US,2,0,0,0,2017, April, Wednesday,16:30,90, Dry, N, Daylight, Rear End, Not Injured, N, N
US,3,0,0,1,2017, June, Tuesday,14:50,90, Dry, N, Daylight, Rear End, Minor Injury, N, N
US,2,0,0,0,2017, May, Sunday,9:10,90, Dry, N, Daylight, Right Angle, Not Injured, Y, N
US,3,0,0,0,2017, June, Monday,8:20,90, Wet, Y, Daylight, Right Angle, Not Injured, N, N
US,2,0,0,0,2017, June, Tuesday,14:10,40, Dry, N, Daylight, Head On, Not Injured, N, N
US,2,0,0,0,2017, June, Tuesday,7:00,60, Dry, N, Daylight, Right Angle, Not Injured, N, N
US,4,0,0,0,2017, June, Wednesday,20:30,40, Dry, N, Night, Right Angle, Minor Injury, Y, N
US,2,0,0,0,2017, June, Saturday,11:50,60, Dry, N, Daylight, Right Angle, Not Injured, N, N
US,2,1,0,0,2017, June, Friday,15:00,60, Dry, N, Daylight, Right Angle, Fatal, N, N
US,2,0,0,0,2017, June, Wednesday,10:20,60, Dry, N, Daylight, Right Angle, Not Injured, N, N
US,2,0,0,0,2017, June, Wednesday,0:20,60, Dry, N, Daylight, Right Angle, Not Injured, N, N
US,2,0,0,0,2017, June, Tuesday,17:00,40, Dry, N, Daylight, Right Angle, Minor Injury, N, N
US,2,0,0,1,2017, June, Tuesday,17:40,40, Dry, N, Daylight, Rear End, Minor Injury, N, N
US,4,0,0,0,2017, June, Wednesday,14:30,40, Dry, N, Daylight, Rear End, Not Injured, N, N
US,3,0,0,0,2017, June, Wednesday,16:30,40, Wet, Y, Daylight, Right Angle, Not Injured, N, N
US,3,0,0,0,2017, June, Wednesday,17:30,60, Dry, N, Daylight, Rear End, Not Injured, N, N
US,2,0,0,0,2017, June, Saturday,22:10,50, Dry, N, Night, Right Angle, Not Injured, N, N
US,2,0,0,0,2017, June, Wednesday,19:10,40, Dry, N, Daylight, Rear End, Minor Injury, N, N
US,3,0,0,0,2017, June, Tuesday,16:30,70, Dry, N, Daylight, Rear End, Not Injured, N, N
US,3,0,0,0,2017, April, Saturday,13:40,70, Wet, Y, Daylight, Rear End, Not Injured, N, N
US,2,0,0,0,2017, June, Wednesday,18:10,90, Wet, N, Daylight, Right Angle, Not Injured, N, N
US,3,0,0,1,2017, June, Sunday,0:20,40, Dry, N, Daylight, Right Angle, Minor Injury, N, N
US,2,0,0,1,2017, June, Tuesday,0:00,40, Dry, N, Daylight, Right Angle, Minor Injury, N, N
US,2,0,0,0,2017, June, Monday,17:30,60, Dry, N, Daylight, Rear End, Not Injured, N, N
US,2,0,0,0,2017, June, Tuesday,7:10,50, Dry, N, Daylight, Right Angle, Not Injured, N, N
US,2,0,0,0,2017, April, Sunday,17:50,90, Dry, N, Daylight, Rear End, Not Injured, N, N
US,2,0,0,0,2017, June, Monday,21:00,90, Dry, N, Night, Right Angle, Not Injured, N, N
US,2,0,0,1,2017, June, Tuesday,10:30,60, Dry, N, Daylight, Rear End, Minor Injury, N, N
US,2,0,0,0,2017, June, Saturday,10:40,40, Dry, N, Daylight, Rear End, Not Injured, N, N
US,2,0,0,0,2017, June, Wednesday,8:30,40, Dry, N, Daylight, Side Swipe, Minor Injury, N, N
US,3,0,0,0,2017, June, Thursday,11:50,60, Dry, N, Daylight, Rear End, Not Injured, N, N
US,2,0,0,0,2017, June, Thursday,10:20,60, Dry, N, Daylight, Right Angle, Minor Injury, N, N
US,2,0,0,0,2017, June, Thursday,0:40,40, Dry, N, Daylight, Right Angle, Not Injured, N, N
US,2,0,0,0,2017, June, Thursday,14:30,40, Dry, N, Daylight, Rear End, Not Injured, N, N
US,2,0,0,0,2017, June, Thursday,15:20,70, Dry, N, Daylight, Right Angle, Minor Injury, N, N
US,3,0,0,1,2017, June, Thursday,18:00,60, Dry, N, Daylight, Rear End, Minor Injury, N, N
US,2,0,0,0,2017, June, Friday,1:20,60, Wet, N, Night, Side Swipe, Not Injured, N, N
US,2,0,0,0,2017, June, Friday,5:00,40, Wet, Y, Night, Right Angle, Minor Injury, N, N
US,2,0,0,0,2017, June, Monday,8:30,40, Dry, N, Daylight, Right Angle, Not Injured, N, N
US,2,0,0,1,2017, June, Thursday,7:00,30, Dry, N, Daylight, Hit Pedestrian, Minor Injury, N, N
US,2,0,0,0,2017, June, Thursday,16:50,60, Dry, N, Daylight, Rear End, Not Injured, N, N
US,2,0,0,0,2017, June, Thursday,13:40,60, Dry, N, Daylight, Right Angle, Not Injured, N, N
US,2,0,0,0,2017, June, Thursday,17:30,40, Wet, N, Daylight, Right Angle, Not Injured, N, N
US,2,0,0,0,2017, June, Thursday,8:00,40, Dry, N, Daylight, Rear End, Not Injured, N, N
US,4,0,0,0,2017, June, Friday,9:40,60, Dry, N, Daylight, Rear End, Not Injured, N, N
US,2,0,0,0,2017, June, Saturday,0:10,60, Dry, N, Daylight, Rear End, Not Injured, N, N
US,2,0,0,0,2017, June, Wednesday,0:00,40, Dry, N, Daylight, Right Angle, Not Injured, N, N
US,3,0,0,0,2017, June, Thursday,8:30,40, Dry, N, Daylight, Right Angle, Not Injured, N, N
US,2,0,0,0,2017, June, Friday,8:00,40, Dry, N, Daylight, Rear End, Not Injured, N, N
US,2,0,0,1,2017, June, Friday,10:50,20, Dry, N, Daylight, Right Angle, Minor Injury, N, N
US,2,0,0,0,2017, June, Friday,0:30,60, Dry, N, Daylight, Head On, Not Injured, N, N
US,2,0,0,0,2017, June, Friday,13:10,60, Dry, N, Daylight, Rear End, Not Injured, N, N
US,2,0,0,0,2017, June, Friday,14:50,40, Wet, Y, Daylight, Right Angle, Not Injured, N, N
US,2,0,0,0,2017, June, Friday,15:40,40, Wet, Y, Daylight, Side Swipe, Not Injured, N, N
US,2,0,0,0,2017, June, Friday,15:00,40, Wet, N, Daylight, Right Angle, Not Injured, N, N
US,2,0,0,0,2017, June, Friday,16:40,40, Dry, N, Daylight, Side Swipe, Not Injured, N, N
US,3,0,0,0,2017, June, Wednesday,8:30,40, Dry, N, Daylight, Rear End, Minor Injury, N, N
US,2,0,0,0,2017, June, Friday,16:00,40, Wet, Y, Daylight, Rear End, Not Injured, N, N
US,2,0,0,0,2017, June, Friday,18:10,60, Dry, N, Daylight, Rear End, Not Injured, N, N
US,2,0,0,1,2017, June, Friday,22:20,40, Wet, N, Night, Right Angle, Minor Injury, N, N
US,4,0,0,0,2017, June, Friday,2:30,40, Dry, N, Night, Right Angle, Minor Injury, Y, N
US,2,0,0,0,2017, June, Saturday,4:40,40, Dry, N, Night, Rear End, Not Injured, N, N
US,2,0,0,0,2017, June, Friday,14:00,60, Dry, N, Daylight, Side Swipe, Not Injured, N, N
US,2,0,0,0,2017, June, Friday,2:00,60, Dry, N, Night, Right Angle, Minor Injury, N, N
US,2,0,0,1,2017, June, Friday,17:10,60, Dry, N, Daylight, Rear End, Minor Injury, N, N
US,2,0,0,0,2017, June, Saturday,0:20,50, Dry, N, Daylight, Side Swipe, Not Injured, N, N
US,2,0,0,0,2017, June, Thursday,18:30,40, Dry, N, Daylight, Head On, Not Injured, N, N
US,2,0,0,1,2017, June, Thursday,15:10,60, Dry, N, Daylight, Right Angle, Minor Injury, N, N
US,2,0,0,0,2017, May, Sunday,18:40,40, Dry, N, Daylight, Right Angle, Not Injured, N, N
US,2,0,0,1,2017, June, Saturday,16:40,40, Dry, N, Daylight, Rear End, Minor Injury, N, N
US,2,0,0,0,2017, June, Saturday,15:50,40, Dry, N, Daylight, Rear End, Minor Injury, N, N
US,2,0,0,0,2017, June, Friday,14:00,90, Dry, N, Daylight, Side Swipe, Not Injured, N, N
US,3,0,0,1,2017, June, Saturday,17:20,40, Dry, N, Daylight, Rear End, Minor Injury, N, N
US,2,0,0,1,2017, June, Friday,11:40,40, Dry, N, Daylight, Right Angle, Minor Injury, N, N
US,2,0,0,1,2017, June, Saturday,19:50,40, Dry, N, Daylight, Rear End, Minor Injury, N, N
US,2,0,0,0,2017, June, Saturday,20:10,40, Dry, N, Daylight, Right Angle, Minor Injury, N, N
US,2,0,2,0,2017, June, Thursday,13:20,60, Dry, N, Daylight, Head On, Major Injury, N, N
US,2,0,0,0,2017, June, Sunday,0:00,40, Dry, N, Daylight, Side Swipe, Not Injured, N, N
US,2,0,0,0,2017, June, Sunday,0:00,60, Dry, N, Daylight, Right Angle, Not Injured, N, N
US,4,0,0,0,2017, June, Friday,17:20,40, Dry, N, Daylight, Rear End, Not Injured, N, N
US,2,0,0,0,2017, June, Sunday,2:20,60, Dry, N, Night, Rear End, Not Injured, N, N
US,3,0,0,0,2017, June, Sunday,15:40,40, Dry, N, Daylight, Side Swipe, Not Injured, N, N
US,2,0,0,0,2017, June, Sunday,15:30,40, Dry, N, Daylight, Right Angle, Not Injured, N, N
US,3,0,0,0,2017, June, Friday,17:00,60, Dry, N, Daylight, Right Angle, Not Injured, N, N
US,2,0,0,0,2017, June, Sunday,14:00,60, Dry, N, Daylight, Right Angle, Not Injured, N, N
US,2,0,0,0,2017, June, Saturday,20:10,60, Dry, N, Daylight, Rear End, Not Injured, N, N
US,2,0,0,0,2017, May, Monday,17:50,90, Dry, N, Daylight, Rear End, Not Injured, N, N
US,3,0,0,0,2017, May, Tuesday,14:50,90, Dry, N, Daylight, Rear End, Not Injured, N, N
US,2,0,0,0,2017, June, Monday,23:40,90, Dry, N, Night, Rear End, Minor Injury, N, N
US,2,0,0,0,2017, June, Wednesday,17:10,90, Wet, N, Daylight, Rear End, Not Injured, N, N
US,2,0,0,0,2017, June, Thursday,18:10,90, Dry, N, Daylight, Rear End, Not Injured, N, N
US,2,0,0,0,2017, June, Saturday,9:40,90, Dry, N, Daylight, Side Swipe, Not Injured, N, N
US,2,0,0,0,2017, June, Sunday,18:00,60, Wet, Y, Daylight, Rear End, Not Injured, N, N
US,2,0,0,0,2017, May, Thursday,8:20,70, Dry, N, Daylight, Right Angle, Not Injured, N, N
US,2,0,0,0,2017, June, Monday,8:10,90, Dry, N, Daylight, Rear End, Not Injured, N, N
US,2,0,0,0,2017, June, Sunday,15:20,40, Dry, N, Daylight, Head On, Not Injured, N, N
US,2,0,0,1,2017, June, Sunday,19:40,40, Wet, Y, Night, Rear End, Minor Injury, N, N
US,2,0,0,0,2017, June, Tuesday,19:30,40, Wet, Y, Daylight, Head On, Not Injured, N, N
US,3,0,0,1,2017, June, Monday,2:10,40, Dry, N, Night, Side Swipe, Minor Injury, N, N
US,2,0,0,0,2017, May, Monday,15:30,90, Dry, Y, Daylight, Rear End, Minor Injury, N, N
US,3,0,0,0,2017, June, Friday,23:20,90, Dry, N, Night, Rear End, Not Injured, N, N
US,2,0,0,0,2017, May, Tuesday,13:50,40, Dry, N, Daylight, Right Angle, Not Injured, N, N
US,2,0,0,1,2017, June, Saturday,5:00,30, Dry, N, Daylight, Side Swipe, Minor Injury, N, N
US,4,0,0,0,2017, June, Friday,8:50,60, Dry, N, Daylight, Rear End, Not Injured, N, N
US,2,0,0,0,2017, May, Monday,0:40,60, Dry, N, Daylight, Right Angle, Not Injured, N, N
US,2,0,0,0,2017, June, Monday,9:30,70, Wet, Y, Daylight, Rear End, Not Injured, N, N
US,2,0,0,0,2017, June, Thursday,15:40,60, Dry, N, Daylight, Right Angle, Minor Injury, N, N
US,2,0,0,0,2017, June, Wednesday,15:50,60, Wet, Y, Daylight, Side Swipe, Minor Injury, N, N
US,2,0,0,0,2017, June, Monday,10:30,40, Dry, N, Daylight, Right Angle, Not Injured, N, N
US,2,0,0,0,2017, June, Monday,0:20,60, Dry, N, Daylight, Rear End, Not Injured, N, N
US,2,0,0,0,2017, June, Monday,9:20,60, Dry, N, Daylight, Rear End, Minor Injury, N, N
US,3,0,0,0,2017, June, Wednesday,17:40,60, Dry, N, Daylight, Right Angle, Not Injured, N, N
US,2,0,0,0,2017, June, Tuesday,10:40,60, Dry, N, Daylight, Right Angle, Not Injured, N, N
US,2,0,0,1,2017, June, Friday,11:50,50, Dry, N, Daylight, Rear End, Minor Injury, N, N
US,2,0,0,0,2017, June, Friday,17:20,60, Dry, N, Daylight, Rear End, Not Injured, N, N
US,2,0,0,0,2017, June, Thursday,17:00,60, Dry, N, Daylight, Hit Pedestrian, Minor Injury, N, N
US,2,0,0,0,2017, June, Monday,18:10,40, Dry, N, Daylight, Head On, Not Injured, N, N
US,2,0,0,0,2017, June, Monday,15:40,40, Dry, N, Daylight, Rear End, Not Injured, N, N
US,2,0,0,0,2017, June, Monday,16:10,60, Dry, N, Daylight, Rear End, Not Injured, N, N
US,2,0,0,0,2017, June, Monday,19:00,40, Dry, N, Daylight, Right Angle, Not Injured, N, N
US,2,0,0,0,2017, June, Thursday,5:30,40, Dry, N, Daylight, Right Angle, Not Injured, N, N
US,2,0,0,0,2017, June, Tuesday,8:10,40, Dry, N, Daylight, Rear End, Not Injured, N, N
US,2,0,0,1,2017, June, Tuesday,9:30,40, Dry, N, Daylight, Head On, Minor Injury, N, N
US,2,0,0,0,2017, June, Tuesday,8:00,60, Dry, N, Daylight, Rear End, Not Injured, N, N
US,2,0,0,1,2017, June, Tuesday,10:50,40, Dry, N, Daylight, Rear End, Minor Injury, N, N
US,2,0,0,0,2017, June, Tuesday,9:40,60, Dry, N, Daylight, Side Swipe, Not Injured, N, N
US,3,0,0,0,2017, June, Friday,9:10,40, Dry, N, Daylight, Right Angle, Not Injured, N, N
US,2,0,1,1,2017, June, Tuesday,0:30,40, Dry, N, Daylight, Right Angle, Major Injury, N, N
US,2,0,0,0,2017, June, Tuesday,13:20,70, Wet, N, Daylight, Rear End, Not Injured, N, N
US,2,0,0,0,2017, June, Tuesday,13:10,40, Dry, N, Daylight, Rear End, Not Injured, N, N
US,2,0,0,0,2017, June, Friday,10:50,70, Dry, N, Daylight, Right Angle, Not Injured, N, N
US,2,0,0,0,2017, June, Saturday,16:30,60, Dry, N, Daylight, Right Angle, Not Injured, N, N
US,2,0,0,0,2017, June, Tuesday,18:50,40, Dry, N, Daylight, Right Angle, Not Injured, N, N
US,2,0,0,0,2017, June, Tuesday,16:20,60, Dry, N, Daylight, Right Angle, Not Injured, N, N
US,2,0,0,0,2017, June, Sunday,19:40,40, Dry, N, Daylight, Right Angle, Minor Injury, N, N
US,4,0,0,0,2017, June, Tuesday,19:50,40, Dry, N, Daylight, Side Swipe, Not Injured, N, N
US,2,0,1,0,2017, June, Tuesday,22:20,60, Dry, N, Night, Side Swipe, Major Injury, N, N
US,2,0,0,0,2017, June, Tuesday,22:30,40, Dry, N, Night, Rear End, Not Injured, N, N
US,2,0,0,0,2017, June, Monday,22:50,40, Dry, N, Night, Right Angle, Minor Injury, N, N
US,2,0,0,0,2017, June, Wednesday,1:00,40, Dry, N, Night, Side Swipe, Not Injured, N, N
US,2,0,0,1,2017, May, Thursday,17:00,40, Dry, N, Daylight, Hit Pedestrian, Minor Injury, N, N
US,2,0,0,1,2017, June, Tuesday,7:20,40, Dry, N, Daylight, Right Angle, Minor Injury, N, N
US,2,0,0,1,2017, June, Tuesday,7:50,40, Dry, N, Daylight, Side Swipe, Minor Injury, N, N
US,2,0,0,0,2017, June, Wednesday,0:00,20, Dry, N, Daylight, Side Swipe, Minor Injury, N, N
US,2,0,0,0,2017, June, Tuesday,0:50,40, Dry, N, Daylight, Head On, Minor Injury, N, N
US,2,0,0,1,2017, June, Wednesday,10:10,40, Dry, N, Daylight, Side Swipe, Minor Injury, N, N
US,2,0,0,1,2017, June, Wednesday,10:40,40, Dry, N, Daylight, Rear End, Minor Injury, N, N
US,2,0,0,1,2017, June, Wednesday,11:30,40, Dry, N, Daylight, Hit Pedestrian, Minor Injury, N, N
US,3,0,0,0,2017, June, Wednesday,0:00,70, Dry, N, Daylight, Rear End, Not Injured, N, N
US,2,0,0,0,2017, June, Sunday,20:40,60, Wet, Y, Night, Rear End, Not Injured, N, N
US,2,0,0,0,2017, June, Wednesday,15:30,50, Dry, N, Daylight, Right Angle, Not Injured, N, N
US,2,0,0,0,2017, June, Wednesday,16:30,40, Dry, N, Daylight, Right Angle, Not Injured, N, N
US,2,0,0,0,2017, June, Wednesday,16:50,50, Dry, N, Daylight, Rear End, Not Injured, N, N
US,2,0,0,0,2017, June, Wednesday,18:50,40, Dry, N, Daylight, Rear End, Minor Injury, N, N
US,2,0,0,0,2017, June, Wednesday,16:20,40, Dry, N, Daylight, Rear End, Not Injured, N, N
US,2,0,0,0,2017, June, Wednesday,19:40,40, Dry, N, Daylight, Side Swipe, Not Injured, N, N
US,2,0,0,0,2017, June, Wednesday,19:50,60, Dry, N, Daylight, Rear End, Not Injured, N, N
US,2,0,0,0,2017, June, Wednesday,17:10,60, Dry, N, Daylight, Rear End, Minor Injury, N, N
US,2,0,0,0,2017, June, Wednesday,17:20,20, Dry, N, Daylight, Right Angle, Not Injured, N, N
US,3,0,0,1,2017, May, Friday,2:20,40, Dry, N, Night, Head On, Minor Injury, Y, N
US,2,0,0,0,2017, June, Monday,17:20,60, Dry, N, Daylight, Rear End, Minor Injury, N, N
US,2,0,0,0,2017, June, Monday,17:20,60, Dry, N, Daylight, Rear End, Not Injured, N, N
US,2,0,0,0,2017, April, Thursday,9:30,90, Dry, N, Daylight, Rear End, Not Injured, N, N
US,5,0,0,0,2017, April, Saturday,13:30,90, Dry, N, Daylight, Rear End, Not Injured, N, N
US,3,0,0,1,2017, June, Friday,7:20,90, Dry, N, Daylight, Rear End, Minor Injury, N, N
US,2,0,0,0,2017, June, Saturday,22:00,90, Dry, N, Night, Rear End, Not Injured, N, N
US,2,0,0,0,2017, June, Monday,15:10,90, Dry, N, Daylight, Side Swipe, Not Injured, N, N
US,3,0,0,0,2017, June, Tuesday,8:40,110, Dry, N, Daylight, Rear End, Not Injured, N, N
US,2,0,0,0,2017, June, Friday,8:40,40, Dry, N, Daylight, Rear End, Not Injured, N, N
US,2,0,0,1,2017, June, Friday,15:40,90, Dry, N, Daylight, Rear End, Minor Injury, N, N
US,2,0,0,0,2017, June, Friday,18:10,90, Dry, N, Daylight, Rear End, Minor Injury, N, N
US,2,0,1,0,2017, June, Wednesday,0:40,50, Dry, N, Daylight, Hit Pedestrian, Major Injury, N, N
US,2,0,0,3,2017, June, Wednesday,14:30,40, Dry, N, Daylight, Right Angle, Minor Injury, N, N
US,2,0,0,0,2017, June, Wednesday,13:40,20, Dry, N, Daylight, Right Angle, Not Injured, N, N
US,2,0,0,1,2017, June, Wednesday,13:10,60, Dry, N, Daylight, Side Swipe, Minor Injury, N, N
US,2,0,0,1,2017, June, Thursday,8:10,40, Dry, N, Daylight, Rear End, Minor Injury, N, N
US,2,0,0,1,2017, June, Sunday,10:50,40, Dry, N, Daylight, Right Angle, Minor Injury, N, N
US,2,0,0,1,2017, June, Thursday,9:50,60, Dry, N, Daylight, Right Angle, Minor Injury, N, N
US,3,0,0,2,2017, June, Thursday,8:40,40, Dry, N, Daylight, Rear End, Minor Injury, N, N
US,2,0,0,0,2017, June, Saturday,11:00,40, Dry, N, Daylight, Right Angle, Not Injured, N, N
US,2,0,0,0,2017, June, Tuesday,8:30,60, Dry, N, Daylight, Right Angle, Not Injured, N, N
US,2,0,0,0,2017, June, Tuesday,11:50,60, Dry, N, Daylight, Right Angle, Minor Injury, N, N
US,2,0,0,0,2017, June, Thursday,0:00,60, Dry, N, Daylight, Rear End, Not Injured, N, N
US,2,0,0,1,2017, June, Saturday,17:30,60, Dry, N, Daylight, Rear End, Minor Injury, Y, N
US,2,0,0,0,2017, June, Thursday,0:00,50, Dry, N, Daylight, Right Angle, Minor Injury, N, N
US,2,0,0,0,2017, June, Thursday,0:30,40, Dry, N, Daylight, Side Swipe, Not Injured, N, N
US,2,0,0,0,2017, June, Thursday,15:40,40, Dry, N, Daylight, Right Angle, Not Injured, N, N
US,3,0,0,1,2017, June, Thursday,10:40,90, Dry, N, Daylight, Right Angle, Minor Injury, N, N
US,2,0,0,0,2017, June, Thursday,17:30,40, Dry, N, Daylight, Rear End, Not Injured, N, N
US,2,0,0,0,2017, June, Monday,8:20,90, Wet, Y, Daylight, Rear End, Not Injured, N, N
US,3,0,0,0,2017, June, Thursday,18:30,40, Dry, N, Daylight, Rear End, Not Injured, N, N
US,2,0,0,0,2017, June, Thursday,19:40,30, Dry, N, Daylight, Right Angle, Not Injured, N, N
US,2,0,0,0,2017, June, Tuesday,3:20,40, Dry, N, Night, Rear End, Not Injured, Y, N
US,2,0,0,0,2017, June, Monday,18:00,40, Dry, N, Daylight, Rear End, Not Injured, N, N
US,3,0,0,0,2017, June, Saturday,5:10,40, Dry, N, Daylight, Rear End, Not Injured, N, N
US,2,0,0,0,2017, June, Thursday,22:00,90, Wet, N, Night, Rear End, Minor Injury, N, N
US,3,0,0,0,2017, June, Wednesday,16:20,90, Dry, N, Daylight, Rear End, Minor Injury, N, N
US,2,0,0,1,2017, June, Saturday,13:50,60, Dry, N, Daylight, Right Angle, Minor Injury, N, N
US,2,0,0,0,2017, June, Monday,7:00,90, Dry, Y, Daylight, Right Angle, Not Injured, N, N
US,2,0,0,0,2017, June, Thursday,14:40,40, Dry, N, Daylight, Right Angle, Not Injured, N, N
US,2,0,0,0,2017, June, Tuesday,0:50,70, Dry, N, Daylight, Right Angle, Not Injured, N, N
US,3,1,0,0,2017, June, Friday,6:20,70, Wet, Y, Daylight, Right Angle, Fatal, N, N
US,2,0,0,0,2017, June, Tuesday,8:30,40, Dry, N, Daylight, Right Angle, Not Injured, N, N
US,2,0,0,0,2017, June, Friday,10:30,40, Dry, N, Daylight, Rear End, Minor Injury, N, N
US,2,0,0,1,2017, June, Friday,6:20,80, Wet, Y, Daylight, Right Angle, Minor Injury, N, N
US,2,0,0,2,2017, June, Thursday,14:40,40, Dry, N, Daylight, Rear End, Minor Injury, N, N
US,2,0,0,0,2017, June, Friday,0:50,60, Wet, Y, Daylight, Rear End, Not Injured, N, N
US,2,0,0,0,2017, June, Friday,10:50,40, Wet, Y, Daylight, Right Angle, Not Injured, N, N
US,2,0,0,0,2017, June, Friday,13:00,40, Wet, Y, Daylight, Right Angle, Minor Injury, N, N
US,3,0,0,0,2017, June, Friday,0:30,60, Wet, Y, Daylight, Rear End, Not Injured, N, N
US,3,0,0,0,2017, June, Friday,13:00,60, Dry, N, Daylight, Rear End, Minor Injury, N, N
US,2,0,0,0,2017, June, Friday,14:00,60, Wet, Y, Daylight, Right Angle, Minor Injury, N, N
US,3,0,0,0,2017, June, Friday,15:50,40, Wet, Y, Daylight, Head On, Not Injured, N, N
US,2,0,0,0,2017, April, Saturday,9:20,90, Dry, N, Daylight, Side Swipe, Not Injured, N, N
US,6,0,0,2,2017, June, Friday,9:50,90, Dry, N, Daylight, Rear End, Minor Injury, N, N
US,2,0,0,0,2017, June, Wednesday,23:20,90, Dry, N, Night, Side Swipe, Minor Injury, N, N
US,2,0,0,0,2017, June, Friday,14:50,40, Wet, Y, Daylight, Rear End, Not Injured, N, N
US,2,0,0,1,2017, June, Friday,18:00,40, Wet, Y, Daylight, Hit Pedestrian, Minor Injury, N, N
US,2,0,0,0,2017, June, Friday,19:00,60, Wet, Y, Daylight, Rear End, Not Injured, N, N
US,5,0,0,0,2017, June, Friday,1:30,40, Wet, Y, Night, Rear End, Not Injured, Y, N
US,2,0,0,0,2017, June, Friday,20:20,40, Dry, N, Night, Right Angle, Not Injured, N, N
US,3,0,0,0,2017, June, Friday,21:40,40, Wet, Y, Night, Side Swipe, Not Injured, Y, N
US,2,0,0,0,2017, June, Monday,8:50,90, Wet, Y, Daylight, Right Angle, Not Injured, N, N
US,3,0,0,0,2017, June, Wednesday,8:40,90, Dry, N, Daylight, Rear End, Not Injured, N, N
US,4,0,0,0,2017, June, Friday,16:00,90, Dry, N, Daylight, Rear End, Not Injured, N, N
US,2,0,0,0,2017, June, Saturday,9:40,40, Dry, N, Daylight, Right Angle, Minor Injury, N, N
US,2,0,0,1,2017, June, Friday,0:10,20, Wet, Y, Daylight, Hit Pedestrian, Minor Injury, N, N
US,2,0,0,0,2017, June, Tuesday,16:40,70, Dry, N, Daylight, Right Angle, Not Injured, N, N
US,2,0,0,0,2017, June, Friday,16:20,70, Wet, Y, Daylight, Rear End, Not Injured, N, N
US,2,0,0,0,2017, June, Friday,0:20,60, Wet, Y, Daylight, Right Angle, Not Injured, N, N
US,2,0,0,1,2017, June, Thursday,16:00,70, Dry, N, Daylight, Rear End, Minor Injury, N, N
US,2,0,0,0,2017, June, Saturday,14:30,60, Dry, N, Daylight, Right Angle, Minor Injury, N, N
US,2,0,0,0,2017, June, Friday,18:00,60, Wet, N, Daylight, Right Angle, Minor Injury, N, N
US,3,0,0,1,2017, June, Saturday,14:00,70, Dry, N, Daylight, Rear End, Minor Injury, N, N
US,2,0,0,0,2017, June, Saturday,14:40,40, Dry, N, Daylight, Side Swipe, Not Injured, N, N
US,2,0,2,0,2017, June, Saturday,14:30,40, Dry, N, Daylight, Head On, Major Injury, N, N