Nation,Total Units,Total Fatalities,Total Serious Injuries,Total Minor Injuries,Year,Month,Day,Time,Speed Limit,Moisture,Adverse Weather Conditions,DayNight,Crash Type,Crash Severity,Alcohol Related ,Drug Related
US,2,0,0,0,2017, June, Tuesday,20:10,40, Dry, N, Daylight, Rear End, Not Injured, N, N
US,2,0,0,0,2017, June, Saturday,0:20,40, Dry, N, Night, Head On, Not Injured, N, N
US,3,0,0,0,2017, April, Monday,2:30,40, Dry, N, Night, Side Swipe, Not Injured, Y, N
US,3,0,0,0,2017, May, Monday,17:50,90, Dry, N, Night, Rear End, Minor Injury, N, N
US,3,0,0,0,2017, May, Friday,11:50,90, Dry, N, Daylight, Rear End, Minor Injury, N, N
US,2,0,0,0,2017, July, Wednesday,11:00,90, Dry, N, Daylight, Rear End, Not Injured, N, N
US,2,0,0,1,2017, July, Wednesday,20:40,40, Dry, N, Night, Right Angle, Minor Injury, N, N
US,2,0,0,0,2017, July, Sunday,1:30,60, Dry, N, Night, Right Angle, Not Injured, N, N
US,2,0,0,0,2017, July, Monday,8:30,40, Dry, N, Daylight, Right Angle, Not Injured, N, N
US,2,0,0,0,2017, July, Monday,16:00,40, Dry, N, Daylight, Right Angle, Not Injured, N, N
US,2,0,0,1,2017, July, Monday,16:50,40, Dry, Y, Daylight, Right Angle, Minor Injury, N, N
US,2,0,0,0,2017, July, Sunday,0:50,20, Dry, N, Daylight, Head On, Not Injured, N, N
US,2,0,0,0,2017, July, Friday,17:30,40, Dry, N, Daylight, Rear End, Minor Injury, N, N
US,2,0,0,0,2017, July, Monday,18:30,40, Wet, Y, Daylight, Head On, Not Injured, N, N
US,2,0,0,1,2017, July, Thursday,20:40,40, Dry, N, Night, Right Angle, Minor Injury, N, N
US,2,0,0,1,2017, June, Friday,19:20,60, Dry, N, Daylight, Rear End, Minor Injury, N, N
US,2,0,0,0,2017, July, Friday,5:30,60, Dry, N, Daylight, Side Swipe, Not Injured, N, N
US,2,0,0,1,2017, July, Sunday,3:10,40, Dry, N, Night, Right Angle, Minor Injury, N, N
US,2,0,0,1,2017, May, Saturday,18:30,60, Dry, N, Daylight, Rear End, Minor Injury, N, N
US,2,0,0,3,2017, May, Sunday,13:40,90, Wet, Y, Daylight, Right Angle, Minor Injury, N, N
US,3,0,0,1,2017, July, Friday,23:00,90, Dry, N, Night, Rear End, Minor Injury, N, N
US,2,0,0,0,2017, July, Monday,16:50,40, Wet, Y, Daylight, Right Angle, Not Injured, N, N
US,2,0,1,1,2017, July, Monday,8:40,60, Dry, N, Daylight, Rear End, Major Injury, N, N
US,2,0,1,0,2017, July, Monday,0:50,60, Wet, N, Daylight, Right Angle, Major Injury, N, N
US,2,0,0,1,2017, July, Monday,5:00,60, Dry, N, Night, Right Angle, Minor Injury, N, N
US,2,0,0,1,2017, July, Tuesday,11:00,40, Dry, N, Daylight, Hit Pedestrian, Minor Injury, N, N
US,2,0,0,1,2017, July, Tuesday,11:00,40, Dry, N, Daylight, Hit Pedestrian, Minor Injury, N, N
US,2,0,0,0,2017, July, Tuesday,13:10,40, Dry, N, Daylight, Hit Pedestrian, Minor Injury, N, N
US,2,0,0,1,2017, July, Monday,19:50,60, Dry, N, Daylight, Side Swipe, Minor Injury, N, N
US,2,0,0,0,2017, July, Tuesday,14:00,60, Dry, N, Daylight, Rear End, Not Injured, N, N
US,2,0,0,0,2017, July, Thursday,19:30,40, Dry, N, Daylight, Right Angle, Not Injured, N, N
US,2,0,0,0,2017, June, Friday,9:20,60, Wet, N, Daylight, Rear End, Minor Injury, N, N
US,2,0,0,0,2017, July, Tuesday,10:00,40, Dry, N, Daylight, Right Angle, Not Injured, N, N
US,2,0,0,0,2017, July, Tuesday,14:00,40, Dry, N, Daylight, Right Angle, Minor Injury, N, N
US,2,0,0,0,2017, July, Tuesday,18:40,40, Dry, N, Daylight, Right Angle, Not Injured, N, N
US,2,0,0,0,2017, July, Saturday,19:40,40, Dry, N, Daylight, Right Angle, Not Injured, N, N
US,2,0,0,0,2017, July, Sunday,15:50,40, Dry, N, Daylight, Right Angle, Minor Injury, N, N
US,2,0,0,0,2017, July, Tuesday,17:40,40, Wet, Y, Daylight, Right Angle, Not Injured, N, N
US,3,0,0,0,2017, July, Tuesday,14:50,60, Dry, N, Daylight, Right Angle, Not Injured, N, N
US,2,0,0,0,2017, July, Wednesday,7:50,40, Wet, Y, Daylight, Rear End, Not Injured, N, N
US,2,0,0,0,2017, July, Wednesday,7:50,40, Wet, Y, Daylight, Rear End, Not Injured, N, N
US,3,0,0,0,2017, July, Wednesday,10:10,90, Wet, N, Daylight, Rear End, Not Injured, N, N
US,2,0,0,0,2017, July, Wednesday,0:20,40, Dry, N, Daylight, Hit Pedestrian, Minor Injury, N, N
US,2,0,2,0,2017, July, Tuesday,16:00,40, Dry, N, Daylight, Rear End, Major Injury, N, N
US,2,0,0,2,2017, July, Wednesday,10:50,40, Dry, N, Daylight, Right Angle, Minor Injury, N, N
US,3,0,0,0,2017, July, Wednesday,14:40,60, Dry, N, Daylight, Rear End, Minor Injury, N, N
US,3,0,0,0,2017, July, Wednesday,15:20,40, Dry, N, Daylight, Rear End, Not Injured, Y, N
US,2,0,0,1,2017, July, Wednesday,15:10,40, Dry, N, Daylight, Hit Pedestrian, Minor Injury, N, N
US,2,0,0,1,2017, July, Wednesday,14:40,40, Dry, N, Daylight, Right Angle, Minor Injury, N, N
US,2,0,0,1,2017, July, Wednesday,15:30,60, Dry, N, Daylight, Rear End, Minor Injury, N, N
US,3,0,0,0,2017, July, Wednesday,16:50,40, Dry, N, Daylight, Rear End, Not Injured, N, N
US,2,0,0,0,2017, July, Wednesday,17:20,60, Dry, N, Daylight, Right Angle, Minor Injury, N, N
US,2,0,0,0,2017, July, Tuesday,15:50,70, Dry, N, Daylight, Rear End, Not Injured, N, N
US,5,0,0,1,2017, July, Wednesday,15:50,70, Dry, N, Daylight, Rear End, Minor Injury, N, N
US,2,0,0,0,2017, July, Wednesday,19:10,50, Dry, N, Daylight, Rear End, Not Injured, N, N
US,2,0,0,0,2017, July, Wednesday,20:40,40, Dry, N, Night, Rear End, Not Injured, N, N
US,2,0,0,0,2017, July, Wednesday,20:50,40, Dry, N, Daylight, Side Swipe, Not Injured, N, N
US,2,0,0,1,2017, July, Tuesday,18:10,50, Dry, N, Daylight, Rear End, Minor Injury, N, N
US,2,0,0,1,2017, July, Tuesday,23:50,60, Dry, N, Night, Right Angle, Minor Injury, N, N
US,2,0,0,0,2017, July, Tuesday,16:30,40, Dry, N, Daylight, Right Angle, Not Injured, N, N
US,2,0,0,1,2017, July, Wednesday,23:30,60, Dry, N, Night, Side Swipe, Minor Injury, N, N
US,2,0,0,0,2017, July, Wednesday,5:40,60, Wet, Y, Daylight, Rear End, Not Injured, N, N
US,2,0,0,0,2017, July, Wednesday,0:20,60, Dry, N, Daylight, Side Swipe, Not Injured, N, N
US,2,0,0,0,2017, July, Monday,11:30,40, Dry, N, Daylight, Right Angle, Not Injured, N, N
US,2,0,0,0,2017, July, Saturday,1:50,40, Dry, N, Night, Rear End, Not Injured, N, N
US,2,0,0,0,2017, July, Thursday,10:10,40, Wet, Y, Daylight, Right Angle, Not Injured, N, N
US,2,0,0,0,2017, July, Thursday,10:30,60, Wet, Y, Daylight, Right Angle, Not Injured, N, N
US,2,0,0,1,2017, July, Wednesday,15:40,40, Dry, N, Daylight, Rear End, Minor Injury, N, N
US,2,0,0,0,2017, July, Wednesday,20:00,40, Dry, N, Daylight, Right Angle, Not Injured, N, N
US,2,0,0,0,2017, July, Thursday,15:50,40, Dry, N, Daylight, Right Angle, Minor Injury, N, N
US,2,0,0,0,2017, July, Tuesday,16:50,40, Dry, N, Daylight, Rear End, Not Injured, N, N
US,2,0,0,0,2017, July, Sunday,13:20,90, Dry, N, Daylight, Rear End, Not Injured, N, N
US,2,0,0,1,2017, July, Wednesday,16:30,60, Dry, N, Daylight, Rear End, Minor Injury, N, N
US,2,0,0,0,2017, July, Monday,14:10,90, Dry, N, Daylight, Rear End, Not Injured, N, N
US,3,0,0,0,2017, July, Thursday,18:10,40, Dry, N, Daylight, Side Swipe, Not Injured, N, N
US,3,0,0,1,2017, July, Thursday,17:30,60, Dry, N, Daylight, Rear End, Minor Injury, N, N
US,2,0,0,0,2017, July, Friday,0:50,40, Wet, Y, Night, Right Angle, Not Injured, N, N
US,3,0,0,2,2017, June, Monday,19:10,60, Dry, N, Daylight, Right Angle, Minor Injury, N, N
US,2,0,0,1,2017, July, Thursday,17:00,60, Dry, N, Daylight, Hit Pedestrian, Minor Injury, N, N
US,3,0,0,1,2017, July, Thursday,0:20,40, Wet, Y, Daylight, Side Swipe, Minor Injury, N, N
US,2,0,0,0,2017, July, Friday,10:20,40, Wet, Y, Daylight, Rear End, Not Injured, N, N
US,3,0,0,0,2017, July, Friday,7:00,40, Wet, Y, Daylight, Right Angle, Minor Injury, N, N
US,2,0,0,0,2017, July, Friday,9:00,60, Dry, N, Daylight, Right Angle, Minor Injury, N, N
US,2,0,0,0,2017, July, Thursday,14:50,40, Dry, N, Daylight, Right Angle, Not Injured, N, N
US,2,0,0,1,2017, March, Friday,13:30,90, Wet, Y, Daylight, Rear End, Minor Injury, N, N
US,2,0,3,0,2017, July, Monday,4:20,70, Dry, N, Night, Right Angle, Major Injury, N, N
US,2,0,0,0,2017, July, Thursday,11:40,70, Wet, Y, Daylight, Rear End, Not Injured, N, N
US,3,0,0,0,2017, July, Friday,0:20,40, Dry, N, Daylight, Side Swipe, Not Injured, N, N
US,2,0,0,0,2017, July, Wednesday,15:50,60, Dry, N, Daylight, Right Angle, Minor Injury, N, N
US,2,0,0,0,2017, July, Thursday,18:40,60, Dry, N, Daylight, Right Angle, Not Injured, N, N
US,2,0,0,0,2017, July, Friday,16:10,40, Dry, N, Daylight, Right Angle, Not Injured, N, N
US,3,0,0,0,2017, July, Friday,15:30,90, Dry, N, Daylight, Side Swipe, Not Injured, N, N
US,3,0,0,0,2017, July, Friday,17:00,40, Dry, N, Daylight, Head On, Not Injured, N, N
US,2,0,0,0,2017, July, Friday,16:50,40, Dry, N, Daylight, Right Angle, Not Injured, N, N
US,2,0,0,0,2017, July, Tuesday,19:50,40, Dry, N, Daylight, Right Angle, Not Injured, N, N
US,2,0,0,0,2017, July, Wednesday,17:40,60, Dry, N, Daylight, Rear End, Not Injured, N, N
US,2,0,0,0,2017, July, Friday,21:00,40, Dry, N, Night, Right Angle, Minor Injury, N, N
US,2,0,0,1,2017, July, Friday,18:10,40, Dry, N, Daylight, Right Angle, Minor Injury, N, N
US,2,0,0,0,2017, July, Wednesday,16:00,60, Dry, N, Daylight, Right Angle, Not Injured, N, N
US,2,0,0,0,2017, June, Thursday,16:40,40, Dry, N, Daylight, Head On, Minor Injury, N, N
US,2,0,0,0,2017, July, Wednesday,6:50,70, Wet, Y, Daylight, Right Angle, Not Injured, N, N
US,2,0,0,0,2017, July, Saturday,10:40,40, Wet, Y, Daylight, Right Angle, Minor Injury, N, N
US,2,0,0,0,2017, July, Tuesday,18:00,70, Wet, N, Daylight, Right Angle, Not Injured, N, N
US,2,0,0,0,2017, July, Friday,8:10,60, Dry, N, Daylight, Rear End, Not Injured, N, N
US,2,0,1,0,2017, July, Saturday,7:20,40, Dry, N, Daylight, Right Angle, Major Injury, N, N
US,2,0,0,0,2017, July, Saturday,7:20,60, Dry, N, Daylight, Side Swipe, Not Injured, N, N
US,2,0,0,0,2017, July, Saturday,15:20,40, Dry, N, Daylight, Right Angle, Not Injured, N, N
US,2,0,0,0,2017, July, Friday,16:50,60, Dry, N, Daylight, Rear End, Not Injured, N, N
US,2,0,0,0,2017, July, Saturday,15:20,40, Dry, N, Daylight, Right Angle, Minor Injury, N, N
US,2,0,0,0,2017, July, Saturday,16:40,60, Dry, N, Daylight, Right Angle, Not Injured, N, N
US,2,0,0,0,2017, July, Saturday,0:00,70, Dry, N, Daylight, Rear End, Not Injured, N, N
US,6,0,0,1,2017, July, Saturday,16:10,90, Dry, N, Daylight, Rear End, Minor Injury, N, N
US,2,0,0,0,2017, July, Saturday,19:00,40, Dry, N, Daylight, Rear End, Not Injured, N, N
US,2,0,0,0,2017, July, Thursday,16:30,40, Dry, N, Daylight, Rear End, Not Injured, N, N
US,3,0,0,0,2017, July, Sunday,10:20,50, Dry, N, Daylight, Rear End, Not Injured, N, N
US,2,0,0,0,2017, July, Sunday,10:50,40, Dry, N, Daylight, Side Swipe, Not Injured, N, N
US,2,0,0,1,2017, July, Tuesday,16:30,60, Dry, N, Daylight, Rear End, Minor Injury, N, N
US,2,0,0,0,2017, July, Sunday,13:00,60, Dry, N, Daylight, Right Angle, Not Injured, N, N
US,2,0,0,0,2017, July, Saturday,21:40,40, Dry, N, Night, Right Angle, Minor Injury, N, N
US,2,0,0,0,2017, July, Saturday,22:40,60, Dry, N, Night, Right Angle, Not Injured, N, N
US,2,0,0,0,2017, July, Sunday,15:10,60, Dry, N, Daylight, Right Angle, Minor Injury, N, N
US,4,0,0,1,2017, July, Friday,15:20,90, Dry, N, Daylight, Rear End, Minor Injury, N, N
US,3,0,0,0,2017, July, Friday,19:00,40, Dry, N, Daylight, Right Angle, Not Injured, N, N
US,2,0,1,0,2017, July, Saturday,22:10,60, Dry, N, Night, Right Angle, Major Injury, N, N
US,3,0,0,0,2017, July, Sunday,16:10,60, Dry, N, Daylight, Head On, Minor Injury, N, N
US,2,0,0,0,2017, May, Monday,3:00,90, Dry, N, Night, Side Swipe, Not Injured, Y, N
US,2,0,0,0,2017, July, Saturday,6:10,90, Dry, N, Daylight, Rear End, Not Injured, N, N
US,3,0,0,0,2017, July, Friday,15:30,60, Dry, N, Daylight, Rear End, Not Injured, N, N
US,3,0,0,0,2017, July, Monday,8:40,60, Dry, N, Daylight, Rear End, Not Injured, N, N
US,3,0,0,0,2017, July, Monday,9:20,60, Dry, N, Daylight, Right Angle, Minor Injury, N, N
US,2,0,0,0,2017, July, Monday,14:40,60, Dry, N, Daylight, Right Angle, Not Injured, N, N
US,2,0,0,0,2017, July, Monday,16:00,60, Dry, N, Daylight, Rear End, Not Injured, N, N
US,2,0,0,0,2017, July, Sunday,22:00,40, Dry, N, Night, Side Swipe, Not Injured, N, N
US,2,0,0,0,2017, July, Monday,16:10,40, Dry, N, Daylight, Rear End, Minor Injury, N, N
US,2,0,0,0,2017, July, Thursday,0:30,20, Wet, Y, Daylight, Right Angle, Not Injured, N, N
US,2,0,0,2,2017, July, Saturday,16:40,70, Dry, N, Daylight, Right Angle, Minor Injury, N, N
US,3,0,0,2,2017, July, Monday,17:40,40, Dry, N, Daylight, Hit Pedestrian, Minor Injury, N, N
US,2,0,0,0,2017, July, Monday,19:50,40, Dry, N, Night, Right Angle, Not Injured, N, N
US,2,0,0,0,2017, July, Monday,13:10,90, Dry, N, Daylight, Rear End, Not Injured, N, N
US,2,0,0,0,2017, July, Tuesday,8:10,60, Dry, N, Daylight, Right Angle, Not Injured, N, N
US,2,0,0,0,2017, July, Tuesday,9:20,40, Dry, N, Daylight, Hit Pedestrian, Minor Injury, N, N
US,2,0,0,0,2017, July, Tuesday,11:40,60, Dry, N, Daylight, Right Angle, Not Injured, N, N
US,2,0,0,0,2017, July, Tuesday,0:00,40, Dry, N, Daylight, Right Angle, Not Injured, N, N
US,2,0,0,0,2017, July, Tuesday,14:00,60, Dry, N, Daylight, Rear End, Not Injured, N, N
US,2,0,0,1,2017, July, Tuesday,14:30,40, Dry, N, Daylight, Right Angle, Minor Injury, N, N
US,2,0,0,0,2017, July, Tuesday,16:30,20, Dry, N, Daylight, Side Swipe, Not Injured, N, N
US,2,0,0,0,2017, July, Tuesday,15:50,40, Dry, N, Daylight, Side Swipe, Not Injured, N, N
US,2,0,0,0,2017, July, Tuesday,16:40,60, Dry, N, Daylight, Rear End, Not Injured, N, N
US,3,0,0,0,2017, July, Tuesday,17:20,60, Dry, N, Daylight, Rear End, Not Injured, N, N
US,2,0,0,0,2017, July, Monday,11:00,30, Dry, N, Daylight, Right Angle, Not Injured, N, N
US,2,0,0,1,2017, July, Monday,14:40,60, Dry, N, Daylight, Right Angle, Minor Injury, N, N
US,2,0,0,0,2017, July, Wednesday,7:40,60, Dry, N, Daylight, Rear End, Not Injured, N, N
US,3,0,0,0,2017, July, Wednesday,8:00,60, Dry, N, Daylight, Rear End, Not Injured, N, N
US,2,0,0,0,2017, July, Tuesday,14:10,60, Dry, N, Daylight, Side Swipe, Not Injured, N, N
US,2,0,0,0,2017, July, Wednesday,8:50,40, Dry, N, Daylight, Head On, Not Injured, N, N
US,2,0,0,0,2017, July, Wednesday,0:20,40, Dry, N, Daylight, Right Angle, Not Injured, N, N
US,2,0,0,0,2017, July, Tuesday,17:30,60, Dry, N, Daylight, Rear End, Not Injured, N, N
US,2,0,0,0,2017, July, Tuesday,18:00,40, Dry, N, Daylight, Rear End, Not Injured, N, N
US,2,0,0,0,2017, July, Tuesday,15:00,90, Dry, N, Daylight, Rear End, Not Injured, N, N
US,2,0,0,0,2017, July, Wednesday,18:30,60, Dry, N, Daylight, Rear End, Not Injured, N, N
US,2,0,0,2,2017, July, Wednesday,19:00,50, Dry, N, Daylight, Right Angle, Minor Injury, N, N
US,2,0,1,0,2017, July, Wednesday,21:50,60, Dry, N, Night, Hit Pedestrian, Major Injury, N, N
US,3,0,0,0,2017, July, Monday,20:40,40, Wet, Y, Daylight, Side Swipe, Not Injured, N, N
US,2,0,0,0,2017, July, Saturday,17:20,90, Dry, N, Daylight, Right Angle, Not Injured, N, N
US,3,0,0,0,2017, July, Sunday,0:00,90, Dry, N, Daylight, Rear End, Minor Injury, N, N
US,2,0,0,0,2017, May, Wednesday,17:30,40, Wet, Y, Daylight, Rear End, Not Injured, N, N
US,2,0,0,0,2017, July, Thursday,8:50,40, Dry, N, Daylight, Right Angle, Not Injured, N, N
US,2,0,0,3,2017, July, Thursday,9:00,40, Dry, N, Daylight, Right Angle, Minor Injury, N, N
US,2,0,0,0,2017, July, Thursday,7:20,60, Dry, N, Daylight, Rear End, Not Injured, N, N
US,2,0,0,0,2017, June, Wednesday,16:30,60, Dry, N, Daylight, Rear End, Not Injured, N, N
US,2,0,0,0,2017, July, Monday,13:30,60, Dry, N, Daylight, Right Angle, Minor Injury, N, N
US,2,0,0,1,2017, July, Thursday,13:20,70, Dry, N, Daylight, Head On, Minor Injury, N, N
US,4,0,0,0,2017, July, Wednesday,21:20,40, Dry, N, Night, Side Swipe, Not Injured, N, N
US,2,0,0,0,2017, July, Thursday,15:00,40, Dry, N, Daylight, Side Swipe, Not Injured, N, N
US,2,0,0,0,2017, July, Thursday,15:40,60, Dry, N, Daylight, Rear End, Not Injured, N, N
US,2,0,0,0,2017, July, Monday,18:50,40, Dry, N, Daylight, Right Angle, Not Injured, N, N
US,2,0,0,0,2017, July, Monday,16:10,60, Dry, N, Daylight, Rear End, Not Injured, N, N
US,2,0,0,0,2017, July, Thursday,17:50,40, Dry, N, Daylight, Right Angle, Not Injured, N, N
US,3,0,0,1,2017, July, Thursday,14:20,60, Dry, N, Daylight, Rear End, Minor Injury, N, N
US,2,0,0,0,2017, July, Friday,16:50,40, Dry, N, Daylight, Right Angle, Not Injured, N, N
US,2,0,0,0,2017, July, Thursday,23:20,40, Dry, N, Night, Right Angle, Not Injured, N, N
US,2,0,0,1,2017, July, Friday,2:40,60, Dry, N, Night, Rear End, Minor Injury, N, N
US,2,0,0,0,2017, July, Friday,9:20,90, Wet, N, Daylight, Rear End, Not Injured, N, N
US,2,0,0,0,2017, July, Thursday,0:50,40, Dry, N, Daylight, Right Angle, Minor Injury, N, N
US,2,0,0,0,2017, July, Wednesday,17:50,40, Dry, N, Daylight, Right Angle, Not Injured, N, N
US,2,0,0,0,2017, July, Friday,8:50,40, Dry, N, Daylight, Right Angle, Not Injured, N, N
US,2,0,0,0,2017, July, Thursday,17:10,50, Dry, N, Daylight, Right Angle, Not Injured, N, N
US,3,0,0,0,2017, July, Friday,9:30,40, Dry, N, Daylight, Side Swipe, Not Injured, N, N
US,3,0,0,0,2017, July, Friday,11:40,40, Dry, N, Daylight, Right Angle, Not Injured, N, N
US,2,0,0,2,2017, July, Friday,14:40,40, Dry, N, Daylight, Rear End, Minor Injury, N, N
US,3,0,0,0,2017, July, Monday,21:30,40, Dry, N, Night, Side Swipe, Not Injured, Y, N
US,2,0,0,0,2017, July, Saturday,14:00,90, Dry, N, Daylight, Side Swipe, Not Injured, N, N
US,2,0,0,0,2017, July, Friday,15:50,40, Dry, N, Daylight, Right Angle, Not Injured, N, N
US,2,0,0,0,2017, July, Friday,16:30,60, Dry, N, Daylight, Rear End, Not Injured, N, N
US,3,0,0,0,2017, July, Sunday,16:30,60, Dry, N, Daylight, Rear End, Not Injured, N, N
US,2,0,0,0,2017, July, Friday,17:30,60, Dry, N, Daylight, Rear End, Not Injured, N, N
US,2,0,0,0,2017, July, Friday,6:30,50, Dry, N, Daylight, Rear End, Minor Injury, N, N
US,3,0,0,0,2017, July, Friday,19:40,50, Dry, N, Daylight, Side Swipe, Not Injured, N, N
US,4,0,0,2,2017, July, Saturday,0:30,60, Dry, N, Night, Right Angle, Minor Injury, Y, N
US,2,0,0,0,2017, July, Wednesday,18:30,40, Dry, N, Daylight, Rear End, Not Injured, N, N
US,2,0,0,1,2017, July, Friday,20:40,40, Dry, N, Night, Right Angle, Minor Injury, N, N
US,2,0,0,0,2017, July, Saturday,10:30,60, Wet, Y, Daylight, Rear End, Not Injured, N, N
US,2,0,0,0,2017, July, Saturday,0:00,40, Wet, Y, Daylight, Rear End, Not Injured, N, N
US,2,0,0,0,2017, July, Sunday,21:00,40, Dry, N, Night, Side Swipe, Not Injured, Y, N
US,2,0,0,0,2017, July, Friday,22:00,60, Dry, N, Night, Rear End, Not Injured, N, N
US,2,0,0,0,2017, July, Saturday,16:20,40, Dry, N, Daylight, Right Angle, Not Injured, N, N
US,3,0,0,0,2017, July, Saturday,15:10,40, Dry, N, Daylight, Right Angle, Not Injured, N, N
US,2,0,0,0,2017, July, Saturday,18:30,60, Dry, N, Daylight, Right Angle, Not Injured, N, N
US,2,0,1,0,2017, July, Saturday,15:10,40, Dry, N, Daylight, Rear End, Major Injury, N, N
US,2,0,0,0,2017, July, Saturday,21:10,40, Dry, N, Night, Head On, Not Injured, N, N
US,2,0,0,0,2017, July, Friday,11:40,40, Dry, N, Daylight, Head On, Not Injured, N, N
US,2,0,0,2,2017, July, Friday,0:00,60, Dry, N, Daylight, Rear End, Minor Injury, N, N
US,2,0,0,0,2017, July, Tuesday,8:20,40, Dry, N, Daylight, Rear End, Not Injured, N, N
US,2,0,0,0,2017, July, Thursday,22:20,40, Dry, N, Night, Rear End, Not Injured, Y, N
US,2,0,0,0,2017, July, Sunday,14:00,30, Wet, Y, Daylight, Side Swipe, Minor Injury, N, N
US,2,0,0,0,2017, July, Sunday,15:20,60, Dry, N, Daylight, Rear End, Not Injured, N, N
US,3,0,0,0,2017, July, Sunday,16:00,50, Dry, N, Daylight, Rear End, Not Injured, N, N
US,2,0,0,0,2017, July, Sunday,18:10,20, Dry, N, Daylight, Right Angle, Not Injured, N, N
US,3,0,0,0,2017, July, Tuesday,22:00,60, Dry, N, Night, Rear End, Minor Injury, Y, N
US,2,0,0,0,2017, July, Wednesday,17:30,40, Dry, N, Daylight, Rear End, Not Injured, N, N
US,2,0,0,0,2017, July, Monday,7:20,60, Dry, N, Daylight, Rear End, Not Injured, N, N
US,2,0,0,0,2017, July, Monday,17:30,60, Dry, N, Daylight, Right Angle, Not Injured, N, N
US,4,0,1,0,2017, July, Monday,11:00,40, Dry, N, Daylight, Right Angle, Major Injury, N, N
US,2,0,0,0,2017, July, Friday,8:10,40, Dry, N, Daylight, Rear End, Minor Injury, N, N
US,3,0,0,0,2017, July, Monday,15:20,60, Dry, N, Daylight, Right Angle, Not Injured, N, N
US,2,0,1,0,2017, July, Monday,14:30,40, Dry, N, Daylight, Right Angle, Major Injury, N, N
US,3,0,0,0,2017, July, Wednesday,16:20,70, Dry, N, Daylight, Rear End, Not Injured, N, N
US,3,0,1,0,2017, July, Monday,15:30,40, Dry, N, Daylight, Right Angle, Major Injury, N, N
US,3,0,0,0,2017, July, Monday,16:30,90, Dry, N, Daylight, Rear End, Not Injured, N, N
US,2,0,0,0,2017, July, Thursday,6:40,90, Dry, N, Daylight, Rear End, Not Injured, N, N
US,3,0,0,0,2017, July, Monday,16:30,60, Dry, N, Daylight, Side Swipe, Minor Injury, N, N
US,2,0,0,1,2017, July, Sunday,0:50,40, Wet, Y, Daylight, Rear End, Minor Injury, N, N
US,5,0,0,2,2017, July, Friday,6:20,90, Dry, N, Daylight, Rear End, Minor Injury, N, N
US,2,0,0,1,2017, July, Saturday,20:20,90, Dry, N, Daylight, Rear End, Minor Injury, N, N
US,2,0,0,0,2017, July, Sunday,11:50,90, Dry, N, Daylight, Side Swipe, Not Injured, N, N
US,2,0,0,0,2017, July, Monday,18:20,40, Dry, N, Daylight, Right Angle, Not Injured, N, N
US,2,0,0,0,2017, July, Monday,19:50,40, Dry, N, Daylight, Head On, Minor Injury, N, N
US,2,0,0,0,2017, July, Monday,20:20,40, Dry, N, Daylight, Right Angle, Not Injured, N, N
US,2,0,0,0,2017, July, Monday,20:40,40, Dry, N, Night, Hit Pedestrian, Minor Injury, N, N
US,2,0,0,0,2017, May, Sunday,15:40,40, Dry, N, Daylight, Head On, Not Injured, N, N
US,2,0,0,0,2017, July, Tuesday,6:30,40, Dry, N, Daylight, Rear End, Not Injured, N, N
US,2,0,0,0,2017, July, Monday,17:10,70, Dry, N, Daylight, Right Angle, Not Injured, N, N
US,2,0,0,0,2017, July, Tuesday,8:20,40, Dry, N, Daylight, Side Swipe, Not Injured, N, N
US,2,0,0,0,2017, July, Tuesday,8:10,40, Dry, N, Daylight, Right Angle, Not Injured, N, N
US,2,0,0,0,2017, July, Tuesday,8:30,40, Dry, N, Daylight, Side Swipe, Minor Injury, N, N
US,2,0,0,0,2017, July, Saturday,14:20,40, Dry, N, Daylight, Right Angle, Minor Injury, N, N
US,2,0,0,1,2017, July, Monday,14:10,60, Dry, N, Daylight, Rear End, Minor Injury, N, N
US,2,0,0,0,2017, July, Monday,13:00,70, Wet, Y, Daylight, Rear End, Not Injured, N, N
US,2,0,0,0,2017, July, Tuesday,13:20,20, Dry, N, Daylight, Right Angle, Minor Injury, N, N
US,2,0,0,0,2017, July, Tuesday,13:30,40, Dry, N, Daylight, Side Swipe, Not Injured, N, N
US,2,0,0,0,2017, July, Tuesday,14:30,60, Dry, N, Daylight, Head On, Not Injured, N, N
US,2,0,0,0,2017, July, Tuesday,14:50,60, Dry, N, Daylight, Right Angle, Not Injured, N, N
US,2,0,0,1,2017, July, Tuesday,15:40,40, Dry, N, Daylight, Side Swipe, Minor Injury, N, N
US,2,0,0,0,2017, July, Thursday,5:40,90, Dry, N, Night, Right Angle, Minor Injury, N, N
US,4,0,0,0,2017, July, Sunday,0:50,90, Dry, N, Daylight, Rear End, Not Injured, N, N
US,2,0,0,0,2017, July, Tuesday,16:50,40, Dry, N, Daylight, Rear End, Not Injured, N, N
US,2,0,0,0,2017, July, Saturday,20:00,50, Wet, Y, Daylight, Head On, Not Injured, N, N
US,4,0,0,0,2017, July, Tuesday,18:20,60, Dry, N, Daylight, Rear End, Not Injured, N, N
US,2,0,0,2,2017, July, Saturday,4:20,70, Dry, N, Night, Right Angle, Minor Injury, N, N
US,2,0,0,1,2017, July, Saturday,0:50,40, Dry, N, Night, Head On, Minor Injury, N, N
US,2,0,0,0,2017, July, Saturday,13:40,60, Dry, N, Daylight, Rear End, Minor Injury, N, N
US,2,0,0,0,2017, July, Tuesday,10:10,40, Dry, N, Daylight, Rear End, Not Injured, N, N
US,2,0,0,0,2017, July, Wednesday,7:40,40, Dry, N, Daylight, Right Angle, Minor Injury, N, N