Nation,Total Units,Total Fatalities,Total Serious Injuries,Total Minor Injuries,Year,Month,Day,Time,Speed Limit,Moisture,Adverse Weather Conditions,DayNight,Crash Type,Crash Severity,Alcohol Related ,Drug Related
US,2,0,0,0,2017, July, Wednesday,8:20,40, Dry, N, Daylight, Head On, Not Injured, N, N
US,2,0,0,0,2017, July, Wednesday,9:10,40, Dry, N, Daylight, Right Angle, Not Injured, N, N
US,2,0,0,0,2017, July, Wednesday,11:40,40, Dry, N, Daylight, Rear End, Not Injured, N, N
US,2,0,0,1,2017, July, Wednesday,13:20,60, Dry, N, Daylight, Side Swipe, Minor Injury, N, N
US,2,0,0,0,2017, July, Wednesday,14:40,40, Dry, N, Daylight, Right Angle, Not Injured, N, N
US,2,0,0,0,2017, July, Sunday,18:00,40, Dry, N, Daylight, Right Angle, Minor Injury, N, N
US,2,0,0,1,2017, May, Tuesday,6:00,90, Dry, N, Daylight, Side Swipe, Minor Injury, N, N
US,2,0,0,0,2017, July, Tuesday,8:50,90, Dry, N, Daylight, Rear End, Not Injured, N, N
US,2,0,0,0,2017, July, Wednesday,17:30,30, Dry, N, Daylight, Right Angle, Not Injured, N, N
US,2,0,0,0,2017, July, Wednesday,17:10,40, Dry, N, Daylight, Side Swipe, Not Injured, N, N
US,3,0,0,0,2017, July, Wednesday,17:20,40, Dry, N, Daylight, Rear End, Minor Injury, N, N
US,2,0,0,0,2017, July, Thursday,18:30,60, Dry, N, Daylight, Head On, Minor Injury, N, N
US,3,0,0,0,2017, July, Thursday,22:20,70, Dry, N, Night, Head On, Not Injured, N, N
US,2,0,0,0,2017, July, Wednesday,21:10,40, Dry, N, Night, Rear End, Not Injured, N, N
US,2,0,0,1,2017, July, Tuesday,23:20,40, Dry, N, Night, Side Swipe, Minor Injury, N, N
US,2,0,1,0,2017, July, Wednesday,19:00,40, Dry, N, Daylight, Right Angle, Major Injury, N, N
US,4,0,0,0,2017, July, Wednesday,16:20,90, Dry, N, Daylight, Rear End, Not Injured, N, N
US,2,0,0,0,2017, July, Wednesday,0:50,60, Dry, N, Daylight, Right Angle, Not Injured, N, N
US,2,0,0,2,2017, July, Wednesday,10:50,40, Dry, N, Daylight, Rear End, Minor Injury, N, N
US,2,0,0,0,2017, July, Saturday,14:20,60, Dry, N, Daylight, Rear End, Not Injured, N, N
US,2,0,0,0,2017, July, Monday,13:40,60, Dry, N, Daylight, Rear End, Not Injured, N, N
US,2,0,0,0,2017, July, Thursday,0:30,40, Dry, N, Daylight, Right Angle, Not Injured, N, N
US,3,0,0,0,2017, July, Wednesday,14:50,40, Dry, N, Daylight, Rear End, Not Injured, N, N
US,2,0,0,0,2017, July, Tuesday,20:10,40, Dry, N, Night, Right Angle, Not Injured, N, N
US,3,0,0,1,2017, July, Thursday,15:40,40, Dry, N, Daylight, Rear End, Minor Injury, N, N
US,2,0,0,0,2017, July, Thursday,15:40,40, Dry, N, Daylight, Right Angle, Not Injured, N, N
US,2,0,0,0,2017, July, Thursday,16:00,60, Dry, N, Daylight, Side Swipe, Not Injured, N, N
US,3,0,0,0,2017, July, Thursday,16:40,40, Dry, N, Daylight, Right Angle, Not Injured, N, N
US,2,0,0,0,2017, July, Wednesday,18:00,70, Dry, N, Daylight, Rear End, Not Injured, N, N
US,3,0,0,0,2017, July, Wednesday,13:40,90, Dry, N, Daylight, Rear End, Not Injured, N, N
US,2,0,0,0,2017, July, Wednesday,17:10,40, Dry, N, Daylight, Right Angle, Not Injured, N, N
US,2,0,0,1,2017, July, Thursday,15:40,60, Dry, N, Daylight, Rear End, Minor Injury, N, N
US,2,0,0,0,2017, July, Thursday,18:50,60, Dry, N, Daylight, Rear End, Not Injured, N, N
US,4,0,0,0,2017, July, Thursday,18:10,50, Dry, N, Daylight, Right Angle, Minor Injury, N, N
US,2,0,0,0,2017, July, Thursday,19:30,40, Dry, N, Daylight, Right Angle, Not Injured, N, N
US,2,0,0,1,2017, July, Wednesday,11:20,60, Dry, N, Daylight, Rear End, Minor Injury, N, N
US,2,1,0,0,2017, July, Thursday,13:50,40, Dry, N, Daylight, Right Angle, Fatal, N, N
US,2,0,0,1,2017, July, Thursday,22:20,40, Wet, N, Night, Rear End, Minor Injury, Y, N
US,2,0,0,1,2017, July, Thursday,23:30,40, Dry, N, Night, Rear End, Minor Injury, N, N
US,2,0,0,0,2017, July, Friday,6:50,60, Dry, N, Daylight, Rear End, Not Injured, N, N
US,2,0,0,0,2017, July, Friday,8:30,60, Dry, N, Daylight, Rear End, Not Injured, N, N
US,2,0,0,0,2017, July, Friday,9:50,40, Dry, N, Daylight, Right Angle, Not Injured, N, N
US,2,0,1,0,2017, July, Wednesday,18:40,60, Dry, N, Daylight, Rear End, Major Injury, Y, N
US,2,0,0,0,2017, July, Friday,14:40,60, Dry, N, Daylight, Rear End, Not Injured, N, N
US,5,0,0,0,2017, July, Thursday,23:10,60, Wet, Y, Night, Rear End, Not Injured, N, N
US,2,0,0,0,2017, July, Thursday,19:50,40, Dry, N, Daylight, Right Angle, Minor Injury, N, N
US,2,0,0,1,2017, July, Wednesday,13:10,40, Dry, N, Daylight, Rear End, Minor Injury, N, N
US,2,0,0,2,2017, July, Friday,15:30,90, Dry, N, Daylight, Right Angle, Minor Injury, N, N
US,2,0,0,0,2017, July, Friday,16:00,90, Dry, N, Daylight, Rear End, Minor Injury, N, N
US,2,0,0,0,2017, July, Thursday,20:40,50, Dry, N, Night, Right Angle, Not Injured, N, N
US,2,0,0,0,2017, July, Friday,17:20,40, Dry, N, Daylight, Head On, Minor Injury, N, N
US,2,0,0,0,2017, July, Monday,18:50,40, Dry, N, Daylight, Right Angle, Not Injured, N, N
US,2,0,0,0,2017, July, Friday,18:50,40, Wet, Y, Daylight, Rear End, Not Injured, N, N
US,3,0,0,0,2017, July, Friday,16:10,40, Wet, Y, Daylight, Rear End, Not Injured, N, N
US,2,0,0,0,2017, July, Friday,20:20,40, Wet, Y, Night, Right Angle, Not Injured, N, N
US,2,0,0,0,2017, July, Friday,20:10,40, Wet, Y, Night, Right Angle, Not Injured, N, N
US,2,0,0,0,2017, July, Friday,20:00,40, Wet, Y, Daylight, Side Swipe, Not Injured, N, N
US,2,0,0,1,2017, July, Saturday,1:40,60, Wet, Y, Night, Rear End, Minor Injury, N, N
US,3,0,0,0,2017, July, Saturday,2:00,40, Wet, Y, Night, Rear End, Not Injured, N, N
US,2,0,0,1,2017, July, Friday,23:00,40, Wet, Y, Night, Right Angle, Minor Injury, N, N
US,3,0,0,1,2017, July, Friday,5:50,40, Dry, N, Daylight, Rear End, Minor Injury, N, N
US,4,0,0,0,2017, July, Saturday,1:10,40, Wet, Y, Night, Side Swipe, Not Injured, N, N
US,2,0,0,2,2017, July, Saturday,4:30,60, Wet, Y, Night, Head On, Minor Injury, Y, N
US,2,0,0,0,2017, July, Friday,8:10,110, Dry, N, Daylight, Rear End, Not Injured, N, N
US,2,0,0,0,2017, July, Wednesday,7:00,70, Dry, N, Daylight, Rear End, Not Injured, N, N
US,2,0,0,1,2017, July, Friday,10:00,40, Dry, N, Daylight, Right Angle, Minor Injury, N, N
US,2,0,0,0,2017, July, Saturday,0:50,60, Dry, N, Daylight, Right Angle, Not Injured, N, N
US,2,0,0,0,2017, July, Friday,19:40,60, Wet, Y, Daylight, Rear End, Minor Injury, N, N
US,2,0,0,0,2017, July, Saturday,14:20,60, Dry, N, Daylight, Right Angle, Minor Injury, N, N
US,2,0,0,0,2017, July, Saturday,15:50,60, Dry, N, Daylight, Rear End, Not Injured, N, N
US,2,0,0,0,2017, May, Wednesday,8:10,90, Dry, N, Daylight, Rear End, Minor Injury, N, N
US,4,0,0,1,2017, May, Tuesday,6:00,90, Dry, N, Daylight, Rear End, Minor Injury, N, N
US,2,0,0,0,2017, July, Friday,15:10,110, Dry, N, Daylight, Rear End, Not Injured, N, N
US,2,0,0,0,2017, July, Saturday,17:30,70, Dry, N, Daylight, Right Angle, Not Injured, N, N
US,2,0,0,0,2017, July, Friday,21:40,30, Wet, Y, Night, Side Swipe, Not Injured, N, N
US,3,0,1,0,2017, July, Wednesday,18:00,60, Dry, N, Daylight, Side Swipe, Major Injury, N, N
US,2,0,0,0,2017, July, Saturday,19:10,40, Dry, N, Daylight, Right Angle, Not Injured, N, N
US,2,0,0,0,2017, July, Saturday,19:00,40, Dry, N, Daylight, Right Angle, Not Injured, N, N
US,4,0,0,0,2017, July, Saturday,20:10,40, Dry, N, Daylight, Rear End, Minor Injury, N, N
US,2,0,0,2,2017, July, Saturday,20:30,40, Dry, N, Night, Right Angle, Minor Injury, N, N
US,2,0,0,0,2017, July, Tuesday,17:00,70, Dry, N, Daylight, Rear End, Not Injured, N, N
US,2,0,0,1,2017, July, Saturday,20:00,40, Dry, N, Night, Rear End, Minor Injury, N, N
US,2,0,0,0,2017, July, Monday,9:50,60, Dry, N, Daylight, Rear End, Not Injured, N, N
US,2,0,0,0,2017, July, Saturday,0:40,70, Dry, N, Daylight, Right Angle, Minor Injury, N, N
US,2,0,0,1,2017, July, Wednesday,11:50,40, Dry, N, Daylight, Right Angle, Minor Injury, N, N
US,2,0,0,1,2017, July, Saturday,17:20,70, Dry, N, Daylight, Rear End, Minor Injury, N, N
US,2,0,0,0,2017, July, Sunday,16:50,60, Dry, N, Daylight, Right Angle, Not Injured, N, N
US,3,0,0,3,2017, July, Saturday,20:20,40, Dry, N, Daylight, Rear End, Minor Injury, N, N
US,3,0,0,1,2017, July, Sunday,19:10,40, Dry, N, Daylight, Right Angle, Minor Injury, N, N
US,2,0,0,0,2017, July, Saturday,21:50,40, Dry, N, Night, Right Angle, Not Injured, N, N
US,2,0,0,0,2017, July, Sunday,1:30,40, Dry, N, Night, Head On, Not Injured, N, N
US,2,0,0,1,2017, July, Friday,17:40,20, Wet, Y, Daylight, Right Angle, Minor Injury, Y, N
US,2,0,0,0,2017, July, Sunday,23:20,60, Dry, N, Night, Right Angle, Not Injured, N, N
US,2,0,0,0,2017, July, Thursday,13:40,40, Dry, N, Daylight, Side Swipe, Not Injured, N, N
US,2,0,0,0,2017, July, Thursday,8:20,90, Dry, N, Daylight, Rear End, Not Injured, N, N
US,2,0,0,0,2017, July, Thursday,16:40,60, Dry, N, Daylight, Side Swipe, Not Injured, N, N
US,2,0,0,0,2017, July, Sunday,14:20,60, Dry, N, Daylight, Right Angle, Not Injured, N, N
US,3,0,0,0,2017, July, Monday,9:00,60, Dry, N, Daylight, Rear End, Not Injured, N, N
US,2,0,0,1,2017, July, Sunday,9:30,50, Dry, N, Daylight, Rear End, Minor Injury, N, N
US,4,0,0,0,2017, July, Thursday,2:50,40, Dry, N, Night, Side Swipe, Not Injured, Y, N
US,2,0,0,0,2017, July, Thursday,16:20,60, Dry, N, Daylight, Right Angle, Not Injured, N, N
US,2,0,0,0,2017, July, Sunday,2:00,70, Dry, N, Night, Rear End, Minor Injury, Y, N
US,2,0,0,0,2017, July, Monday,19:10,40, Dry, N, Daylight, Head On, Not Injured, N, N
US,2,0,0,0,2017, July, Monday,15:10,40, Dry, N, Daylight, Right Angle, Minor Injury, N, N
US,2,0,0,2,2017, July, Friday,20:50,60, Wet, Y, Night, Rear End, Minor Injury, N, N
US,2,0,0,3,2017, July, Monday,14:40,60, Dry, N, Daylight, Side Swipe, Minor Injury, N, N
US,3,0,0,0,2017, July, Monday,15:40,40, Dry, N, Daylight, Right Angle, Not Injured, N, N
US,2,0,0,0,2017, July, Monday,16:00,60, Dry, N, Daylight, Rear End, Not Injured, N, N
US,2,0,0,0,2017, July, Sunday,4:10,60, Dry, N, Night, Side Swipe, Not Injured, N, N
US,2,0,0,0,2017, July, Friday,16:50,40, Dry, N, Daylight, Rear End, Not Injured, N, N
US,2,0,0,0,2017, July, Thursday,23:00,90, Wet, Y, Night, Rear End, Not Injured, N, N
US,2,0,0,0,2017, July, Friday,11:30,90, Dry, N, Daylight, Rear End, Not Injured, N, N
US,2,0,0,0,2017, July, Saturday,13:50,70, Dry, N, Daylight, Right Angle, Not Injured, N, N
US,4,0,0,0,2017, May, Wednesday,7:00,90, Dry, N, Daylight, Rear End, Not Injured, N, N
US,2,0,0,0,2017, July, Monday,16:00,60, Dry, N, Daylight, Head On, Not Injured, N, N
US,2,0,0,0,2017, July, Thursday,17:20,40, Dry, N, Daylight, Right Angle, Not Injured, N, N
US,2,0,0,0,2017, July, Monday,16:50,60, Dry, N, Daylight, Head On, Not Injured, N, N
US,2,0,0,0,2017, July, Monday,11:40,40, Dry, N, Daylight, Right Angle, Not Injured, N, N
US,2,0,0,0,2017, July, Saturday,0:30,60, Wet, Y, Night, Right Angle, Minor Injury, Y, N
US,2,0,0,0,2017, July, Saturday,14:00,40, Dry, N, Daylight, Right Angle, Minor Injury, N, N
US,2,0,0,1,2017, July, Monday,15:10,30, Dry, N, Daylight, Right Angle, Minor Injury, N, N
US,3,0,0,0,2017, July, Sunday,11:50,60, Dry, N, Daylight, Right Angle, Not Injured, N, N
US,2,0,0,0,2017, July, Tuesday,14:40,60, Dry, N, Daylight, Right Angle, Not Injured, N, N
US,2,0,0,0,2017, July, Monday,13:50,40, Dry, N, Daylight, Right Angle, Not Injured, N, N
US,2,0,1,0,2017, August, Tuesday,9:00,40, Dry, N, Daylight, Right Angle, Major Injury, N, N
US,2,0,0,0,2017, July, Monday,17:40,40, Dry, N, Daylight, Right Angle, Not Injured, N, N
US,2,0,0,0,2017, August, Tuesday,13:10,60, Wet, N, Daylight, Right Angle, Not Injured, N, N
US,2,0,0,0,2017, July, Monday,9:20,60, Dry, N, Daylight, Rear End, Not Injured, N, N
US,2,0,0,0,2017, August, Tuesday,16:00,40, Dry, N, Daylight, Right Angle, Not Injured, N, N
US,2,0,0,1,2017, July, Friday,16:30,40, Dry, N, Daylight, Right Angle, Minor Injury, N, N
US,2,0,0,0,2017, May, Tuesday,17:30,90, Dry, N, Daylight, Rear End, Not Injured, N, N
US,2,0,0,0,2017, July, Sunday,18:50,70, Dry, N, Daylight, Right Angle, Minor Injury, N, N
US,2,0,0,1,2017, August, Tuesday,13:10,40, Dry, N, Daylight, Rear End, Minor Injury, N, N
US,2,0,0,1,2017, July, Sunday,1:40,90, Dry, N, Night, Rear End, Minor Injury, N, N
US,2,0,0,0,2017, July, Sunday,0:00,90, Dry, N, Daylight, Rear End, Not Injured, N, N
US,2,0,0,0,2017, August, Tuesday,18:20,40, Dry, N, Daylight, Right Angle, Not Injured, N, N
US,2,0,0,0,2017, August, Tuesday,16:10,70, Dry, N, Daylight, Rear End, Not Injured, N, N
US,2,0,0,0,2017, August, Tuesday,19:00,40, Dry, N, Daylight, Rear End, Minor Injury, N, N
US,2,0,0,0,2017, July, Friday,13:00,90, Dry, N, Daylight, Rear End, Not Injured, N, N
US,2,0,0,0,2017, July, Saturday,10:50,60, Dry, N, Daylight, Right Angle, Minor Injury, N, N
US,3,0,0,1,2017, August, Tuesday,7:00,60, Dry, N, Daylight, Rear End, Minor Injury, N, N
US,3,0,0,0,2017, August, Tuesday,9:20,60, Dry, N, Daylight, Rear End, Not Injured, N, N
US,2,0,0,0,2017, August, Wednesday,8:10,40, Dry, N, Daylight, Rear End, Not Injured, N, N
US,2,0,0,1,2017, August, Wednesday,8:10,50, Dry, N, Daylight, Side Swipe, Minor Injury, N, N
US,2,0,0,0,2017, August, Wednesday,9:00,40, Dry, N, Daylight, Head On, Not Injured, N, N
US,2,0,0,0,2017, August, Wednesday,9:20,60, Dry, N, Daylight, Rear End, Not Injured, N, N
US,2,0,0,0,2017, August, Wednesday,8:40,60, Dry, N, Daylight, Right Angle, Not Injured, N, N
US,2,0,0,1,2017, July, Sunday,14:20,40, Dry, N, Daylight, Head On, Minor Injury, N, N
US,2,0,0,2,2017, August, Wednesday,9:30,40, Dry, N, Daylight, Head On, Minor Injury, N, N
US,3,0,0,0,2017, August, Wednesday,11:00,60, Dry, N, Daylight, Rear End, Not Injured, N, N
US,2,0,0,0,2017, August, Tuesday,11:00,40, Dry, N, Daylight, Rear End, Not Injured, Y, N
US,2,0,0,0,2017, August, Wednesday,0:00,40, Dry, N, Daylight, Right Angle, Not Injured, N, N
US,2,0,0,1,2017, August, Wednesday,17:10,40, Dry, N, Daylight, Hit Pedestrian, Minor Injury, N, N
US,2,0,0,0,2017, July, Sunday,16:00,90, Dry, N, Daylight, Side Swipe, Not Injured, N, N
US,2,0,0,0,2017, August, Wednesday,19:30,60, Wet, N, Daylight, Side Swipe, Not Injured, N, N
US,3,0,0,0,2017, August, Wednesday,16:50,70, Dry, N, Daylight, Rear End, Not Injured, N, N
US,2,0,0,0,2017, August, Wednesday,18:30,60, Dry, N, Daylight, Head On, Not Injured, N, N
US,2,0,0,0,2017, August, Tuesday,13:20,60, Dry, N, Daylight, Rear End, Not Injured, N, N
US,2,0,0,0,2017, August, Wednesday,17:10,40, Dry, N, Daylight, Side Swipe, Not Injured, N, N
US,2,0,0,0,2017, July, Thursday,10:50,110, Wet, Y, Daylight, Rear End, Not Injured, N, N
US,2,0,0,0,2017, August, Thursday,7:00,40, Dry, N, Daylight, Head On, Not Injured, N, N
US,2,0,0,0,2017, July, Monday,13:40,40, Dry, N, Daylight, Right Angle, Not Injured, N, N
US,2,0,0,0,2017, August, Tuesday,16:30,40, Dry, N, Daylight, Right Angle, Not Injured, N, N
US,2,0,0,0,2017, August, Thursday,7:40,40, Dry, N, Daylight, Right Angle, Not Injured, N, N
US,3,0,0,0,2017, July, Wednesday,0:50,60, Dry, N, Daylight, Rear End, Not Injured, N, N
US,2,0,0,0,2017, August, Thursday,0:20,60, Dry, N, Daylight, Side Swipe, Not Injured, N, N
US,2,0,0,1,2017, August, Thursday,11:50,30, Dry, N, Daylight, Hit Pedestrian, Minor Injury, N, N
US,2,0,1,0,2017, August, Thursday,11:10,40, Dry, N, Daylight, Right Angle, Major Injury, N, N
US,2,0,0,0,2017, August, Thursday,15:50,40, Dry, N, Daylight, Right Angle, Not Injured, N, N
US,2,0,0,1,2017, July, Thursday,13:30,40, Dry, N, Daylight, Hit Pedestrian, Minor Injury, N, N
US,4,0,0,0,2017, June, Thursday,0:40,90, Dry, N, Daylight, Rear End, Not Injured, N, N
US,2,0,0,0,2017, August, Thursday,17:00,40, Dry, N, Daylight, Side Swipe, Not Injured, N, N
US,2,0,0,0,2017, August, Thursday,18:00,90, Dry, N, Daylight, Rear End, Not Injured, Y, N
US,2,0,0,0,2017, August, Thursday,16:30,40, Dry, N, Daylight, Side Swipe, Not Injured, N, N
US,2,0,0,0,2017, August, Thursday,21:50,40, Dry, N, Night, Side Swipe, Not Injured, N, N
US,3,0,1,1,2017, August, Thursday,23:40,90, Dry, N, Night, Rear End, Major Injury, N, N
US,2,0,0,1,2017, August, Thursday,15:50,40, Dry, N, Daylight, Right Angle, Minor Injury, N, N
US,2,0,0,0,2017, August, Thursday,13:50,60, Dry, N, Daylight, Side Swipe, Not Injured, N, N
US,4,0,0,0,2017, August, Friday,7:40,60, Dry, N, Daylight, Rear End, Not Injured, N, N
US,2,0,0,0,2017, August, Friday,0:40,40, Dry, N, Daylight, Right Angle, Not Injured, N, N
US,2,0,0,0,2017, July, Sunday,0:30,40, Dry, N, Daylight, Right Angle, Minor Injury, N, N
US,2,0,0,0,2017, August, Friday,15:30,40, Wet, Y, Daylight, Rear End, Not Injured, N, N
US,3,0,0,0,2017, August, Friday,15:30,60, Wet, N, Daylight, Side Swipe, Not Injured, N, N
US,3,0,1,1,2017, August, Friday,15:50,40, Wet, N, Daylight, Rear End, Major Injury, N, N
US,2,0,0,0,2017, August, Friday,13:50,40, Dry, N, Daylight, Right Angle, Not Injured, N, N
US,2,0,0,1,2017, July, Monday,7:30,60, Dry, N, Daylight, Right Angle, Minor Injury, N, N
US,3,0,0,1,2017, August, Friday,17:40,60, Dry, N, Daylight, Rear End, Minor Injury, N, N
US,2,0,0,0,2017, August, Friday,19:20,50, Dry, N, Daylight, Right Angle, Not Injured, N, N
US,3,0,0,0,2017, August, Friday,15:10,60, Dry, N, Daylight, Rear End, Not Injured, N, N
US,2,0,0,0,2017, August, Friday,21:30,40, Wet, Y, Night, Right Angle, Minor Injury, N, N
US,2,0,0,1,2017, August, Friday,21:20,40, Wet, Y, Night, Right Angle, Minor Injury, N, N
US,2,0,0,1,2017, August, Tuesday,0:10,60, Dry, N, Daylight, Rear End, Minor Injury, N, N
US,2,0,0,0,2017, August, Saturday,0:40,40, Dry, N, Night, Rear End, Not Injured, N, N
US,4,0,0,0,2017, May, Friday,7:10,90, Dry, N, Daylight, Rear End, Not Injured, N, N
US,4,0,0,0,2017, May, Wednesday,8:40,90, Dry, N, Daylight, Rear End, Not Injured, N, N
US,2,0,0,0,2017, June, Sunday,21:30,90, Dry, N, Night, Rear End, Not Injured, Y, N
US,3,0,0,1,2017, July, Sunday,17:20,90, Dry, N, Daylight, Rear End, Minor Injury, Y, N
US,2,0,0,1,2017, July, Thursday,16:10,90, Dry, N, Daylight, Rear End, Minor Injury, N, N
US,2,0,0,1,2017, August, Friday,7:40,60, Dry, N, Daylight, Side Swipe, Minor Injury, N, N
US,2,0,0,0,2017, August, Friday,14:50,50, Wet, Y, Daylight, Side Swipe, Not Injured, N, N
US,2,0,0,0,2017, August, Saturday,8:10,40, Dry, N, Daylight, Rear End, Not Injured, Y, N
US,2,0,0,0,2017, August, Wednesday,14:40,60, Dry, N, Daylight, Right Angle, Minor Injury, N, N
US,2,0,0,0,2017, August, Saturday,10:30,40, Dry, N, Daylight, Right Angle, Minor Injury, N, N
US,2,0,0,1,2017, August, Saturday,18:00,60, Dry, N, Daylight, Right Angle, Minor Injury, N, N
US,2,0,0,0,2017, August, Friday,19:00,60, Dry, N, Daylight, Head On, Minor Injury, N, N
US,2,0,0,0,2017, August, Saturday,20:40,40, Dry, N, Night, Side Swipe, Minor Injury, N, N
US,3,0,0,1,2017, August, Saturday,19:00,60, Wet, N, Daylight, Rear End, Minor Injury, Y, N
US,3,0,0,0,2017, August, Saturday,21:50,40, Dry, N, Night, Right Angle, Not Injured, N, N
US,2,0,0,0,2017, August, Sunday,1:20,40, Dry, N, Night, Right Angle, Not Injured, N, N
US,3,0,0,0,2017, July, Friday,22:20,70, Dry, N, Night, Rear End, Minor Injury, N, N
US,3,0,0,1,2017, August, Thursday,9:20,90, Dry, N, Daylight, Rear End, Minor Injury, N, N
US,3,0,0,0,2017, August, Friday,17:10,90, Dry, N, Daylight, Rear End, Not Injured, N, N
US,2,0,0,0,2017, August, Wednesday,14:30,40, Dry, N, Daylight, Right Angle, Not Injured, N, N
US,5,0,0,0,2017, August, Saturday,14:40,40, Dry, N, Daylight, Side Swipe, Not Injured, Y, N
US,2,0,0,1,2017, August, Sunday,14:20,40, Dry, N, Daylight, Right Angle, Minor Injury, N, N
US,2,0,0,0,2017, August, Sunday,14:50,40, Dry, N, Daylight, Right Angle, Not Injured, N, N
US,3,0,0,0,2017, August, Sunday,18:10,40, Dry, N, Daylight, Side Swipe, Not Injured, N, N
US,2,0,0,0,2017, August, Sunday,16:30,60, Dry, N, Daylight, Right Angle, Not Injured, N, N
US,4,0,0,0,2017, August, Sunday,21:00,40, Dry, N, Night, Side Swipe, Not Injured, N, N
US,2,0,0,0,2017, August, Sunday,1:30,40, Dry, N, Night, Side Swipe, Not Injured, Y, N
US,2,0,0,0,2017, July, Wednesday,16:10,40, Dry, N, Daylight, Rear End, Not Injured, N, N
US,2,0,0,0,2017, August, Friday,15:40,40, Dry, N, Daylight, Rear End, Not Injured, N, N
US,2,2,0,0,2017, August, Sunday,22:00,70, Dry, N, Night, Head On, Fatal, N, N
US,2,0,0,1,2017, August, Saturday,11:20,40, Dry, N, Daylight, Right Angle, Minor Injury, N, N
US,3,0,0,0,2017, August, Monday,7:40,60, Wet, Y, Daylight, Rear End, Not Injured, N, N
US,2,0,0,1,2017, August, Monday,9:20,40, Wet, Y, Daylight, Rear End, Minor Injury, N, N
US,2,0,0,0,2017, August, Monday,9:10,60, Wet, Y, Daylight, Right Angle, Not Injured, N, N
US,2,0,0,0,2017, August, Monday,10:40,40, Wet, Y, Daylight, Rear End, Not Injured, N, N
US,2,0,0,1,2017, August, Monday,0:20,40, Dry, N, Daylight, Right Angle, Minor Injury, N, N
US,2,0,0,0,2017, August, Monday,9:40,70, Wet, Y, Daylight, Rear End, Minor Injury, N, N
US,2,0,0,0,2017, August, Monday,0:30,40, Wet, N, Daylight, Right Angle, Not Injured, N, N
US,2,0,0,0,2017, August, Monday,15:50,60, Dry, N, Daylight, Rear End, Minor Injury, N, N
US,2,0,0,0,2017, July, Tuesday,21:30,40, Dry, N, Night, Right Angle, Not Injured, N, N
US,3,0,0,0,2017, August, Friday,17:20,60, Dry, N, Daylight, Rear End, Not Injured, N, N
US,2,0,0,1,2017, August, Saturday,9:40,60, Dry, N, Daylight, Rear End, Minor Injury, N, N
US,2,0,0,0,2017, August, Friday,14:50,90, Wet, Y, Daylight, Side Swipe, Not Injured, N, N
US,2,0,0,0,2017, August, Friday,15:50,40, Wet, N, Daylight, Rear End, Not Injured, N, N
US,2,0,0,2,2017, August, Saturday,18:10,90, Dry, N, Daylight, Rear End, Minor Injury, N, N
US,4,0,0,0,2017, August, Monday,6:30,90, Dry, N, Daylight, Rear End, Not Injured, N, N
US,2,0,0,0,2017, August, Monday,10:10,90, Wet, Y, Daylight, Rear End, Not Injured, N, N
US,2,0,0,0,2017, August, Friday,14:20,60, Dry, N, Daylight, Right Angle, Minor Injury, N, N
US,2,0,0,0,2017, August, Monday,18:30,40, Dry, N, Daylight, Right Angle, Not Injured, N, N
US,2,0,0,0,2017, August, Monday,18:50,40, Dry, N, Daylight, Right Angle, Not Injured, N, N
US,2,0,0,0,2017, July, Friday,15:30,40, Dry, N, Daylight, Right Angle, Not Injured, N, N
US,2,0,0,0,2017, August, Monday,19:10,40, Dry, N, Daylight, Head On, Not Injured, N, N
US,2,0,0,0,2017, August, Tuesday,0:20,40, Dry, N, Daylight, Right Angle, Not Injured, N, N
US,2,0,0,0,2017, August, Monday,3:30,40, Dry, N, Night, Rear End, Minor Injury, N, N
US,2,0,0,0,2017, August, Monday,14:40,60, Dry, N, Daylight, Right Angle, Not Injured, N, N
US,2,0,0,0,2017, July, Wednesday,8:20,90, Dry, N, Daylight, Rear End, Not Injured, N, N
US,2,0,0,0,2017, July, Saturday,14:50,60, Dry, N, Daylight, Right Angle, Not Injured, N, N
US,2,0,0,0,2017, August, Tuesday,8:20,40, Dry, N, Daylight, Right Angle, Not Injured, N, N
US,2,0,0,0,2017, July, Thursday,9:30,70, Dry, N, Daylight, Rear End, Not Injured, N, N
US,2,0,0,0,2017, August, Tuesday,14:10,40, Dry, N, Daylight, Right Angle, Minor Injury, N, N
US,2,0,0,0,2017, August, Tuesday,13:00,40, Dry, N, Daylight, Rear End, Not Injured, N, N
US,2,0,0,0,2017, August, Tuesday,13:40,60, Dry, N, Daylight, Right Angle, Not Injured, N, N
US,2,0,0,0,2017, August, Tuesday,14:10,40, Dry, N, Daylight, Side Swipe, Minor Injury, N, N
US,3,0,0,0,2017, August, Tuesday,15:30,40, Dry, N, Daylight, Right Angle, Not Injured, N, N
US,2,0,0,0,2017, August, Sunday,21:50,70, Dry, N, Night, Side Swipe, Minor Injury, Y, N
US,2,0,0,1,2017, August, Tuesday,20:50,40, Dry, N, Night, Right Angle, Minor Injury, N, N
US,2,0,0,1,2017, August, Tuesday,21:10,40, Dry, N, Night, Right Angle, Minor Injury, N, N
US,2,0,0,0,2017, August, Thursday,0:10,60, Dry, N, Night, Head On, Not Injured, N, N