Nation,Total Units,Total Fatalities,Total Serious Injuries,Total Minor Injuries,Year,Month,Day,Time,Speed Limit,Moisture,Adverse Weather Conditions,DayNight,Crash Type,Crash Severity,Alcohol Related ,Drug Related
US,2,0,0,0,2017, July, Wednesday,19:00,40, Dry, N, Daylight, Right Angle, Not Injured, N, N
US,2,0,0,0,2017, August, Wednesday,5:10,60, Dry, N, Night, Side Swipe, Minor Injury, N, N
US,2,0,0,0,2017, June, Friday,4:50,40, Wet, Y, Night, Rear End, Not Injured, N, N
US,2,0,0,1,2017, August, Wednesday,7:00,40, Dry, N, Daylight, Head On, Minor Injury, N, N
US,2,0,0,0,2017, August, Sunday,2:20,40, Dry, N, Night, Side Swipe, Not Injured, Y, N
US,2,0,0,1,2017, August, Wednesday,17:00,40, Dry, N, Daylight, Side Swipe, Minor Injury, N, N
US,3,0,0,0,2017, August, Wednesday,13:00,40, Dry, N, Daylight, Right Angle, Not Injured, N, N
US,2,0,0,0,2017, August, Tuesday,14:30,60, Dry, N, Daylight, Right Angle, Not Injured, N, N
US,2,0,0,0,2017, August, Tuesday,10:00,60, Dry, N, Daylight, Rear End, Not Injured, N, N
US,3,0,0,0,2017, July, Monday,9:00,90, Dry, N, Daylight, Rear End, Minor Injury, N, N
US,3,0,0,0,2017, August, Monday,18:10,90, Dry, N, Daylight, Rear End, Not Injured, N, N
US,2,0,0,1,2017, August, Tuesday,9:30,70, Dry, N, Daylight, Right Angle, Minor Injury, N, N
US,2,0,0,0,2017, May, Thursday,3:50,90, Wet, Y, Night, Rear End, Not Injured, Y, N
US,2,0,0,0,2017, May, Friday,0:00,90, Wet, Y, Night, Rear End, Not Injured, N, N
US,2,0,0,0,2017, August, Wednesday,17:50,40, Dry, N, Daylight, Right Angle, Not Injured, N, N
US,2,0,0,0,2017, August, Monday,17:50,40, Dry, N, Daylight, Right Angle, Not Injured, N, N
US,4,0,0,1,2017, August, Wednesday,3:40,40, Dry, N, Night, Side Swipe, Minor Injury, N, N
US,2,0,0,0,2017, August, Tuesday,17:40,30, Dry, N, Daylight, Right Angle, Not Injured, N, N
US,2,0,0,0,2017, August, Tuesday,2:00,40, Dry, N, Night, Rear End, Not Injured, N, N
US,2,0,0,1,2017, May, Monday,19:30,90, Dry, N, Daylight, Side Swipe, Minor Injury, N, N
US,2,0,0,0,2017, August, Wednesday,15:20,40, Dry, N, Daylight, Right Angle, Not Injured, N, N
US,2,0,0,0,2017, August, Wednesday,13:50,40, Dry, N, Daylight, Right Angle, Not Injured, N, N
US,2,0,0,0,2017, August, Wednesday,0:00,60, Dry, N, Daylight, Right Angle, Not Injured, N, N
US,2,0,0,0,2017, August, Wednesday,14:10,60, Dry, N, Daylight, Right Angle, Minor Injury, N, N
US,2,0,0,0,2017, August, Wednesday,0:00,40, Dry, N, Daylight, Rear End, Minor Injury, N, N
US,2,0,1,0,2017, August, Wednesday,14:30,40, Dry, N, Daylight, Hit Pedestrian, Major Injury, N, N
US,2,0,0,0,2017, August, Monday,19:10,60, Dry, N, Daylight, Rear End, Not Injured, N, N
US,3,0,0,0,2017, August, Thursday,0:00,40, Dry, N, Daylight, Right Angle, Not Injured, N, N
US,2,0,0,0,2017, August, Wednesday,22:00,50, Dry, N, Night, Head On, Not Injured, N, N
US,2,0,0,1,2017, August, Thursday,15:20,60, Dry, N, Daylight, Rear End, Minor Injury, N, N
US,2,0,0,0,2017, August, Thursday,16:30,40, Dry, N, Daylight, Right Angle, Not Injured, N, N
US,2,0,0,0,2017, August, Thursday,16:10,40, Dry, N, Daylight, Head On, Not Injured, N, N
US,3,0,0,0,2017, August, Monday,17:20,70, Wet, Y, Daylight, Rear End, Not Injured, N, N
US,2,0,0,0,2017, August, Thursday,16:30,40, Dry, N, Daylight, Right Angle, Not Injured, N, N
US,3,0,0,0,2017, August, Thursday,17:30,60, Dry, N, Daylight, Rear End, Not Injured, Y, N
US,2,0,0,0,2017, August, Thursday,18:30,40, Dry, N, Daylight, Right Angle, Not Injured, N, N
US,2,0,0,0,2017, August, Thursday,15:00,90, Dry, N, Daylight, Rear End, Not Injured, N, N
US,2,0,0,0,2017, August, Thursday,0:50,40, Dry, N, Daylight, Rear End, Not Injured, N, N
US,5,0,0,0,2017, August, Thursday,15:10,60, Dry, N, Daylight, Head On, Minor Injury, N, N
US,3,0,0,0,2017, August, Friday,6:30,40, Dry, N, Daylight, Rear End, Not Injured, N, N
US,2,0,0,0,2017, August, Friday,10:30,40, Dry, N, Daylight, Rear End, Minor Injury, N, N
US,2,0,0,0,2017, August, Wednesday,0:20,40, Dry, N, Daylight, Right Angle, Not Injured, N, N
US,2,0,0,0,2017, August, Monday,8:40,40, Wet, Y, Daylight, Head On, Minor Injury, N, N
US,2,0,0,0,2017, August, Friday,11:20,40, Dry, N, Daylight, Rear End, Not Injured, N, N
US,2,0,0,0,2017, August, Friday,14:10,40, Dry, N, Daylight, Head On, Not Injured, N, N
US,2,0,0,0,2017, July, Wednesday,16:40,60, Dry, N, Daylight, Right Angle, Not Injured, N, N
US,2,0,0,0,2017, August, Friday,0:20,40, Dry, N, Daylight, Rear End, Not Injured, Y, N
US,2,0,0,0,2017, August, Friday,14:30,40, Dry, N, Daylight, Rear End, Not Injured, N, N
US,2,0,0,0,2017, August, Friday,16:50,60, Dry, N, Daylight, Right Angle, Not Injured, N, N
US,3,0,0,1,2017, August, Wednesday,14:20,60, Dry, N, Daylight, Side Swipe, Minor Injury, N, N
US,3,0,0,0,2017, August, Wednesday,19:20,60, Dry, N, Daylight, Head On, Not Injured, N, N
US,2,0,0,0,2017, August, Friday,17:40,40, Dry, N, Daylight, Head On, Not Injured, N, N
US,2,0,0,1,2017, August, Saturday,0:20,40, Dry, N, Night, Right Angle, Minor Injury, Y, N
US,2,0,0,2,2017, August, Saturday,0:00,40, Wet, N, Night, Right Angle, Minor Injury, Y, N
US,2,0,0,0,2017, July, Saturday,11:20,90, Wet, Y, Daylight, Rear End, Not Injured, N, N
US,2,0,0,1,2017, August, Thursday,6:20,90, Dry, N, Daylight, Rear End, Minor Injury, N, N
US,2,0,0,1,2017, August, Friday,14:20,40, Dry, N, Daylight, Head On, Minor Injury, N, N
US,2,0,0,1,2017, August, Thursday,8:00,60, Dry, N, Daylight, Head On, Minor Injury, N, N
US,2,0,0,2,2017, August, Saturday,9:50,40, Dry, N, Daylight, Right Angle, Minor Injury, N, N
US,3,0,0,0,2017, August, Saturday,8:00,40, Dry, N, Daylight, Right Angle, Not Injured, N, N
US,2,0,0,0,2017, August, Thursday,0:30,40, Dry, N, Daylight, Right Angle, Minor Injury, N, N
US,2,0,0,0,2017, August, Saturday,13:10,60, Dry, N, Daylight, Side Swipe, Minor Injury, N, N
US,2,0,0,1,2017, August, Saturday,14:00,70, Dry, N, Daylight, Rear End, Minor Injury, N, N
US,2,0,0,0,2017, August, Saturday,14:20,40, Dry, N, Daylight, Right Angle, Minor Injury, N, N
US,2,0,0,0,2017, August, Saturday,17:30,40, Dry, N, Daylight, Right Angle, Not Injured, N, N
US,2,0,0,1,2017, August, Wednesday,22:00,60, Dry, N, Night, Right Angle, Minor Injury, N, N
US,2,0,0,1,2017, August, Saturday,20:50,40, Dry, N, Night, Rear End, Minor Injury, N, N
US,2,0,0,0,2017, August, Saturday,22:30,40, Dry, N, Night, Rear End, Minor Injury, N, N
US,2,0,0,0,2017, August, Sunday,1:30,40, Dry, N, Night, Rear End, Not Injured, N, N
US,2,0,0,0,2017, August, Sunday,1:00,40, Dry, N, Night, Side Swipe, Not Injured, N, N
US,2,0,0,0,2017, August, Thursday,20:30,60, Wet, Y, Daylight, Rear End, Not Injured, N, N
US,2,0,0,0,2017, August, Saturday,14:40,40, Dry, N, Daylight, Side Swipe, Not Injured, N, N
US,2,0,0,0,2017, August, Saturday,0:20,70, Dry, N, Daylight, Rear End, Not Injured, N, N
US,3,0,0,1,2017, August, Sunday,9:40,40, Dry, N, Daylight, Right Angle, Minor Injury, N, N
US,2,0,0,0,2017, August, Monday,13:10,60, Dry, N, Daylight, Rear End, Not Injured, N, N
US,3,0,0,1,2017, August, Sunday,0:20,60, Dry, N, Daylight, Right Angle, Minor Injury, N, N
US,2,0,0,1,2017, August, Saturday,23:00,60, Dry, N, Night, Hit Pedestrian, Minor Injury, N, N
US,3,0,0,1,2017, August, Sunday,13:40,40, Dry, N, Daylight, Rear End, Minor Injury, N, N
US,2,0,0,0,2017, August, Tuesday,17:00,60, Dry, N, Daylight, Right Angle, Not Injured, N, N
US,2,0,0,1,2017, August, Sunday,13:50,40, Dry, N, Daylight, Rear End, Minor Injury, N, N
US,3,0,0,0,2017, August, Sunday,19:50,60, Dry, N, Daylight, Right Angle, Minor Injury, N, N
US,3,0,0,0,2017, August, Monday,8:30,40, Dry, N, Daylight, Side Swipe, Not Injured, N, N
US,2,0,0,0,2017, August, Sunday,0:50,40, Dry, N, Night, Right Angle, Not Injured, Y, N
US,2,0,0,8,2017, August, Monday,10:00,60, Dry, N, Daylight, Rear End, Minor Injury, N, N
US,3,0,0,1,2017, August, Monday,13:50,60, Dry, N, Daylight, Rear End, Minor Injury, N, N
US,2,0,0,0,2017, August, Saturday,20:10,90, Dry, N, Night, Rear End, Minor Injury, N, N
US,2,0,0,1,2017, August, Sunday,7:10,90, Dry, N, Daylight, Right Angle, Minor Injury, N, N
US,2,0,0,1,2017, August, Monday,15:40,70, Dry, N, Daylight, Right Angle, Minor Injury, N, N
US,2,0,0,0,2017, August, Monday,14:20,90, Dry, N, Daylight, Hit Pedestrian, Minor Injury, N, N
US,2,0,0,0,2017, July, Friday,15:20,50, Wet, Y, Daylight, Rear End, Not Injured, N, N
US,2,0,0,0,2017, August, Tuesday,6:20,40, Dry, N, Daylight, Side Swipe, Not Injured, N, N
US,2,0,0,1,2017, August, Monday,15:10,40, Dry, N, Daylight, Rear End, Minor Injury, N, N
US,2,0,0,0,2017, August, Thursday,7:50,40, Dry, N, Daylight, Rear End, Not Injured, N, N
US,2,0,0,0,2017, August, Tuesday,13:00,40, Dry, N, Daylight, Rear End, Not Injured, N, N
US,4,0,0,0,2017, August, Tuesday,0:40,60, Dry, N, Daylight, Rear End, Not Injured, N, N
US,2,0,0,0,2017, August, Friday,13:50,40, Dry, N, Daylight, Right Angle, Not Injured, N, N
US,2,0,0,0,2017, August, Monday,18:40,40, Dry, N, Daylight, Right Angle, Not Injured, N, N
US,4,0,0,0,2017, August, Monday,17:40,40, Dry, N, Daylight, Side Swipe, Not Injured, N, N
US,3,0,0,0,2017, August, Monday,13:40,40, Dry, N, Daylight, Right Angle, Minor Injury, N, N
US,2,0,0,0,2017, June, Saturday,9:30,90, Dry, N, Daylight, Rear End, Not Injured, N, N
US,2,0,0,0,2017, August, Wednesday,7:20,60, Dry, N, Daylight, Right Angle, Not Injured, N, N
US,2,0,0,0,2017, July, Thursday,23:40,90, Wet, Y, Night, Rear End, Not Injured, N, N
US,2,0,0,0,2017, August, Wednesday,14:30,90, Dry, N, Daylight, Rear End, Not Injured, N, N
US,2,0,0,1,2017, August, Tuesday,18:20,50, Dry, N, Daylight, Hit Pedestrian, Minor Injury, N, N
US,2,0,0,0,2017, August, Monday,22:00,60, Dry, N, Night, Rear End, Not Injured, N, N
US,2,0,0,0,2017, August, Wednesday,2:30,40, Dry, N, Night, Right Angle, Not Injured, N, N
US,2,0,0,0,2017, August, Sunday,3:10,40, Dry, N, Night, Right Angle, Minor Injury, N, N
US,2,0,0,0,2017, August, Wednesday,1:50,40, Dry, N, Night, Rear End, Not Injured, N, N
US,2,0,0,0,2017, August, Wednesday,20:20,40, Dry, N, Daylight, Right Angle, Not Injured, N, N
US,2,0,1,0,2017, August, Tuesday,0:40,60, Dry, N, Daylight, Hit Pedestrian, Major Injury, N, N
US,2,0,0,1,2017, August, Tuesday,0:30,40, Dry, N, Daylight, Right Angle, Minor Injury, N, N
US,2,0,0,0,2017, August, Tuesday,14:30,40, Dry, N, Daylight, Right Angle, Not Injured, N, N
US,6,0,0,0,2017, August, Wednesday,10:50,50, Dry, N, Daylight, Right Angle, Not Injured, N, N
US,2,0,0,0,2017, August, Wednesday,14:40,40, Dry, N, Daylight, Rear End, Not Injured, N, N
US,2,0,0,0,2017, August, Wednesday,16:10,40, Dry, N, Daylight, Right Angle, Minor Injury, N, N
US,2,0,0,0,2017, August, Wednesday,16:20,40, Dry, N, Daylight, Rear End, Not Injured, N, N
US,2,0,0,0,2017, August, Wednesday,17:10,40, Dry, N, Daylight, Rear End, Minor Injury, N, N
US,2,0,0,1,2017, August, Monday,21:30,20, Dry, N, Night, Rear End, Minor Injury, N, N
US,3,0,0,1,2017, July, Thursday,0:40,40, Dry, N, Daylight, Rear End, Minor Injury, N, N
US,2,0,0,0,2017, July, Friday,21:40,40, Wet, Y, Night, Side Swipe, Not Injured, Y, N
US,2,0,0,0,2017, August, Wednesday,16:20,60, Dry, N, Daylight, Side Swipe, Not Injured, N, N
US,2,0,0,0,2017, August, Tuesday,22:50,40, Dry, N, Night, Right Angle, Minor Injury, Y, N
US,2,0,0,0,2017, August, Wednesday,18:40,60, Dry, N, Daylight, Head On, Not Injured, N, N
US,2,0,0,0,2017, August, Wednesday,20:40,40, Dry, N, Night, Right Angle, Not Injured, N, N
US,2,0,0,0,2017, August, Wednesday,22:50,60, Dry, N, Night, Rear End, Not Injured, N, N
US,2,0,0,0,2017, August, Sunday,16:40,40, Dry, N, Daylight, Right Angle, Not Injured, N, N
US,2,0,0,0,2017, August, Sunday,11:40,90, Dry, N, Daylight, Rear End, Not Injured, N, N
US,2,0,0,3,2017, August, Wednesday,15:30,60, Dry, N, Daylight, Side Swipe, Minor Injury, N, N
US,2,0,0,0,2017, August, Wednesday,11:50,40, Dry, N, Daylight, Side Swipe, Minor Injury, N, N
US,2,0,0,0,2017, August, Wednesday,10:40,40, Dry, N, Daylight, Rear End, Not Injured, N, N
US,2,0,0,0,2017, August, Thursday,9:20,40, Dry, N, Daylight, Right Angle, Not Injured, N, N
US,2,0,0,3,2017, August, Monday,10:30,40, Dry, N, Daylight, Right Angle, Minor Injury, N, N
US,2,0,0,0,2017, August, Thursday,16:50,40, Dry, N, Daylight, Right Angle, Not Injured, N, N
US,2,0,0,0,2017, August, Thursday,5:10,40, Dry, N, Night, Right Angle, Not Injured, N, N
US,6,0,0,0,2017, August, Thursday,9:00,60, Dry, N, Daylight, Rear End, Not Injured, N, N
US,2,0,0,0,2017, August, Thursday,16:30,60, Dry, N, Daylight, Right Angle, Minor Injury, N, N
US,2,0,0,0,2017, August, Wednesday,18:10,60, Dry, N, Daylight, Right Angle, Minor Injury, N, N
US,2,0,0,0,2017, August, Wednesday,6:50,60, Dry, N, Daylight, Rear End, Not Injured, N, N
US,2,0,0,0,2017, August, Tuesday,3:10,90, Dry, N, Night, Right Angle, Not Injured, N, N
US,3,0,0,0,2017, August, Thursday,17:30,60, Dry, N, Daylight, Right Angle, Not Injured, N, N
US,2,0,0,0,2017, August, Thursday,15:50,40, Dry, N, Daylight, Rear End, Not Injured, N, N
US,2,0,0,0,2017, August, Wednesday,17:00,40, Dry, N, Daylight, Rear End, Not Injured, N, N
US,2,0,0,0,2017, August, Wednesday,19:10,40, Dry, N, Daylight, Right Angle, Not Injured, N, N
US,2,0,0,2,2017, August, Thursday,16:40,40, Wet, Y, Daylight, Rear End, Minor Injury, N, N
US,2,0,0,0,2017, August, Thursday,17:10,40, Dry, N, Daylight, Right Angle, Not Injured, N, N
US,2,0,0,0,2017, August, Thursday,17:00,60, Wet, Y, Daylight, Rear End, Not Injured, N, N
US,2,0,0,0,2017, August, Thursday,20:40,60, Wet, Y, Night, Side Swipe, Not Injured, N, N
US,2,0,1,0,2017, August, Wednesday,19:30,60, Dry, N, Night, Hit Pedestrian, Major Injury, N, N
US,2,0,0,0,2017, August, Thursday,19:00,40, Dry, N, Daylight, Side Swipe, Not Injured, N, N
US,3,0,0,0,2017, August, Thursday,21:50,20, Wet, Y, Night, Side Swipe, Not Injured, N, N
US,4,0,0,0,2017, August, Thursday,23:20,40, Dry, N, Night, Side Swipe, Minor Injury, N, N
US,2,0,0,1,2017, August, Friday,17:20,60, Dry, N, Daylight, Right Angle, Minor Injury, N, N
US,2,0,1,0,2017, August, Wednesday,11:10,40, Dry, N, Daylight, Head On, Major Injury, N, N
US,2,0,0,0,2017, August, Friday,8:30,60, Wet, Y, Daylight, Right Angle, Not Injured, N, N
US,2,0,0,1,2017, August, Friday,7:40,60, Wet, Y, Daylight, Right Angle, Minor Injury, N, N
US,3,0,0,1,2017, August, Wednesday,13:00,40, Dry, N, Daylight, Hit Pedestrian, Minor Injury, N, N
US,3,0,0,0,2017, August, Friday,10:00,40, Wet, Y, Daylight, Side Swipe, Not Injured, N, N
US,3,0,0,1,2017, August, Friday,13:00,70, Dry, N, Daylight, Rear End, Minor Injury, N, N
US,2,0,0,0,2017, August, Friday,11:30,40, Dry, N, Daylight, Rear End, Not Injured, N, N
US,2,0,0,0,2017, August, Friday,13:10,40, Dry, N, Daylight, Right Angle, Minor Injury, N, N
US,2,0,0,1,2017, August, Monday,22:00,60, Dry, N, Night, Head On, Minor Injury, N, N
US,2,0,0,0,2017, August, Friday,14:50,40, Dry, N, Daylight, Side Swipe, Minor Injury, N, N
US,2,0,0,1,2017, August, Friday,15:10,40, Dry, N, Daylight, Right Angle, Minor Injury, N, N
US,2,0,0,0,2017, August, Friday,15:00,40, Dry, N, Daylight, Right Angle, Not Injured, N, N
US,3,0,0,1,2017, August, Friday,15:30,60, Dry, N, Daylight, Right Angle, Minor Injury, N, N
US,2,0,0,0,2017, August, Friday,17:40,60, Dry, N, Daylight, Head On, Minor Injury, N, N
US,2,0,0,0,2017, August, Friday,17:20,40, Dry, N, Daylight, Right Angle, Not Injured, N, N
US,2,0,0,1,2017, August, Friday,18:20,60, Dry, N, Daylight, Rear End, Minor Injury, N, N
US,3,0,0,1,2017, August, Friday,22:10,60, Dry, N, Night, Rear End, Minor Injury, N, N
US,3,0,0,0,2017, August, Saturday,2:20,40, Dry, N, Night, Rear End, Minor Injury, N, N
US,3,0,0,0,2017, August, Friday,7:40,90, Wet, Y, Daylight, Rear End, Minor Injury, N, N
US,2,0,0,0,2017, August, Friday,16:50,40, Dry, N, Daylight, Rear End, Not Injured, N, N
US,3,0,0,0,2017, August, Saturday,9:00,60, Dry, N, Daylight, Rear End, Minor Injury, N, N
US,2,0,0,1,2017, August, Saturday,10:40,60, Dry, N, Daylight, Rear End, Minor Injury, N, N
US,3,0,0,0,2017, August, Saturday,11:50,60, Dry, N, Daylight, Right Angle, Not Injured, N, N
US,3,0,0,0,2017, August, Monday,8:50,70, Dry, N, Daylight, Rear End, Minor Injury, N, N
US,2,0,0,0,2017, August, Friday,18:10,60, Dry, N, Daylight, Right Angle, Minor Injury, N, N
US,2,0,0,1,2017, August, Saturday,0:00,40, Dry, N, Daylight, Right Angle, Minor Injury, N, N
US,2,0,0,0,2017, August, Saturday,0:50,40, Dry, N, Daylight, Right Angle, Not Injured, N, N
US,2,0,0,0,2017, August, Saturday,17:10,40, Wet, Y, Daylight, Head On, Not Injured, N, N
US,2,0,0,0,2017, August, Thursday,21:40,40, Dry, N, Night, Side Swipe, Minor Injury, N, N
US,3,0,0,0,2017, August, Friday,21:00,50, Dry, N, Night, Right Angle, Minor Injury, Y, N
US,2,0,0,0,2017, August, Saturday,17:50,60, Wet, Y, Daylight, Right Angle, Not Injured, N, N
US,3,0,0,0,2017, August, Saturday,17:40,40, Dry, Y, Daylight, Head On, Not Injured, N, N
US,2,0,0,0,2017, August, Monday,19:50,40, Dry, N, Daylight, Head On, Minor Injury, N, N
US,2,0,0,1,2017, August, Wednesday,21:10,60, Dry, N, Night, Hit Pedestrian, Minor Injury, N, N
US,2,0,0,0,2017, August, Monday,7:50,40, Dry, N, Daylight, Rear End, Not Injured, N, N
US,2,0,0,0,2017, August, Thursday,9:20,60, Dry, N, Daylight, Right Angle, Minor Injury, N, N
US,2,0,0,1,2017, August, Saturday,17:50,30, Dry, N, Daylight, Side Swipe, Minor Injury, N, N
US,4,0,0,0,2017, August, Saturday,22:20,40, Dry, N, Night, Head On, Not Injured, Y, N
US,3,0,0,0,2017, August, Sunday,15:50,60, Dry, N, Daylight, Rear End, Minor Injury, N, N
US,2,0,0,1,2017, August, Friday,8:30,40, Wet, Y, Daylight, Right Angle, Minor Injury, N, N
US,2,0,0,0,2017, August, Saturday,22:50,60, Dry, N, Night, Rear End, Minor Injury, Y, N
US,2,0,0,3,2017, August, Friday,18:50,60, Dry, N, Daylight, Head On, Minor Injury, N, N
US,3,0,0,0,2017, August, Sunday,19:10,90, Dry, N, Daylight, Rear End, Not Injured, N, N
US,2,0,0,0,2017, August, Saturday,21:30,60, Wet, N, Night, Head On, Not Injured, N, N
US,2,0,0,0,2017, August, Monday,18:20,30, Dry, N, Daylight, Side Swipe, Not Injured, N, N
US,2,0,0,1,2017, August, Sunday,6:50,40, Dry, Y, Daylight, Side Swipe, Minor Injury, N, N
US,2,0,0,0,2017, August, Sunday,22:10,40, Dry, N, Night, Right Angle, Minor Injury, Y, N
US,2,0,0,1,2017, August, Wednesday,19:10,40, Dry, N, Daylight, Rear End, Minor Injury, N, N
US,2,0,0,0,2017, August, Saturday,0:30,40, Dry, N, Daylight, Rear End, Not Injured, N, N
US,3,0,0,0,2017, August, Tuesday,9:10,90, Dry, N, Daylight, Rear End, Minor Injury, N, N
US,2,0,0,0,2017, August, Tuesday,17:30,90, Dry, N, Daylight, Rear End, Not Injured, N, N
US,2,0,0,0,2017, August, Thursday,17:30,90, Dry, N, Daylight, Rear End, Not Injured, N, N
US,5,0,0,0,2017, August, Friday,17:30,90, Dry, N, Daylight, Rear End, Not Injured, N, N
US,2,0,0,0,2017, August, Monday,8:40,40, Dry, N, Daylight, Right Angle, Not Injured, N, N
US,2,0,0,0,2017, August, Sunday,0:20,60, Dry, N, Daylight, Hit Pedestrian, Minor Injury, N, N
US,2,0,0,0,2017, August, Monday,10:50,40, Dry, N, Daylight, Right Angle, Not Injured, N, N
US,2,0,0,0,2017, August, Sunday,7:50,40, Dry, Y, Daylight, Right Angle, Not Injured, N, N
US,2,0,0,0,2017, August, Monday,16:30,70, Dry, N, Daylight, Rear End, Not Injured, N, N
US,2,0,0,0,2017, August, Thursday,17:10,60, Dry, N, Daylight, Right Angle, Not Injured, N, N
US,2,0,0,0,2017, July, Friday,17:50,90, Dry, N, Daylight, Rear End, Not Injured, N, N
US,6,0,1,3,2017, August, Monday,16:50,60, Dry, N, Daylight, Rear End, Major Injury, N, N
US,2,0,0,0,2017, August, Monday,17:40,70, Dry, N, Daylight, Rear End, Not Injured, N, N
US,2,0,0,0,2017, August, Monday,14:50,40, Dry, N, Daylight, Right Angle, Not Injured, N, N
US,2,0,0,0,2017, August, Monday,18:00,20, Dry, N, Daylight, Rear End, Not Injured, N, N
US,3,0,0,0,2017, August, Thursday,22:30,60, Wet, N, Night, Rear End, Minor Injury, N, N
US,2,0,0,0,2017, August, Thursday,15:20,60, Dry, N, Daylight, Side Swipe, Not Injured, N, N
US,2,0,0,0,2017, August, Wednesday,14:30,20, Dry, N, Daylight, Rear End, Not Injured, N, N
US,2,0,0,1,2017, August, Thursday,16:10,30, Wet, Y, Daylight, Rear End, Minor Injury, N, N
US,2,0,0,0,2017, August, Sunday,19:40,90, Dry, N, Night, Side Swipe, Not Injured, N, N
US,2,0,0,1,2017, August, Tuesday,7:20,40, Dry, N, Daylight, Rear End, Minor Injury, N, N
US,2,0,0,1,2017, August, Monday,0:10,60, Dry, N, Daylight, Rear End, Minor Injury, N, N
US,2,0,0,0,2017, August, Tuesday,11:50,40, Dry, N, Daylight, Hit Pedestrian, Minor Injury, N, N
US,3,0,0,1,2017, August, Tuesday,13:20,70, Wet, Y, Daylight, Rear End, Minor Injury, N, N
US,2,0,0,1,2017, August, Monday,21:50,60, Dry, N, Night, Right Angle, Minor Injury, N, N
US,2,0,0,0,2017, August, Tuesday,14:30,40, Wet, Y, Daylight, Right Angle, Minor Injury, N, N
US,2,0,0,0,2017, August, Tuesday,18:00,40, Dry, N, Daylight, Rear End, Not Injured, N, N
US,2,0,0,0,2017, August, Tuesday,15:40,40, Wet, Y, Daylight, Rear End, Not Injured, N, N
US,2,0,0,0,2017, August, Tuesday,15:10,60, Wet, Y, Daylight, Side Swipe, Not Injured, N, N
US,2,0,0,0,2017, August, Tuesday,16:40,40, Wet, N, Daylight, Rear End, Not Injured, N, N
US,2,0,0,0,2017, August, Tuesday,15:50,70, Wet, Y, Daylight, Rear End, Not Injured, N, N
US,3,0,0,0,2017, August, Tuesday,17:50,70, Wet, N, Daylight, Rear End, Not Injured, N, N
US,2,0,0,0,2017, August, Tuesday,17:50,60, Wet, N, Daylight, Rear End, Not Injured, N, N
US,2,0,0,0,2017, August, Tuesday,18:40,40, Dry, N, Daylight, Right Angle, Not Injured, Y, N
US,2,0,0,0,2017, August, Tuesday,18:10,40, Wet, N, Daylight, Right Angle, Not Injured, N, N
US,2,0,0,0,2017, August, Tuesday,15:50,60, Wet, Y, Daylight, Rear End, Not Injured, N, N
US,3,0,0,1,2017, August, Wednesday,2:20,40, Wet, N, Night, Rear End, Minor Injury, N, N
US,4,0,0,0,2017, July, Wednesday,18:00,90, Dry, N, Daylight, Rear End, Not Injured, N, N
US,5,0,0,6,2017, July, Monday,19:10,90, Dry, N, Daylight, Rear End, Minor Injury, N, N
US,3,0,0,0,2017, August, Thursday,17:30,90, Dry, N, Daylight, Rear End, Not Injured, N, N
US,2,0,0,0,2017, August, Thursday,18:50,90, Dry, N, Daylight, Rear End, Minor Injury, N, N
US,2,0,0,0,2017, August, Sunday,11:00,60, Dry, N, Daylight, Side Swipe, Not Injured, N, N
US,2,0,0,0,2017, August, Tuesday,13:50,40, Dry, N, Daylight, Right Angle, Not Injured, N, N
US,3,0,0,0,2017, August, Wednesday,7:50,90, Dry, N, Daylight, Right Angle, Not Injured, N, N
US,2,0,0,1,2017, August, Tuesday,15:40,60, Wet, Y, Daylight, Rear End, Minor Injury, N, N
US,2,0,0,0,2017, August, Wednesday,16:40,40, Dry, N, Daylight, Side Swipe, Not Injured, N, N
US,2,0,0,0,2017, August, Sunday,14:40,60, Dry, N, Daylight, Rear End, Not Injured, N, N
US,2,0,0,0,2017, August, Wednesday,17:50,60, Dry, N, Daylight, Rear End, Not Injured, N, N
US,2,0,1,0,2017, August, Wednesday,18:10,60, Dry, N, Daylight, Hit Pedestrian, Major Injury, N, N
US,2,0,0,0,2017, August, Wednesday,18:10,60, Dry, N, Daylight, Head On, Not Injured, N, N
US,2,0,0,0,2017, August, Wednesday,0:00,40, Dry, N, Daylight, Side Swipe, Not Injured, N, N
US,2,0,0,0,2017, August, Monday,16:10,40, Dry, N, Daylight, Rear End, Not Injured, N, N
US,2,0,0,0,2017, August, Wednesday,23:40,40, Dry, N, Night, Right Angle, Not Injured, N, N
US,2,0,0,0,2017, August, Sunday,18:30,60, Dry, N, Daylight, Right Angle, Not Injured, N, N
US,2,0,0,0,2017, August, Saturday,16:40,90, Wet, Y, Daylight, Rear End, Not Injured, N, N
US,3,0,0,0,2017, August, Tuesday,7:10,90, Dry, N, Daylight, Rear End, Not Injured, N, N