Nation,Total Units,Total Fatalities,Total Serious Injuries,Total Minor Injuries,Year,Month,Day,Time,Speed Limit,Moisture,Adverse Weather Conditions,DayNight,Crash Type,Crash Severity,Alcohol Related ,Drug Related
US,2,0,0,2,2017, August, Saturday,15:00,90, Dry, N, Daylight, Side Swipe, Minor Injury, N, N
US,2,0,0,0,2017, August, Wednesday,6:00,40, Dry, N, Daylight, Head On, Not Injured, N, N
US,2,0,0,0,2017, August, Thursday,4:30,40, Dry, N, Night, Side Swipe, Not Injured, Y, N
US,2,0,0,1,2017, August, Friday,13:50,40, Dry, N, Daylight, Right Angle, Minor Injury, N, N
US,3,0,0,1,2017, August, Thursday,7:30,90, Dry, N, Daylight, Rear End, Minor Injury, N, N
US,2,0,0,0,2017, August, Monday,15:40,40, Dry, N, Daylight, Rear End, Not Injured, N, N
US,2,0,0,0,2017, August, Thursday,14:30,40, Dry, N, Daylight, Right Angle, Not Injured, N, N
US,2,0,0,0,2017, August, Friday,15:20,70, Dry, N, Daylight, Rear End, Not Injured, N, N
US,3,0,0,0,2017, August, Thursday,17:00,40, Dry, N, Daylight, Head On, Not Injured, Y, N
US,3,0,0,0,2017, August, Thursday,16:00,60, Dry, N, Daylight, Rear End, Minor Injury, N, N
US,2,0,0,0,2017, August, Thursday,17:30,70, Dry, N, Daylight, Right Angle, Not Injured, N, N
US,2,0,0,0,2017, August, Wednesday,8:10,40, Dry, N, Daylight, Head On, Not Injured, N, N
US,3,0,0,0,2017, August, Thursday,17:40,70, Wet, Y, Daylight, Rear End, Not Injured, N, N
US,2,0,0,0,2017, August, Thursday,22:00,60, Wet, Y, Night, Rear End, Not Injured, N, N
US,2,0,0,0,2017, August, Thursday,8:00,90, Dry, N, Daylight, Rear End, Not Injured, N, N
US,2,0,0,2,2017, August, Thursday,18:50,60, Dry, N, Daylight, Right Angle, Minor Injury, N, N
US,2,0,0,0,2017, August, Thursday,2:10,40, Dry, N, Night, Side Swipe, Not Injured, Y, N
US,2,0,0,0,2017, August, Thursday,13:10,60, Dry, N, Daylight, Rear End, Not Injured, N, N
US,3,0,0,0,2017, August, Thursday,7:20,60, Dry, N, Daylight, Right Angle, Not Injured, N, N
US,3,0,0,0,2017, August, Thursday,22:00,40, Wet, Y, Night, Side Swipe, Not Injured, N, N
US,2,0,0,0,2017, August, Wednesday,21:30,40, Dry, N, Night, Right Angle, Not Injured, N, N
US,2,0,0,0,2017, August, Friday,11:00,40, Dry, N, Daylight, Right Angle, Not Injured, N, N
US,2,0,0,0,2017, August, Friday,0:10,40, Dry, N, Daylight, Side Swipe, Minor Injury, N, N
US,2,0,0,0,2017, August, Tuesday,16:20,40, Wet, Y, Night, Hit Pedestrian, Minor Injury, N, N
US,2,0,0,0,2017, August, Thursday,5:40,60, Dry, N, Night, Right Angle, Not Injured, N, N
US,2,0,0,0,2017, August, Wednesday,0:40,60, Dry, N, Daylight, Rear End, Minor Injury, N, N
US,4,0,0,0,2017, August, Friday,19:00,60, Dry, N, Daylight, Rear End, Minor Injury, N, N
US,2,0,0,0,2017, August, Friday,18:00,70, Dry, N, Daylight, Right Angle, Minor Injury, N, N
US,4,0,0,0,2017, August, Sunday,3:00,40, Dry, N, Night, Side Swipe, Not Injured, Y, N
US,2,0,0,0,2017, August, Saturday,0:30,40, Dry, N, Night, Rear End, Not Injured, Y, N
US,2,0,0,0,2017, August, Friday,22:50,40, Dry, N, Night, Right Angle, Not Injured, N, N
US,2,0,0,0,2017, August, Saturday,2:50,40, Dry, N, Night, Rear End, Not Injured, Y, N
US,2,0,0,0,2017, August, Monday,6:20,110, Dry, N, Daylight, Side Swipe, Minor Injury, N, N
US,2,0,0,0,2017, August, Wednesday,13:30,40, Dry, N, Daylight, Rear End, Not Injured, N, N
US,2,0,0,0,2017, August, Friday,16:30,60, Dry, N, Daylight, Right Angle, Minor Injury, N, N
US,2,0,0,0,2017, August, Saturday,9:10,40, Dry, N, Daylight, Rear End, Not Injured, N, N
US,3,0,0,0,2017, August, Friday,17:30,60, Dry, N, Daylight, Rear End, Not Injured, N, N
US,4,0,0,0,2017, August, Saturday,10:40,40, Dry, N, Daylight, Rear End, Not Injured, N, N
US,2,0,0,0,2017, August, Friday,9:00,70, Dry, N, Daylight, Rear End, Not Injured, N, N
US,2,0,0,0,2017, August, Saturday,11:30,70, Dry, N, Daylight, Right Angle, Not Injured, N, N
US,2,0,0,1,2017, August, Saturday,0:00,40, Dry, N, Daylight, Head On, Minor Injury, N, N
US,2,0,0,0,2017, August, Saturday,17:20,40, Dry, N, Daylight, Right Angle, Minor Injury, N, N
US,2,0,0,0,2017, August, Friday,18:00,40, Dry, N, Daylight, Right Angle, Not Injured, N, N
US,2,0,0,0,2017, August, Saturday,23:30,40, Dry, N, Night, Right Angle, Not Injured, N, N
US,2,0,0,0,2017, August, Saturday,23:40,40, Dry, N, Night, Rear End, Not Injured, N, N
US,3,0,0,0,2017, August, Saturday,4:00,40, Dry, N, Night, Side Swipe, Not Injured, Y, N
US,2,0,0,0,2017, July, Tuesday,9:00,90, Dry, N, Daylight, Rear End, Not Injured, N, N
US,3,0,0,0,2017, August, Saturday,18:50,60, Dry, N, Daylight, Rear End, Minor Injury, N, N
US,2,0,0,0,2017, August, Friday,11:20,50, Dry, N, Daylight, Rear End, Not Injured, N, N
US,3,0,0,0,2017, August, Sunday,7:20,50, Dry, N, Daylight, Rear End, Not Injured, N, N
US,2,0,0,1,2017, August, Saturday,0:00,40, Dry, N, Daylight, Side Swipe, Minor Injury, N, N
US,2,0,0,1,2017, August, Saturday,18:50,40, Dry, N, Daylight, Head On, Minor Injury, N, N
US,5,0,0,1,2017, August, Friday,10:10,90, Dry, N, Daylight, Rear End, Minor Injury, N, N
US,2,0,0,0,2017, August, Saturday,15:30,20, Dry, N, Daylight, Right Angle, Not Injured, N, N
US,2,0,0,0,2017, August, Sunday,11:50,60, Dry, N, Daylight, Right Angle, Not Injured, N, N
US,2,0,0,0,2017, August, Thursday,7:40,70, Dry, N, Daylight, Right Angle, Not Injured, N, N
US,2,0,0,0,2017, August, Saturday,21:30,60, Dry, N, Night, Rear End, Not Injured, Y, N
US,2,0,0,0,2017, August, Sunday,14:40,40, Dry, N, Daylight, Rear End, Minor Injury, N, N
US,2,0,0,0,2017, August, Thursday,20:10,40, Wet, Y, Night, Right Angle, Not Injured, N, N
US,2,0,0,0,2017, August, Sunday,17:40,30, Dry, N, Daylight, Head On, Not Injured, N, N
US,2,0,0,1,2017, August, Saturday,15:20,60, Dry, N, Daylight, Right Angle, Minor Injury, N, N
US,2,0,0,1,2017, August, Sunday,18:50,70, Dry, N, Daylight, Right Angle, Minor Injury, N, N
US,3,0,0,0,2017, August, Saturday,22:20,60, Dry, N, Night, Rear End, Minor Injury, Y, N
US,2,0,0,0,2017, August, Sunday,19:30,40, Dry, N, Night, Side Swipe, Not Injured, N, N
US,2,0,0,0,2017, August, Wednesday,5:50,60, Dry, N, Night, Rear End, Not Injured, N, N
US,3,0,0,0,2017, August, Sunday,2:50,40, Dry, N, Night, Rear End, Not Injured, N, N
US,2,0,0,1,2017, August, Monday,6:20,40, Dry, N, Daylight, Rear End, Minor Injury, N, N
US,2,0,0,0,2017, August, Monday,8:00,40, Dry, N, Daylight, Rear End, Not Injured, N, N
US,2,0,0,0,2017, August, Monday,9:50,40, Dry, N, Daylight, Head On, Not Injured, N, N
US,2,0,0,0,2017, August, Monday,10:40,60, Dry, N, Daylight, Right Angle, Not Injured, N, N
US,2,0,0,0,2017, August, Monday,0:30,60, Dry, N, Daylight, Right Angle, Minor Injury, N, N
US,2,0,0,0,2017, August, Wednesday,8:50,40, Dry, N, Daylight, Right Angle, Not Injured, N, N
US,2,0,0,0,2017, August, Monday,13:20,40, Dry, N, Daylight, Rear End, Minor Injury, N, N
US,2,0,0,0,2017, August, Monday,15:10,40, Dry, N, Daylight, Right Angle, Not Injured, N, N
US,2,0,0,0,2017, June, Tuesday,19:40,90, Dry, N, Daylight, Rear End, Minor Injury, N, N
US,2,0,0,0,2017, August, Thursday,16:30,30, Wet, N, Daylight, Rear End, Not Injured, N, N
US,5,0,0,0,2017, June, Tuesday,19:40,90, Dry, N, Daylight, Rear End, Not Injured, N, N
US,2,0,0,1,2017, August, Monday,15:20,60, Dry, N, Daylight, Rear End, Minor Injury, N, N
US,2,0,0,0,2017, August, Monday,18:20,40, Dry, N, Night, Rear End, Not Injured, N, N
US,3,0,0,0,2017, August, Monday,20:50,40, Dry, N, Night, Right Angle, Minor Injury, N, N
US,2,0,0,0,2017, August, Tuesday,2:20,40, Dry, N, Night, Right Angle, Not Injured, N, N
US,2,0,0,0,2017, August, Monday,22:50,60, Dry, N, Night, Rear End, Minor Injury, N, N
US,2,0,0,0,2017, August, Tuesday,7:00,90, Dry, N, Daylight, Rear End, Not Injured, N, N
US,4,0,1,0,2017, August, Tuesday,10:20,110, Dry, N, Daylight, Rear End, Major Injury, N, N
US,3,0,0,2,2017, August, Saturday,14:00,90, Dry, N, Daylight, Rear End, Minor Injury, N, N
US,2,0,0,0,2017, August, Saturday,14:50,40, Dry, N, Daylight, Right Angle, Not Injured, N, N
US,2,0,0,0,2017, August, Tuesday,9:30,40, Dry, N, Daylight, Right Angle, Not Injured, N, N
US,2,0,0,0,2017, August, Tuesday,7:40,60, Dry, N, Daylight, Right Angle, Not Injured, N, N
US,2,0,0,0,2017, August, Tuesday,9:30,40, Dry, N, Daylight, Right Angle, Not Injured, N, N
US,2,0,0,0,2017, August, Friday,18:50,60, Dry, N, Daylight, Rear End, Not Injured, N, N
US,2,0,0,0,2017, August, Monday,11:50,60, Dry, N, Daylight, Head On, Not Injured, N, N
US,4,0,0,0,2017, August, Tuesday,11:20,40, Dry, N, Daylight, Side Swipe, Not Injured, N, N
US,2,0,1,1,2017, August, Tuesday,0:40,50, Dry, N, Daylight, Rear End, Major Injury, N, N
US,2,0,0,0,2017, August, Monday,16:40,20, Dry, N, Daylight, Head On, Not Injured, N, N
US,2,0,0,0,2017, August, Tuesday,15:00,40, Dry, N, Daylight, Right Angle, Not Injured, N, N
US,3,0,0,0,2017, August, Monday,15:20,20, Dry, N, Daylight, Rear End, Minor Injury, N, N
US,2,0,0,1,2017, August, Monday,9:30,90, Dry, N, Daylight, Right Angle, Minor Injury, N, N
US,2,0,0,0,2017, August, Monday,21:40,40, Dry, N, Night, Hit Pedestrian, Minor Injury, N, N
US,2,0,0,0,2017, August, Tuesday,16:00,40, Dry, N, Daylight, Rear End, Minor Injury, N, N
US,2,0,0,0,2017, August, Tuesday,21:10,40, Dry, N, Daylight, Rear End, Not Injured, N, N
US,2,0,1,0,2017, August, Wednesday,15:40,70, Dry, N, Daylight, Right Angle, Major Injury, N, N
US,2,0,0,0,2017, August, Friday,21:40,40, Dry, N, Night, Rear End, Not Injured, N, N
US,2,0,0,0,2017, August, Tuesday,7:50,40, Dry, N, Daylight, Right Angle, Not Injured, N, N
US,2,0,1,0,2017, August, Tuesday,7:30,40, Dry, N, Daylight, Right Angle, Major Injury, N, N
US,2,0,0,0,2017, August, Tuesday,6:30,80, Dry, N, Daylight, Rear End, Not Injured, N, N
US,2,0,0,0,2017, August, Thursday,13:30,60, Dry, N, Daylight, Right Angle, Not Injured, N, N
US,2,0,0,0,2017, August, Tuesday,9:10,60, Dry, N, Daylight, Right Angle, Minor Injury, N, N
US,2,0,0,0,2017, August, Wednesday,10:10,70, Dry, N, Daylight, Rear End, Not Injured, N, N
US,2,0,0,0,2017, August, Tuesday,13:30,50, Dry, N, Daylight, Right Angle, Not Injured, N, N
US,2,0,0,0,2017, August, Wednesday,9:00,40, Dry, N, Daylight, Head On, Not Injured, N, N
US,2,0,0,0,2017, August, Wednesday,7:20,40, Dry, N, Daylight, Rear End, Not Injured, N, N
US,4,0,0,0,2017, August, Tuesday,16:50,40, Dry, N, Daylight, Rear End, Not Injured, N, N
US,2,0,0,0,2017, August, Wednesday,14:00,70, Dry, N, Daylight, Right Angle, Minor Injury, N, N
US,2,0,0,0,2017, August, Wednesday,17:40,40, Dry, N, Daylight, Right Angle, Minor Injury, N, N
US,5,0,0,0,2017, August, Tuesday,15:50,110, Dry, N, Daylight, Right Angle, Not Injured, N, N
US,2,0,0,0,2017, August, Wednesday,16:00,40, Dry, N, Daylight, Side Swipe, Not Injured, N, N
US,2,0,0,0,2017, August, Wednesday,17:40,60, Dry, N, Daylight, Right Angle, Not Injured, N, N
US,2,0,0,0,2017, August, Tuesday,16:00,60, Dry, N, Daylight, Rear End, Not Injured, N, N
US,2,0,0,0,2017, August, Wednesday,19:00,40, Dry, N, Daylight, Right Angle, Not Injured, N, N
US,4,0,0,0,2017, August, Sunday,2:30,40, Dry, N, Night, Side Swipe, Not Injured, N, N
US,3,0,0,1,2017, August, Saturday,16:30,90, Wet, Y, Daylight, Rear End, Minor Injury, N, N
US,2,0,0,0,2017, August, Sunday,15:10,70, Dry, N, Daylight, Right Angle, Not Injured, N, N
US,2,0,0,0,2017, August, Wednesday,2:20,60, Dry, N, Night, Right Angle, Not Injured, Y, N
US,2,0,0,0,2017, August, Wednesday,6:40,40, Dry, N, Daylight, Side Swipe, Not Injured, N, N
US,2,0,0,0,2017, August, Thursday,7:10,60, Dry, N, Daylight, Rear End, Not Injured, N, N
US,2,0,0,0,2017, August, Monday,7:50,60, Dry, N, Daylight, Rear End, Not Injured, N, N
US,2,0,0,0,2017, August, Thursday,10:00,40, Dry, N, Daylight, Side Swipe, Not Injured, N, N
US,3,0,0,0,2017, August, Wednesday,7:50,60, Dry, N, Daylight, Rear End, Not Injured, N, N
US,2,0,0,2,2017, August, Thursday,11:10,60, Dry, N, Daylight, Rear End, Minor Injury, N, N
US,2,0,0,0,2017, August, Thursday,9:00,60, Dry, N, Daylight, Side Swipe, Minor Injury, N, N
US,2,0,0,0,2017, August, Thursday,0:10,40, Dry, N, Daylight, Side Swipe, Not Injured, N, N
US,2,0,0,0,2017, August, Thursday,0:10,40, Dry, N, Daylight, Right Angle, Not Injured, N, N
US,5,0,0,0,2017, August, Monday,22:20,40, Dry, N, Night, Rear End, Not Injured, Y, N
US,2,0,0,0,2017, August, Thursday,15:10,40, Dry, N, Daylight, Side Swipe, Minor Injury, N, N
US,2,0,0,0,2017, August, Thursday,9:00,60, Dry, N, Daylight, Right Angle, Not Injured, N, N
US,2,0,0,0,2017, August, Tuesday,16:50,20, Wet, Y, Daylight, Right Angle, Not Injured, N, N
US,3,0,0,0,2017, August, Tuesday,17:20,40, Wet, N, Daylight, Right Angle, Not Injured, N, N
US,4,0,0,0,2017, July, Tuesday,17:30,90, Dry, N, Daylight, Rear End, Not Injured, N, N
US,2,0,0,0,2017, August, Thursday,9:10,90, Dry, N, Daylight, Rear End, Not Injured, N, N
US,2,0,0,0,2017, August, Thursday,17:20,70, Dry, N, Daylight, Right Angle, Not Injured, N, N
US,4,0,0,0,2017, August, Thursday,20:40,60, Dry, N, Night, Rear End, Not Injured, N, N
US,3,0,0,0,2017, September, Friday,2:40,60, Dry, N, Night, Right Angle, Minor Injury, Y, N
US,3,0,0,0,2017, August, Thursday,7:30,40, Dry, N, Daylight, Right Angle, Not Injured, N, N
US,2,0,0,1,2017, August, Tuesday,17:40,60, Dry, N, Daylight, Right Angle, Minor Injury, N, N
US,3,0,0,0,2017, September, Friday,7:50,40, Dry, N, Daylight, Rear End, Not Injured, N, N
US,2,0,0,0,2017, September, Friday,11:50,40, Dry, N, Daylight, Side Swipe, Not Injured, N, N
US,2,0,0,0,2017, August, Thursday,15:40,50, Dry, N, Daylight, Right Angle, Not Injured, N, N
US,3,0,0,0,2017, August, Thursday,22:00,40, Dry, N, Night, Right Angle, Not Injured, N, N
US,2,0,0,0,2017, August, Thursday,18:30,40, Dry, N, Daylight, Right Angle, Not Injured, N, N
US,2,0,0,0,2017, September, Friday,15:10,40, Dry, N, Daylight, Rear End, Minor Injury, N, N
US,2,0,0,0,2017, September, Friday,15:00,40, Dry, N, Daylight, Rear End, Minor Injury, N, N
US,2,0,0,0,2017, September, Friday,17:00,60, Dry, N, Daylight, Right Angle, Not Injured, N, N
US,5,0,0,1,2017, August, Saturday,18:40,90, Dry, N, Daylight, Rear End, Minor Injury, N, N
US,2,0,0,0,2017, September, Friday,17:30,40, Dry, N, Daylight, Right Angle, Not Injured, N, N
US,3,0,0,0,2017, September, Friday,17:20,60, Dry, N, Daylight, Right Angle, Not Injured, N, N
US,2,0,0,1,2017, August, Saturday,23:00,90, Dry, N, Night, Rear End, Minor Injury, N, N
US,2,0,0,0,2017, September, Friday,17:10,40, Dry, N, Daylight, Right Angle, Not Injured, N, N
US,2,0,0,0,2017, September, Friday,15:00,40, Dry, N, Daylight, Right Angle, Not Injured, N, N
US,2,0,0,0,2017, September, Friday,11:50,40, Dry, N, Daylight, Right Angle, Not Injured, N, N
US,2,0,0,0,2017, September, Friday,18:30,40, Dry, N, Daylight, Rear End, Not Injured, N, N
US,2,0,0,0,2017, September, Friday,20:40,60, Dry, N, Night, Rear End, Not Injured, Y, N
US,2,0,0,0,2017, September, Friday,22:30,40, Dry, N, Night, Right Angle, Minor Injury, N, N
US,2,0,1,0,2017, August, Thursday,17:20,60, Dry, N, Daylight, Head On, Major Injury, N, N
US,2,0,0,0,2017, September, Saturday,0:10,60, Dry, N, Night, Right Angle, Not Injured, N, N
US,4,0,0,0,2017, September, Friday,4:10,40, Dry, N, Night, Right Angle, Not Injured, Y, N
US,4,0,0,0,2017, September, Saturday,2:30,40, Dry, N, Night, Right Angle, Not Injured, N, N
US,2,0,0,0,2017, September, Saturday,0:00,60, Dry, N, Night, Right Angle, Not Injured, Y, N
US,3,0,0,0,2017, September, Saturday,3:00,40, Dry, N, Night, Side Swipe, Not Injured, Y, N
US,2,0,0,2,2017, August, Friday,16:40,40, Dry, N, Daylight, Right Angle, Minor Injury, N, N
US,2,0,0,0,2017, September, Saturday,11:00,40, Dry, N, Daylight, Right Angle, Not Injured, N, N
US,2,0,0,0,2017, September, Friday,18:00,70, Dry, N, Daylight, Right Angle, Not Injured, N, N
US,4,0,0,0,2017, September, Saturday,1:50,40, Dry, N, Night, Side Swipe, Not Injured, N, N
US,2,0,0,1,2017, September, Saturday,16:40,50, Wet, Y, Daylight, Head On, Minor Injury, N, N
US,2,0,0,0,2017, September, Saturday,22:40,40, Wet, Y, Night, Right Angle, Not Injured, N, N
US,2,0,0,0,2017, September, Sunday,0:00,40, Wet, Y, Night, Rear End, Not Injured, N, N
US,2,0,0,0,2017, September, Sunday,1:00,70, Wet, Y, Night, Right Angle, Not Injured, N, N
US,2,0,0,0,2017, September, Saturday,11:40,40, Wet, Y, Daylight, Side Swipe, Not Injured, N, N
US,2,0,0,0,2017, September, Sunday,3:30,40, Wet, Y, Night, Right Angle, Not Injured, Y, N
US,2,0,0,0,2017, September, Saturday,14:30,60, Dry, N, Daylight, Rear End, Not Injured, N, N
US,3,0,0,0,2017, September, Sunday,8:30,60, Wet, Y, Daylight, Rear End, Not Injured, N, N
US,2,0,0,0,2017, September, Sunday,10:20,40, Wet, Y, Daylight, Right Angle, Not Injured, N, N
US,3,0,0,1,2017, September, Saturday,14:00,60, Dry, N, Daylight, Right Angle, Minor Injury, N, N
US,2,0,0,0,2017, September, Saturday,23:00,40, Dry, N, Night, Rear End, Not Injured, N, N
US,2,0,0,0,2017, August, Saturday,19:10,70, Dry, N, Daylight, Rear End, Not Injured, N, N
US,2,0,0,1,2017, September, Sunday,16:20,40, Dry, N, Daylight, Right Angle, Minor Injury, N, N
US,2,0,0,0,2017, September, Sunday,14:50,40, Dry, N, Daylight, Right Angle, Not Injured, N, N
US,2,0,0,0,2017, August, Sunday,20:50,60, Dry, N, Night, Side Swipe, Not Injured, N, N
US,2,0,0,4,2017, September, Sunday,16:40,40, Dry, N, Daylight, Right Angle, Minor Injury, N, N
US,2,0,1,0,2017, September, Sunday,17:20,40, Dry, N, Daylight, Hit Pedestrian, Major Injury, N, N
US,2,0,0,0,2017, September, Sunday,19:30,40, Dry, N, Night, Side Swipe, Not Injured, N, N
US,2,0,0,1,2017, August, Thursday,6:20,60, Dry, N, Daylight, Rear End, Minor Injury, N, N
US,2,0,0,0,2017, September, Sunday,9:10,60, Wet, Y, Daylight, Rear End, Not Injured, N, N
US,3,0,0,0,2017, September, Sunday,12:00,40, Dry, N, Night, Rear End, Not Injured, N, N
US,2,0,0,1,2017, September, Sunday,0:10,40, Dry, N, Daylight, Side Swipe, Minor Injury, N, N
US,2,0,0,0,2017, September, Sunday,23:40,60, Dry, N, Night, Right Angle, Minor Injury, Y, N
US,2,0,0,0,2017, August, Wednesday,11:20,60, Dry, N, Daylight, Right Angle, Not Injured, N, N
US,3,0,0,0,2017, August, Saturday,13:10,60, Dry, N, Daylight, Rear End, Not Injured, N, N
US,2,0,0,0,2017, September, Monday,10:50,60, Dry, N, Daylight, Head On, Not Injured, N, N
US,3,0,0,0,2017, August, Wednesday,8:50,60, Dry, N, Daylight, Rear End, Not Injured, N, N
US,2,0,0,1,2017, September, Monday,15:10,40, Dry, N, Daylight, Right Angle, Minor Injury, N, N
US,3,0,0,0,2017, September, Monday,18:40,40, Dry, N, Daylight, Rear End, Not Injured, N, N
US,3,0,0,0,2017, September, Sunday,20:00,60, Dry, N, Night, Rear End, Not Injured, N, N
US,3,0,0,0,2017, September, Tuesday,0:30,60, Dry, N, Night, Rear End, Not Injured, N, N
US,2,0,0,0,2017, August, Wednesday,18:30,40, Dry, N, Daylight, Right Angle, Minor Injury, N, N
US,2,0,0,0,2017, September, Monday,6:40,40, Dry, N, Daylight, Right Angle, Not Injured, N, N
US,3,0,0,0,2017, August, Thursday,14:30,20, Dry, N, Daylight, Rear End, Not Injured, N, N
US,2,0,0,0,2017, September, Monday,15:10,40, Dry, N, Daylight, Right Angle, Not Injured, N, N
US,2,0,0,1,2017, September, Tuesday,8:30,40, Wet, Y, Daylight, Right Angle, Minor Injury, N, N
US,2,0,0,0,2017, September, Tuesday,7:30,60, Wet, N, Daylight, Right Angle, Not Injured, N, N
US,2,0,0,0,2017, September, Tuesday,11:30,50, Wet, N, Daylight, Right Angle, Minor Injury, N, N
US,2,0,0,0,2017, September, Tuesday,0:30,40, Dry, N, Daylight, Right Angle, Minor Injury, N, N
US,2,0,0,1,2017, September, Tuesday,14:50,60, Dry, N, Daylight, Hit Pedestrian, Minor Injury, N, N
US,2,0,0,0,2017, September, Tuesday,16:50,40, Dry, N, Daylight, Rear End, Not Injured, N, N
US,2,0,0,1,2017, August, Thursday,7:20,60, Dry, N, Daylight, Rear End, Minor Injury, N, N
US,2,0,0,0,2017, August, Thursday,0:10,60, Dry, N, Daylight, Rear End, Not Injured, N, N
US,2,0,0,0,2017, June, Tuesday,19:50,90, Dry, N, Daylight, Rear End, Not Injured, N, N
US,2,0,0,0,2017, August, Thursday,0:50,90, Dry, N, Daylight, Right Angle, Not Injured, N, N
US,2,0,1,0,2017, July, Sunday,15:50,90, Dry, N, Daylight, Hit Pedestrian, Major Injury, N, N
US,2,0,0,0,2017, August, Sunday,17:10,90, Dry, N, Daylight, Rear End, Not Injured, N, N
US,2,0,0,0,2017, September, Saturday,3:00,110, Dry, N, Night, Rear End, Not Injured, Y, N
US,2,0,0,1,2017, September, Tuesday,5:50,60, Wet, Y, Daylight, Head On, Minor Injury, N, N
US,2,0,0,1,2017, September, Tuesday,21:50,40, Dry, N, Night, Right Angle, Minor Injury, N, N
US,3,0,0,0,2017, September, Tuesday,23:00,40, Dry, N, Night, Side Swipe, Not Injured, Y, N
US,2,0,0,0,2017, September, Monday,1:40,40, Dry, N, Night, Right Angle, Not Injured, N, N
US,2,0,0,0,2017, August, Tuesday,14:00,40, Dry, N, Daylight, Right Angle, Minor Injury, N, N
US,2,0,0,0,2017, September, Friday,14:20,60, Dry, N, Daylight, Rear End, Not Injured, N, N
US,2,0,0,0,2017, August, Tuesday,7:20,90, Dry, N, Daylight, Rear End, Not Injured, N, N
US,2,0,0,1,2017, August, Friday,23:10,90, Dry, N, Night, Rear End, Minor Injury, N, N
US,2,0,0,0,2017, September, Wednesday,7:50,60, Dry, Y, Daylight, Right Angle, Not Injured, N, N
US,2,0,0,0,2017, September, Wednesday,11:30,40, Dry, N, Daylight, Right Angle, Not Injured, N, N
US,2,0,0,0,2017, September, Wednesday,0:50,40, Dry, N, Daylight, Right Angle, Not Injured, N, N
US,2,0,0,0,2017, September, Tuesday,8:50,30, Wet, N, Daylight, Rear End, Not Injured, N, N
US,2,0,0,0,2017, September, Tuesday,16:40,40, Dry, N, Daylight, Head On, Not Injured, N, N
US,2,0,0,0,2017, September, Tuesday,20:10,60, Dry, N, Night, Rear End, Not Injured, N, N
US,3,0,1,0,2017, September, Wednesday,14:50,40, Dry, N, Daylight, Side Swipe, Major Injury, N, N
US,2,0,0,0,2017, September, Tuesday,20:40,60, Dry, N, Night, Rear End, Minor Injury, Y, N
US,2,0,0,2,2017, September, Wednesday,15:00,60, Dry, N, Daylight, Rear End, Minor Injury, N, N
US,2,0,0,0,2017, September, Wednesday,15:40,40, Dry, N, Daylight, Right Angle, Minor Injury, N, N
US,2,0,0,0,2017, September, Tuesday,21:40,60, Dry, N, Night, Right Angle, Not Injured, N, N
US,2,0,0,0,2017, September, Wednesday,16:40,40, Dry, N, Daylight, Side Swipe, Not Injured, N, N
US,2,0,0,0,2017, August, Wednesday,6:20,40, Dry, N, Daylight, Right Angle, Not Injured, N, N
US,2,0,0,0,2017, August, Tuesday,0:30,60, Dry, N, Daylight, Right Angle, Not Injured, N, N
US,2,0,0,0,2017, September, Wednesday,16:10,40, Dry, N, Daylight, Right Angle, Not Injured, N, N
US,2,0,0,0,2017, September, Wednesday,18:00,20, Dry, N, Daylight, Rear End, Not Injured, N, N
US,2,0,0,0,2017, September, Thursday,0:00,40, Dry, N, Night, Rear End, Not Injured, Y, N
US,2,0,0,0,2017, September, Wednesday,6:30,40, Dry, N, Daylight, Head On, Minor Injury, N, N
US,3,0,0,0,2017, September, Thursday,2:30,40, Dry, N, Night, Rear End, Not Injured, N, N
US,2,0,0,1,2017, August, Sunday,16:20,90, Dry, N, Daylight, Rear End, Minor Injury, N, N
US,3,0,0,1,2017, September, Wednesday,10:40,60, Dry, N, Daylight, Rear End, Minor Injury, N, N
US,3,0,0,0,2017, September, Thursday,7:30,60, Dry, N, Daylight, Rear End, Not Injured, N, N
US,2,0,0,1,2017, September, Thursday,6:30,40, Dry, N, Daylight, Rear End, Minor Injury, N, N
US,2,0,0,1,2017, September, Thursday,9:20,40, Dry, N, Daylight, Right Angle, Minor Injury, N, N
US,2,0,0,0,2017, September, Thursday,11:30,50, Dry, N, Daylight, Rear End, Minor Injury, N, N
US,2,0,0,1,2017, September, Thursday,13:20,50, Dry, N, Daylight, Right Angle, Minor Injury, N, N
US,2,0,0,0,2017, September, Wednesday,17:20,70, Dry, N, Daylight, Rear End, Not Injured, Y, N
US,3,0,0,0,2017, August, Thursday,7:20,40, Dry, N, Daylight, Rear End, Not Injured, N, N