Nation,Total Units,Total Fatalities,Total Serious Injuries,Total Minor Injuries,Year,Month,Day,Time,Speed Limit,Moisture,Adverse Weather Conditions,DayNight,Crash Type,Crash Severity,Alcohol Related ,Drug Related
US,2,0,0,0,2017, September, Thursday,14:00,60, Dry, N, Daylight, Right Angle, Not Injured, N, N
US,2,1,1,0,2017, July, Monday,19:20,90, Dry, N, Night, Right Angle, Fatal, N, N
US,3,0,0,0,2017, August, Thursday,16:10,40, Dry, N, Daylight, Rear End, Not Injured, N, N
US,2,0,0,0,2017, September, Tuesday,14:40,60, Dry, N, Daylight, Rear End, Not Injured, N, N
US,2,0,0,2,2017, September, Thursday,19:20,40, Wet, Y, Night, Right Angle, Minor Injury, N, N
US,2,0,0,1,2017, September, Thursday,22:40,50, Wet, Y, Night, Right Angle, Minor Injury, N, N
US,2,0,0,0,2017, September, Friday,0:50,40, Dry, N, Night, Right Angle, Minor Injury, N, N
US,3,0,0,0,2017, September, Wednesday,7:10,60, Dry, N, Daylight, Right Angle, Minor Injury, N, N
US,2,0,0,0,2017, September, Thursday,0:20,40, Dry, N, Daylight, Side Swipe, Not Injured, N, N
US,2,0,0,0,2017, September, Friday,11:00,40, Dry, N, Daylight, Rear End, Not Injured, N, N
US,2,0,0,0,2017, September, Friday,0:10,40, Dry, N, Daylight, Right Angle, Not Injured, N, N
US,2,0,0,0,2017, September, Friday,14:50,40, Dry, N, Daylight, Head On, Not Injured, N, N
US,2,0,0,0,2017, September, Friday,15:40,60, Dry, N, Daylight, Side Swipe, Not Injured, N, N
US,2,0,0,1,2017, September, Thursday,23:00,60, Wet, Y, Night, Rear End, Minor Injury, N, N
US,2,0,0,0,2017, September, Friday,14:40,60, Dry, N, Daylight, Right Angle, Not Injured, N, N
US,2,0,0,0,2017, September, Saturday,0:30,40, Dry, N, Night, Right Angle, Not Injured, N, N
US,2,0,0,0,2017, September, Thursday,14:40,60, Dry, N, Daylight, Right Angle, Not Injured, N, N
US,2,0,0,0,2017, September, Thursday,7:40,60, Dry, N, Daylight, Right Angle, Not Injured, N, N
US,2,0,0,0,2017, September, Friday,8:30,70, Dry, N, Daylight, Rear End, Not Injured, N, N
US,3,0,0,0,2017, September, Tuesday,19:10,40, Dry, N, Daylight, Head On, Not Injured, N, N
US,2,0,0,0,2017, September, Saturday,7:50,40, Dry, N, Daylight, Right Angle, Not Injured, N, N
US,2,0,0,1,2017, September, Saturday,11:00,20, Dry, N, Daylight, Right Angle, Minor Injury, N, N
US,2,0,0,1,2017, August, Wednesday,16:30,40, Dry, N, Daylight, Right Angle, Minor Injury, N, N
US,3,0,0,0,2017, September, Saturday,11:50,50, Dry, N, Daylight, Rear End, Minor Injury, N, N
US,2,0,0,0,2017, September, Saturday,15:10,50, Dry, N, Daylight, Side Swipe, Not Injured, N, N
US,2,0,0,0,2017, September, Saturday,15:20,40, Dry, N, Daylight, Right Angle, Minor Injury, N, N
US,2,0,1,1,2017, September, Thursday,18:30,60, Wet, Y, Daylight, Right Angle, Major Injury, N, N
US,2,0,0,0,2017, September, Tuesday,11:10,70, Wet, Y, Daylight, Right Angle, Not Injured, N, N
US,2,0,0,0,2017, September, Friday,16:10,60, Dry, N, Daylight, Right Angle, Not Injured, N, N
US,2,0,0,0,2017, August, Tuesday,7:40,110, Dry, N, Daylight, Side Swipe, Minor Injury, N, N
US,2,0,0,0,2017, September, Saturday,18:50,20, Dry, N, Daylight, Right Angle, Not Injured, N, N
US,2,0,0,0,2017, September, Saturday,17:50,40, Dry, N, Daylight, Right Angle, Minor Injury, N, N
US,2,0,0,0,2017, September, Saturday,19:10,40, Dry, N, Daylight, Side Swipe, Not Injured, N, N
US,2,0,0,0,2017, September, Thursday,21:20,60, Dry, N, Night, Head On, Not Injured, Y, N
US,2,0,0,0,2017, September, Thursday,5:10,40, Dry, N, Night, Right Angle, Not Injured, Y, N
US,3,0,0,0,2017, September, Friday,16:20,90, Dry, N, Daylight, Rear End, Not Injured, N, N
US,2,0,0,0,2017, September, Friday,22:00,90, Dry, N, Night, Right Angle, Not Injured, N, N
US,2,0,0,0,2017, August, Thursday,8:10,60, Dry, N, Daylight, Rear End, Not Injured, N, N
US,2,0,0,0,2017, September, Friday,14:10,70, Dry, N, Daylight, Rear End, Not Injured, N, N
US,2,0,0,0,2017, September, Saturday,13:50,60, Dry, N, Daylight, Right Angle, Not Injured, N, N
US,2,0,1,0,2017, September, Sunday,9:40,60, Dry, N, Daylight, Head On, Major Injury, N, N
US,3,0,0,0,2017, September, Sunday,11:40,60, Dry, N, Daylight, Rear End, Not Injured, N, N
US,2,0,0,0,2017, September, Sunday,2:50,40, Dry, N, Night, Rear End, Minor Injury, N, N
US,2,0,1,0,2017, September, Saturday,16:00,40, Dry, N, Daylight, Right Angle, Major Injury, N, N
US,2,0,0,0,2017, August, Wednesday,18:20,40, Dry, N, Daylight, Head On, Not Injured, N, N
US,2,0,0,0,2017, September, Tuesday,13:40,40, Dry, N, Daylight, Rear End, Not Injured, N, N
US,2,0,0,0,2017, September, Friday,10:30,60, Dry, N, Daylight, Side Swipe, Minor Injury, N, N
US,2,0,0,0,2017, September, Sunday,20:50,40, Dry, N, Night, Rear End, Not Injured, N, N
US,2,0,0,1,2017, September, Thursday,15:00,60, Dry, N, Daylight, Right Angle, Minor Injury, N, N
US,3,0,0,0,2017, September, Sunday,16:30,40, Dry, N, Daylight, Rear End, Not Injured, N, N
US,2,0,0,0,2017, September, Sunday,13:50,40, Dry, N, Daylight, Side Swipe, Not Injured, N, N
US,2,0,0,0,2017, September, Monday,7:20,40, Dry, N, Daylight, Rear End, Not Injured, N, N
US,2,0,0,0,2017, September, Monday,7:30,40, Dry, N, Daylight, Rear End, Not Injured, N, N
US,2,0,0,0,2017, September, Monday,8:50,40, Dry, N, Daylight, Right Angle, Minor Injury, N, N
US,2,0,0,0,2017, September, Monday,9:20,40, Dry, N, Daylight, Rear End, Not Injured, N, N
US,2,0,0,1,2017, September, Wednesday,16:30,90, Dry, N, Daylight, Right Angle, Minor Injury, N, N
US,2,0,0,0,2017, September, Monday,11:30,40, Dry, N, Daylight, Side Swipe, Not Injured, N, N
US,2,0,0,0,2017, September, Monday,13:10,40, Dry, N, Daylight, Rear End, Not Injured, N, N
US,2,0,0,0,2017, September, Sunday,15:20,60, Dry, N, Daylight, Rear End, Minor Injury, N, N
US,2,0,0,0,2017, September, Monday,15:10,40, Dry, N, Daylight, Right Angle, Not Injured, N, N
US,2,0,0,0,2017, September, Wednesday,10:20,60, Dry, N, Daylight, Rear End, Not Injured, N, N
US,3,0,0,1,2017, August, Wednesday,22:50,70, Dry, N, Night, Rear End, Minor Injury, N, N
US,3,0,2,2,2017, September, Monday,17:30,40, Dry, N, Daylight, Rear End, Major Injury, N, N
US,2,0,0,1,2017, September, Monday,21:40,60, Dry, N, Night, Side Swipe, Minor Injury, N, N
US,2,0,0,0,2017, September, Sunday,1:40,40, Dry, N, Night, Right Angle, Not Injured, N, N
US,3,0,0,1,2017, September, Friday,10:30,20, Dry, N, Daylight, Right Angle, Minor Injury, N, N
US,2,0,0,0,2017, September, Friday,17:10,90, Dry, N, Daylight, Rear End, Not Injured, N, N
US,3,0,0,0,2017, September, Thursday,0:00,60, Dry, N, Daylight, Rear End, Not Injured, N, N
US,2,0,0,0,2017, September, Sunday,20:40,40, Dry, N, Night, Right Angle, Not Injured, N, N
US,3,0,0,0,2017, September, Wednesday,13:40,80, Dry, N, Daylight, Rear End, Minor Injury, N, N
US,2,0,0,1,2017, September, Tuesday,7:30,70, Dry, N, Daylight, Rear End, Minor Injury, N, N
US,2,0,0,0,2017, September, Friday,13:30,60, Dry, N, Daylight, Rear End, Minor Injury, N, N
US,2,0,0,0,2017, September, Monday,0:50,60, Dry, N, Daylight, Right Angle, Not Injured, N, N
US,2,0,0,0,2017, September, Tuesday,11:40,60, Dry, N, Daylight, Right Angle, Minor Injury, N, N
US,2,0,0,0,2017, September, Tuesday,0:20,40, Dry, N, Daylight, Right Angle, Minor Injury, N, N
US,2,0,0,0,2017, September, Tuesday,13:20,60, Dry, N, Daylight, Right Angle, Not Injured, N, N
US,2,0,0,0,2017, September, Tuesday,15:20,40, Dry, N, Daylight, Right Angle, Not Injured, N, N
US,3,0,0,0,2017, September, Monday,21:40,40, Dry, N, Night, Rear End, Not Injured, N, N
US,2,0,0,0,2017, September, Friday,7:00,20, Dry, N, Daylight, Right Angle, Not Injured, N, N
US,2,0,0,0,2017, September, Tuesday,13:30,60, Dry, N, Daylight, Side Swipe, Not Injured, N, N
US,2,0,0,0,2017, September, Monday,14:10,40, Dry, N, Daylight, Right Angle, Not Injured, N, N
US,2,0,0,0,2017, September, Monday,7:50,40, Dry, N, Daylight, Right Angle, Not Injured, N, N
US,2,0,0,1,2017, September, Monday,15:40,60, Dry, N, Daylight, Right Angle, Minor Injury, N, N
US,2,0,0,0,2017, September, Monday,18:50,40, Dry, N, Daylight, Side Swipe, Not Injured, N, N
US,2,0,0,0,2017, September, Monday,14:10,40, Dry, N, Daylight, Rear End, Not Injured, N, N
US,2,0,0,0,2017, September, Monday,0:00,60, Dry, N, Daylight, Rear End, Not Injured, N, N
US,2,0,0,0,2017, September, Monday,15:50,60, Dry, N, Daylight, Rear End, Not Injured, N, N
US,2,0,0,0,2017, August, Wednesday,8:50,40, Dry, N, Daylight, Rear End, Not Injured, N, N
US,3,0,0,0,2017, September, Friday,19:20,40, Dry, N, Daylight, Side Swipe, Not Injured, Y, N
US,3,0,0,0,2017, September, Tuesday,20:00,40, Dry, N, Night, Rear End, Not Injured, N, N
US,3,0,0,0,2017, September, Saturday,14:40,60, Dry, N, Daylight, Rear End, Not Injured, N, N
US,5,0,0,1,2017, September, Tuesday,16:10,70, Dry, N, Daylight, Rear End, Minor Injury, Y, N
US,3,0,0,0,2017, September, Tuesday,17:50,40, Dry, N, Daylight, Right Angle, Not Injured, N, N
US,2,0,0,0,2017, September, Wednesday,1:20,40, Dry, N, Night, Head On, Not Injured, N, N
US,2,0,0,0,2017, September, Tuesday,16:30,40, Dry, N, Daylight, Rear End, Not Injured, N, N
US,2,0,0,1,2017, September, Wednesday,8:40,60, Dry, N, Daylight, Hit Pedestrian, Minor Injury, N, N
US,2,0,0,0,2017, September, Wednesday,10:20,60, Dry, N, Daylight, Right Angle, Minor Injury, N, N
US,2,0,0,0,2017, September, Wednesday,9:40,60, Dry, N, Daylight, Right Angle, Not Injured, N, N
US,3,0,0,0,2017, August, Tuesday,16:50,40, Dry, N, Night, Rear End, Not Injured, N, N
US,2,0,0,0,2017, September, Tuesday,15:20,60, Dry, N, Daylight, Right Angle, Not Injured, N, N
US,2,0,0,0,2017, September, Wednesday,17:10,40, Dry, N, Daylight, Rear End, Not Injured, N, N
US,4,0,0,1,2017, September, Wednesday,16:20,60, Dry, N, Daylight, Rear End, Minor Injury, N, N
US,2,0,0,0,2017, September, Wednesday,22:00,40, Wet, Y, Night, Right Angle, Minor Injury, Y, N
US,2,0,0,0,2017, September, Saturday,15:40,60, Dry, N, Daylight, Rear End, Not Injured, N, N
US,2,0,0,0,2017, September, Thursday,7:20,30, Wet, N, Daylight, Right Angle, Minor Injury, N, N
US,2,0,0,1,2017, September, Thursday,8:20,40, Wet, Y, Daylight, Right Angle, Minor Injury, N, N
US,2,0,0,0,2017, September, Thursday,10:30,40, Dry, N, Daylight, Side Swipe, Not Injured, N, N
US,2,0,0,0,2017, September, Thursday,9:20,70, Dry, N, Daylight, Rear End, Not Injured, N, N
US,2,0,0,1,2017, September, Thursday,11:10,60, Dry, N, Daylight, Right Angle, Minor Injury, N, N
US,3,0,0,0,2017, September, Friday,15:50,50, Dry, N, Daylight, Rear End, Minor Injury, N, N
US,2,0,0,0,2017, September, Thursday,15:50,40, Dry, N, Daylight, Right Angle, Not Injured, N, N
US,3,0,0,1,2017, September, Thursday,15:40,60, Dry, N, Daylight, Rear End, Minor Injury, Y, N
US,2,0,0,1,2017, September, Thursday,16:50,60, Dry, N, Daylight, Right Angle, Minor Injury, N, N
US,2,0,0,1,2017, September, Thursday,17:00,40, Dry, N, Daylight, Right Angle, Minor Injury, N, N
US,2,0,0,0,2017, September, Thursday,16:10,40, Wet, Y, Daylight, Hit Pedestrian, Minor Injury, N, N
US,2,0,0,0,2017, September, Thursday,17:40,40, Dry, N, Daylight, Hit Pedestrian, Minor Injury, N, N
US,2,0,0,0,2017, September, Friday,17:00,40, Dry, N, Daylight, Rear End, Not Injured, N, N
US,2,0,0,1,2017, September, Thursday,16:10,40, Dry, N, Daylight, Right Angle, Minor Injury, N, N
US,2,0,0,1,2017, September, Thursday,22:20,40, Dry, N, Night, Right Angle, Minor Injury, N, N
US,3,0,0,2,2017, September, Thursday,5:10,60, Dry, N, Night, Right Angle, Minor Injury, N, N
US,2,0,0,0,2017, September, Thursday,6:10,60, Wet, Y, Night, Right Angle, Not Injured, N, N
US,2,0,0,0,2017, September, Sunday,2:00,40, Dry, N, Night, Rear End, Not Injured, N, N
US,2,0,0,1,2017, August, Thursday,17:40,60, Dry, N, Daylight, Rear End, Minor Injury, N, N
US,2,0,0,0,2017, August, Monday,12:00,40, Dry, N, Night, Head On, Not Injured, Y, N
US,2,0,0,0,2017, September, Wednesday,15:20,40, Dry, N, Daylight, Rear End, Not Injured, N, N
US,3,0,0,0,2017, September, Wednesday,17:00,90, Dry, N, Daylight, Rear End, Not Injured, N, N
US,2,0,0,0,2017, September, Thursday,17:00,90, Dry, N, Daylight, Rear End, Not Injured, N, N
US,3,0,0,1,2017, September, Saturday,10:20,60, Dry, N, Daylight, Rear End, Minor Injury, N, N
US,2,0,0,0,2017, September, Tuesday,16:10,40, Dry, N, Daylight, Right Angle, Not Injured, N, N
US,3,0,0,0,2017, September, Friday,9:20,60, Dry, N, Daylight, Rear End, Minor Injury, N, N
US,2,0,0,1,2017, September, Friday,9:20,70, Dry, N, Daylight, Rear End, Minor Injury, N, N
US,2,0,0,2,2017, September, Wednesday,14:00,40, Dry, N, Daylight, Right Angle, Minor Injury, N, N
US,2,0,0,0,2017, September, Thursday,14:50,60, Dry, N, Daylight, Side Swipe, Minor Injury, N, N
US,2,0,0,0,2017, September, Friday,11:10,40, Dry, N, Daylight, Right Angle, Not Injured, N, N
US,2,0,0,0,2017, September, Friday,10:30,60, Dry, N, Daylight, Right Angle, Minor Injury, N, N
US,2,0,0,0,2017, September, Friday,11:40,40, Dry, N, Daylight, Right Angle, Not Injured, N, N
US,2,0,0,0,2017, September, Thursday,18:10,40, Dry, N, Daylight, Rear End, Not Injured, N, N
US,2,0,0,0,2017, September, Thursday,20:00,60, Dry, N, Night, Right Angle, Minor Injury, N, N
US,2,0,0,0,2017, September, Friday,16:50,60, Dry, N, Daylight, Right Angle, Minor Injury, N, N
US,2,0,0,0,2017, September, Wednesday,18:50,60, Dry, N, Daylight, Rear End, Not Injured, N, N
US,2,0,0,0,2017, September, Monday,21:10,60, Dry, N, Night, Right Angle, Not Injured, N, N
US,2,0,0,0,2017, August, Thursday,8:20,60, Dry, N, Daylight, Side Swipe, Not Injured, N, N
US,2,0,0,0,2017, August, Sunday,11:20,40, Dry, N, Daylight, Side Swipe, Not Injured, N, N
US,2,1,0,0,2017, September, Thursday,15:20,70, Dry, N, Daylight, Head On, Fatal, N, N
US,2,0,0,0,2017, September, Friday,20:10,60, Dry, N, Night, Side Swipe, Not Injured, N, N
US,2,0,0,0,2017, September, Friday,20:20,60, Dry, N, Night, Head On, Not Injured, N, N
US,2,0,0,0,2017, September, Saturday,0:40,40, Dry, N, Night, Right Angle, Not Injured, Y, N
US,2,0,2,0,2017, September, Friday,12:00,60, Dry, N, Night, Side Swipe, Major Injury, N, N
US,2,0,0,0,2017, September, Saturday,9:30,60, Dry, N, Daylight, Rear End, Not Injured, N, N
US,2,0,0,1,2017, September, Saturday,10:00,40, Dry, N, Daylight, Rear End, Minor Injury, N, N
US,2,0,0,0,2017, September, Saturday,14:30,70, Dry, N, Daylight, Rear End, Not Injured, N, N
US,2,0,0,0,2017, September, Saturday,17:40,60, Dry, N, Daylight, Rear End, Not Injured, N, N
US,4,0,0,0,2017, September, Thursday,22:00,40, Dry, N, Night, Rear End, Not Injured, N, N
US,2,0,0,0,2017, September, Friday,16:00,40, Dry, N, Daylight, Rear End, Not Injured, N, N
US,2,0,0,0,2017, September, Saturday,21:40,40, Dry, N, Night, Right Angle, Not Injured, N, N
US,2,0,0,1,2017, September, Saturday,14:10,40, Dry, N, Daylight, Right Angle, Minor Injury, N, N
US,2,0,0,1,2017, September, Friday,22:40,90, Dry, N, Night, Rear End, Minor Injury, N, N
US,2,0,0,3,2017, September, Saturday,11:40,90, Dry, N, Daylight, Rear End, Minor Injury, N, N
US,2,0,0,0,2017, August, Friday,21:30,60, Dry, N, Night, Right Angle, Minor Injury, N, N
US,2,0,0,0,2017, September, Thursday,16:40,90, Dry, N, Daylight, Rear End, Minor Injury, N, N
US,2,0,0,0,2017, September, Friday,0:50,90, Dry, N, Night, Side Swipe, Not Injured, N, N
US,3,0,0,0,2017, September, Friday,9:30,40, Dry, N, Daylight, Side Swipe, Not Injured, N, N
US,2,0,0,0,2017, September, Friday,14:30,40, Dry, N, Daylight, Rear End, Minor Injury, N, N
US,3,0,0,0,2017, September, Monday,15:20,60, Dry, N, Daylight, Rear End, Minor Injury, N, N
US,2,0,0,0,2017, September, Friday,23:00,40, Dry, N, Night, Right Angle, Not Injured, N, N
US,2,0,0,1,2017, September, Saturday,17:40,60, Dry, N, Daylight, Head On, Minor Injury, Y, N
US,2,0,0,0,2017, September, Wednesday,22:30,40, Wet, Y, Night, Rear End, Not Injured, N, N
US,2,0,0,0,2017, September, Friday,16:20,40, Dry, N, Daylight, Right Angle, Minor Injury, N, N
US,2,0,0,0,2017, September, Sunday,16:20,40, Dry, N, Daylight, Right Angle, Not Injured, N, N
US,2,0,0,0,2017, September, Sunday,17:10,40, Dry, N, Daylight, Rear End, Not Injured, N, N
US,3,0,0,0,2017, September, Friday,18:00,90, Dry, N, Daylight, Rear End, Not Injured, N, N
US,2,0,1,0,2017, August, Monday,13:10,90, Dry, N, Daylight, Rear End, Major Injury, N, N
US,2,0,0,0,2017, September, Friday,17:00,90, Dry, N, Daylight, Rear End, Minor Injury, N, N
US,3,0,0,1,2017, September, Saturday,13:30,60, Dry, N, Daylight, Rear End, Minor Injury, N, N
US,2,0,0,0,2017, September, Sunday,0:10,30, Dry, N, Daylight, Right Angle, Not Injured, N, N
US,2,0,0,0,2017, September, Saturday,14:40,60, Dry, N, Daylight, Side Swipe, Not Injured, N, N
US,2,0,0,0,2017, September, Monday,8:10,40, Dry, N, Daylight, Right Angle, Not Injured, N, N
US,3,0,0,0,2017, September, Monday,9:40,40, Dry, N, Daylight, Right Angle, Not Injured, N, N
US,2,0,0,0,2017, September, Monday,9:10,40, Dry, N, Daylight, Right Angle, Minor Injury, N, N
US,2,0,0,0,2017, September, Monday,7:40,40, Dry, N, Daylight, Right Angle, Not Injured, N, N
US,3,0,0,0,2017, September, Tuesday,8:30,40, Dry, N, Daylight, Rear End, Not Injured, N, N
US,2,0,0,1,2017, September, Saturday,11:50,80, Dry, N, Daylight, Rear End, Minor Injury, N, N
US,2,0,0,0,2017, September, Monday,10:30,40, Dry, N, Daylight, Right Angle, Minor Injury, N, N
US,2,0,0,1,2017, September, Monday,0:20,40, Dry, N, Daylight, Rear End, Minor Injury, N, N
US,4,0,0,0,2017, June, Friday,16:10,90, Wet, Y, Daylight, Rear End, Not Injured, N, N
US,2,0,1,0,2017, September, Monday,17:20,60, Dry, N, Daylight, Rear End, Major Injury, N, N
US,2,0,1,0,2017, September, Monday,19:50,60, Dry, N, Night, Hit Pedestrian, Major Injury, N, N
US,2,0,0,0,2017, September, Thursday,6:50,40, Dry, N, Daylight, Right Angle, Not Injured, N, N
US,2,0,0,1,2017, September, Monday,23:10,40, Dry, N, Night, Right Angle, Minor Injury, N, N
US,2,0,0,0,2017, September, Wednesday,19:50,60, Dry, N, Night, Side Swipe, Not Injured, N, N
US,2,0,0,0,2017, September, Friday,23:40,90, Dry, N, Night, Rear End, Minor Injury, N, N
US,2,0,0,0,2017, September, Monday,9:20,90, Dry, N, Daylight, Rear End, Not Injured, N, N
US,4,0,0,0,2017, September, Tuesday,8:00,70, Dry, N, Night, Rear End, Not Injured, N, N
US,3,0,0,3,2017, September, Tuesday,8:30,60, Dry, N, Daylight, Rear End, Minor Injury, N, N
US,4,0,0,0,2017, September, Tuesday,7:50,40, Dry, N, Daylight, Side Swipe, Not Injured, N, N
US,2,0,0,0,2017, September, Monday,10:30,40, Dry, N, Daylight, Right Angle, Not Injured, N, N
US,3,0,0,0,2017, September, Tuesday,10:00,20, Dry, N, Daylight, Side Swipe, Not Injured, N, N
US,3,0,0,2,2017, September, Tuesday,10:30,60, Dry, N, Daylight, Rear End, Minor Injury, N, N
US,2,0,0,0,2017, September, Tuesday,6:40,40, Dry, N, Daylight, Rear End, Not Injured, N, N
US,3,0,0,0,2017, September, Thursday,10:20,60, Dry, N, Daylight, Right Angle, Not Injured, N, N
US,2,0,0,0,2017, September, Sunday,0:50,60, Dry, N, Night, Side Swipe, Not Injured, Y, N
US,2,0,0,0,2017, September, Tuesday,19:30,60, Dry, N, Night, Rear End, Not Injured, N, N
US,2,0,0,0,2017, September, Tuesday,17:40,60, Dry, N, Daylight, Right Angle, Minor Injury, N, N
US,2,0,0,0,2017, September, Monday,22:20,60, Dry, N, Night, Right Angle, Not Injured, N, N
US,3,0,0,0,2017, September, Thursday,16:40,60, Dry, N, Daylight, Right Angle, Not Injured, N, N
US,2,0,0,0,2017, September, Tuesday,6:40,90, Dry, N, Daylight, Rear End, Not Injured, N, N
US,2,0,0,0,2017, September, Tuesday,6:30,90, Dry, N, Daylight, Rear End, Not Injured, N, N
US,2,0,0,0,2017, September, Tuesday,16:50,60, Dry, N, Daylight, Rear End, Not Injured, N, N
US,2,0,0,0,2017, September, Tuesday,13:40,60, Dry, N, Daylight, Side Swipe, Not Injured, N, N
US,2,0,0,0,2017, September, Tuesday,13:10,40, Dry, N, Daylight, Right Angle, Not Injured, N, N
US,2,0,0,0,2017, September, Wednesday,8:30,40, Dry, N, Daylight, Side Swipe, Not Injured, N, N
US,2,0,0,0,2017, September, Wednesday,11:10,40, Dry, N, Daylight, Side Swipe, Not Injured, N, N
US,3,0,0,0,2017, September, Tuesday,15:40,60, Dry, N, Daylight, Rear End, Not Injured, N, N
US,2,0,0,0,2017, September, Wednesday,11:50,60, Dry, N, Daylight, Right Angle, Not Injured, N, N
US,3,0,0,0,2017, September, Wednesday,0:20,40, Dry, N, Daylight, Right Angle, Not Injured, N, N
US,2,0,0,0,2017, September, Tuesday,21:30,60, Dry, N, Night, Right Angle, Not Injured, N, N
US,2,0,0,0,2017, September, Sunday,17:10,40, Dry, N, Daylight, Right Angle, Not Injured, N, N
US,4,0,0,0,2017, September, Wednesday,15:40,60, Dry, N, Daylight, Rear End, Not Injured, N, N
US,2,0,0,0,2017, September, Friday,15:10,70, Dry, N, Daylight, Rear End, Not Injured, N, N
US,3,0,0,0,2017, September, Tuesday,22:50,40, Dry, N, Night, Rear End, Not Injured, N, N
US,2,0,0,0,2017, September, Wednesday,15:50,60, Dry, N, Daylight, Right Angle, Not Injured, N, N
US,2,0,0,0,2017, September, Wednesday,17:50,60, Dry, N, Daylight, Right Angle, Minor Injury, N, N
US,2,0,0,0,2017, September, Wednesday,18:30,40, Dry, N, Night, Right Angle, Not Injured, N, N
US,2,0,0,0,2017, September, Wednesday,18:30,40, Dry, N, Daylight, Side Swipe, Not Injured, N, N
US,2,0,0,0,2017, September, Tuesday,20:50,40, Dry, N, Night, Right Angle, Not Injured, N, N
US,2,0,0,0,2017, September, Wednesday,20:10,50, Dry, N, Night, Rear End, Not Injured, N, N
US,2,0,0,0,2017, September, Wednesday,21:00,40, Dry, N, Night, Side Swipe, Not Injured, N, N
US,4,0,0,0,2017, September, Sunday,2:20,90, Dry, N, Night, Rear End, Not Injured, Y, N
US,3,0,0,1,2017, September, Wednesday,22:40,40, Dry, N, Night, Side Swipe, Minor Injury, N, N
US,2,0,0,0,2017, September, Wednesday,8:30,40, Dry, N, Daylight, Right Angle, Not Injured, N, N
US,2,0,0,0,2017, September, Wednesday,14:30,40, Dry, N, Daylight, Rear End, Minor Injury, N, N
US,2,0,0,0,2017, September, Monday,14:50,40, Dry, N, Daylight, Right Angle, Not Injured, N, N
US,2,0,0,1,2017, September, Thursday,7:40,30, Dry, Y, Daylight, Right Angle, Minor Injury, N, N
US,2,0,0,0,2017, September, Thursday,7:40,60, Dry, Y, Daylight, Side Swipe, Not Injured, N, N
US,2,0,0,0,2017, September, Thursday,10:10,40, Dry, N, Daylight, Side Swipe, Not Injured, N, N
US,4,0,0,1,2017, September, Thursday,10:20,40, Dry, N, Daylight, Rear End, Minor Injury, N, N
US,3,0,0,0,2017, September, Thursday,9:20,60, Dry, N, Daylight, Right Angle, Minor Injury, N, N
US,2,0,1,0,2017, September, Thursday,10:20,40, Dry, N, Daylight, Right Angle, Major Injury, N, N
US,2,0,0,0,2017, September, Saturday,14:00,40, Dry, N, Daylight, Side Swipe, Not Injured, N, N
US,2,0,0,0,2017, September, Thursday,15:20,30, Dry, N, Daylight, Right Angle, Not Injured, N, N
US,2,0,0,2,2017, September, Thursday,15:50,60, Dry, N, Daylight, Rear End, Minor Injury, N, N
US,2,0,0,1,2017, September, Friday,17:10,60, Dry, N, Daylight, Right Angle, Minor Injury, N, N
US,2,0,0,1,2017, September, Thursday,16:20,40, Dry, N, Daylight, Rear End, Minor Injury, N, N
US,3,0,0,5,2017, September, Thursday,18:10,40, Dry, N, Daylight, Rear End, Minor Injury, N, N
US,2,0,0,1,2017, September, Tuesday,15:30,40, Dry, N, Daylight, Rear End, Minor Injury, N, N
US,2,0,0,0,2017, September, Wednesday,0:20,40, Dry, N, Daylight, Rear End, Not Injured, N, N
US,2,0,0,0,2017, September, Thursday,23:20,40, Dry, N, Night, Rear End, Not Injured, N, N
US,2,0,0,2,2017, September, Thursday,22:50,40, Dry, N, Night, Right Angle, Minor Injury, N, N
US,2,0,0,2,2017, September, Thursday,23:50,40, Dry, N, Night, Head On, Minor Injury, Y, N
US,2,0,0,0,2017, September, Thursday,17:30,60, Dry, N, Daylight, Rear End, Not Injured, N, N