Nation,Total Units,Total Fatalities,Total Serious Injuries,Total Minor Injuries,Year,Month,Day,Time,Speed Limit,Moisture,Adverse Weather Conditions,DayNight,Crash Type,Crash Severity,Alcohol Related ,Drug Related
US,2,0,1,0,2017, October, Tuesday,18:10,40, Dry, N, Daylight, Rear End, Major Injury, N, N
US,2,0,0,0,2017, October, Monday,18:00,60, Dry, N, Daylight, Rear End, Not Injured, N, N
US,3,0,0,0,2017, October, Tuesday,6:20,40, Dry, N, Night, Rear End, Not Injured, N, N
US,3,0,0,1,2017, September, Thursday,6:30,40, Dry, N, Daylight, Right Angle, Minor Injury, N, N
US,2,0,0,0,2017, September, Saturday,16:30,40, Dry, N, Daylight, Rear End, Not Injured, N, N
US,2,0,0,0,2017, September, Wednesday,18:20,70, Dry, N, Daylight, Rear End, Not Injured, N, N
US,2,0,1,0,2017, September, Monday,20:50,40, Dry, N, Night, Right Angle, Major Injury, N, N
US,2,0,0,0,2017, September, Wednesday,8:30,60, Dry, N, Daylight, Right Angle, Not Injured, N, N
US,2,0,0,0,2017, October, Tuesday,0:50,40, Dry, N, Daylight, Right Angle, Not Injured, N, N
US,3,0,0,0,2017, October, Wednesday,8:40,60, Dry, N, Daylight, Rear End, Minor Injury, N, N
US,2,0,0,0,2017, October, Wednesday,9:30,40, Dry, N, Daylight, Right Angle, Not Injured, N, N
US,5,0,0,1,2017, October, Tuesday,21:20,70, Dry, N, Night, Side Swipe, Minor Injury, Y, N
US,2,0,0,0,2017, October, Tuesday,14:50,20, Dry, N, Daylight, Side Swipe, Not Injured, N, N
US,2,0,0,0,2017, October, Wednesday,11:00,60, Dry, N, Daylight, Right Angle, Not Injured, N, N
US,2,0,0,0,2017, September, Thursday,17:10,60, Dry, N, Daylight, Right Angle, Not Injured, N, N
US,2,0,0,1,2017, September, Thursday,6:40,40, Dry, N, Daylight, Right Angle, Minor Injury, N, N
US,2,0,0,0,2017, October, Wednesday,10:50,40, Dry, N, Daylight, Right Angle, Not Injured, N, N
US,2,0,0,0,2017, October, Wednesday,11:30,40, Dry, N, Daylight, Right Angle, Not Injured, N, N
US,2,0,0,0,2017, October, Wednesday,10:50,40, Dry, N, Daylight, Rear End, Not Injured, N, N
US,2,0,0,0,2017, October, Wednesday,11:50,40, Dry, N, Daylight, Right Angle, Not Injured, N, N
US,2,0,0,0,2017, October, Wednesday,13:00,40, Dry, N, Daylight, Side Swipe, Not Injured, N, N
US,4,0,0,0,2017, September, Saturday,0:20,70, Dry, N, Daylight, Rear End, Not Injured, N, N
US,2,0,0,0,2017, October, Wednesday,15:40,60, Dry, N, Daylight, Rear End, Not Injured, N, N
US,2,0,0,0,2017, October, Wednesday,16:50,40, Dry, N, Daylight, Rear End, Not Injured, N, N
US,2,0,0,0,2017, September, Tuesday,11:30,20, Dry, N, Daylight, Right Angle, Not Injured, N, N
US,2,0,0,0,2017, September, Wednesday,19:20,60, Dry, N, Night, Rear End, Not Injured, N, N
US,2,0,0,0,2017, October, Wednesday,16:10,60, Dry, N, Daylight, Rear End, Minor Injury, N, N
US,2,0,0,0,2017, October, Monday,8:30,60, Dry, N, Daylight, Right Angle, Minor Injury, N, N
US,2,0,0,0,2017, October, Wednesday,18:30,40, Dry, N, Daylight, Right Angle, Not Injured, N, N
US,2,0,0,0,2017, October, Wednesday,9:30,60, Dry, N, Daylight, Side Swipe, Minor Injury, N, N
US,5,0,0,0,2017, October, Monday,3:30,40, Dry, N, Night, Side Swipe, Not Injured, N, N
US,2,0,0,0,2017, September, Tuesday,15:50,60, Dry, N, Daylight, Rear End, Not Injured, N, N
US,2,0,0,0,2017, October, Tuesday,6:30,90, Dry, N, Night, Rear End, Minor Injury, N, N
US,2,0,0,0,2017, October, Thursday,9:30,60, Dry, N, Daylight, Rear End, Not Injured, N, N
US,2,0,0,0,2017, October, Tuesday,14:00,70, Dry, N, Daylight, Rear End, Not Injured, N, N
US,2,0,0,0,2017, October, Thursday,8:30,40, Dry, N, Daylight, Right Angle, Minor Injury, N, N
US,2,0,0,0,2017, September, Tuesday,10:30,60, Dry, N, Daylight, Rear End, Not Injured, N, N
US,2,0,0,1,2017, October, Thursday,9:30,40, Dry, N, Daylight, Hit Pedestrian, Minor Injury, N, N
US,2,0,0,0,2017, October, Thursday,13:40,60, Wet, Y, Daylight, Right Angle, Not Injured, N, N
US,2,0,0,0,2017, October, Thursday,0:00,60, Dry, N, Daylight, Right Angle, Not Injured, N, N
US,3,0,0,0,2017, October, Monday,22:20,40, Dry, N, Night, Right Angle, Not Injured, N, N
US,3,0,0,0,2017, October, Thursday,14:40,70, Wet, Y, Daylight, Rear End, Not Injured, N, N
US,2,0,0,0,2017, October, Thursday,16:00,70, Wet, Y, Daylight, Rear End, Not Injured, N, N
US,2,0,0,0,2017, October, Thursday,16:10,40, Wet, N, Daylight, Right Angle, Not Injured, N, N
US,2,0,0,0,2017, September, Thursday,11:50,60, Dry, N, Daylight, Right Angle, Not Injured, N, N
US,2,0,0,0,2017, September, Thursday,0:50,40, Dry, N, Night, Right Angle, Not Injured, Y, N
US,2,0,0,0,2017, September, Wednesday,18:30,40, Dry, N, Daylight, Right Angle, Not Injured, N, N
US,2,0,0,0,2017, October, Thursday,14:40,40, Wet, Y, Daylight, Rear End, Not Injured, N, N
US,2,0,0,1,2017, October, Wednesday,5:00,40, Dry, N, Night, Rear End, Minor Injury, N, N
US,3,0,0,1,2017, October, Thursday,17:50,60, Wet, Y, Daylight, Rear End, Minor Injury, N, N
US,2,0,0,0,2017, October, Thursday,18:00,40, Wet, N, Daylight, Rear End, Not Injured, N, N
US,2,0,0,0,2017, October, Wednesday,14:50,70, Dry, N, Daylight, Rear End, Not Injured, N, N
US,2,0,0,0,2017, October, Thursday,19:30,40, Wet, Y, Night, Rear End, Not Injured, N, N
US,2,0,0,0,2017, October, Thursday,19:40,60, Wet, Y, Night, Right Angle, Minor Injury, Y, N
US,4,0,1,0,2017, October, Thursday,19:00,40, Dry, N, Night, Head On, Major Injury, N, N
US,2,0,0,0,2017, October, Thursday,22:10,40, Wet, N, Night, Right Angle, Not Injured, N, N
US,2,0,0,0,2017, September, Wednesday,15:30,60, Dry, N, Daylight, Rear End, Not Injured, N, N
US,5,0,0,1,2017, October, Thursday,2:20,30, Dry, N, Night, Right Angle, Minor Injury, N, N
US,2,0,0,0,2017, October, Wednesday,0:50,50, Dry, N, Daylight, Right Angle, Not Injured, N, N
US,2,0,0,0,2017, October, Thursday,10:20,40, Wet, Y, Daylight, Right Angle, Not Injured, N, N
US,2,0,0,0,2017, October, Friday,7:50,40, Dry, N, Daylight, Right Angle, Not Injured, N, N
US,2,0,0,0,2017, October, Thursday,13:40,40, Wet, Y, Daylight, Hit Pedestrian, Minor Injury, N, N
US,2,0,0,0,2017, September, Friday,11:30,60, Dry, N, Daylight, Right Angle, Not Injured, N, N
US,2,0,0,1,2017, October, Sunday,11:10,60, Dry, N, Daylight, Rear End, Minor Injury, N, N
US,2,0,0,0,2017, October, Friday,11:40,40, Dry, N, Daylight, Right Angle, Not Injured, N, N
US,2,0,0,1,2017, October, Tuesday,7:50,60, Dry, N, Daylight, Rear End, Minor Injury, N, N
US,4,0,0,0,2017, September, Friday,8:00,60, Dry, N, Daylight, Rear End, Not Injured, N, N
US,2,0,0,0,2017, October, Wednesday,17:20,90, Dry, N, Daylight, Rear End, Not Injured, N, N
US,4,0,0,0,2017, September, Friday,9:10,90, Dry, N, Daylight, Rear End, Not Injured, N, N
US,3,0,0,1,2017, October, Thursday,15:50,40, Wet, Y, Daylight, Rear End, Minor Injury, N, N
US,4,0,0,0,2017, October, Friday,22:00,60, Dry, N, Night, Rear End, Not Injured, N, N
US,3,0,0,0,2017, October, Thursday,22:50,40, Dry, N, Night, Rear End, Minor Injury, Y, N
US,2,0,0,0,2017, September, Sunday,18:40,90, Dry, N, Daylight, Rear End, Not Injured, N, N
US,2,0,0,0,2017, September, Wednesday,9:30,90, Dry, N, Daylight, Rear End, Not Injured, N, N
US,3,0,0,0,2017, October, Wednesday,6:30,90, Dry, N, Daylight, Rear End, Not Injured, N, N
US,2,0,1,0,2017, September, Wednesday,14:00,90, Dry, N, Daylight, Rear End, Major Injury, N, N
US,4,0,0,1,2017, October, Friday,15:40,60, Dry, N, Daylight, Rear End, Minor Injury, N, N
US,2,0,0,0,2017, October, Saturday,9:00,40, Dry, N, Daylight, Right Angle, Minor Injury, N, N
US,3,0,0,0,2017, October, Tuesday,0:30,60, Dry, N, Daylight, Rear End, Not Injured, N, N
US,2,0,0,0,2017, October, Saturday,11:40,60, Dry, N, Daylight, Side Swipe, Not Injured, N, N
US,2,0,0,0,2017, October, Friday,22:20,40, Dry, N, Night, Side Swipe, Not Injured, N, N
US,2,0,0,1,2017, October, Friday,14:50,60, Dry, N, Daylight, Rear End, Minor Injury, N, N
US,2,0,0,1,2017, October, Saturday,17:20,40, Dry, N, Daylight, Hit Pedestrian, Minor Injury, N, N
US,3,0,0,0,2017, October, Saturday,17:00,40, Dry, N, Daylight, Right Angle, Not Injured, Y, N
US,2,0,1,0,2017, September, Wednesday,19:30,40, Dry, N, Night, Side Swipe, Major Injury, Y, N
US,2,0,0,0,2017, October, Saturday,11:10,40, Dry, N, Daylight, Right Angle, Not Injured, N, N
US,3,0,0,0,2017, October, Saturday,13:50,70, Dry, N, Daylight, Right Angle, Not Injured, N, N
US,2,0,0,1,2017, October, Saturday,11:10,50, Dry, N, Daylight, Right Angle, Minor Injury, N, N
US,2,0,0,0,2017, October, Thursday,20:10,70, Dry, N, Night, Rear End, Not Injured, Y, N
US,2,0,0,0,2017, October, Thursday,7:20,60, Dry, N, Daylight, Rear End, Not Injured, N, N
US,2,0,0,0,2017, October, Monday,15:10,70, Dry, N, Daylight, Rear End, Not Injured, N, N
US,2,0,0,0,2017, October, Sunday,16:50,40, Wet, Y, Daylight, Rear End, Minor Injury, N, N
US,2,0,0,0,2017, October, Saturday,21:40,40, Dry, N, Night, Hit Pedestrian, Minor Injury, Y, N
US,2,0,0,0,2017, October, Sunday,16:10,60, Wet, N, Daylight, Rear End, Not Injured, N, N
US,2,0,0,0,2017, October, Sunday,16:50,40, Dry, N, Daylight, Rear End, Not Injured, N, N
US,2,0,0,0,2017, October, Sunday,20:00,60, Wet, Y, Night, Rear End, Not Injured, Y, N
US,2,0,0,0,2017, October, Sunday,18:30,40, Wet, Y, Night, Rear End, Not Injured, N, N
US,3,0,0,0,2017, September, Tuesday,19:40,60, Dry, N, Night, Rear End, Minor Injury, Y, N
US,2,0,0,0,2017, October, Thursday,13:00,60, Dry, N, Daylight, Right Angle, Minor Injury, N, N
US,2,0,0,0,2017, October, Sunday,4:40,60, Dry, N, Night, Rear End, Not Injured, N, N
US,2,0,0,0,2017, October, Sunday,5:00,40, Wet, Y, Night, Side Swipe, Not Injured, N, N
US,2,0,0,0,2017, October, Saturday,11:30,60, Dry, N, Daylight, Rear End, Minor Injury, N, N
US,2,0,0,0,2017, October, Friday,16:20,90, Dry, N, Daylight, Rear End, Not Injured, N, N
US,2,0,0,0,2017, October, Monday,7:50,40, Wet, Y, Daylight, Right Angle, Not Injured, N, N
US,3,0,1,0,2017, October, Monday,9:10,60, Wet, Y, Daylight, Rear End, Major Injury, N, N
US,2,0,0,0,2017, October, Monday,9:30,40, Wet, Y, Daylight, Right Angle, Not Injured, N, N
US,2,0,0,0,2017, October, Monday,11:40,40, Dry, N, Daylight, Right Angle, Not Injured, N, N
US,2,0,0,0,2017, October, Monday,0:10,60, Wet, Y, Daylight, Right Angle, Not Injured, N, N
US,2,0,0,1,2017, October, Monday,18:20,40, Dry, N, Night, Right Angle, Minor Injury, N, N
US,2,0,0,0,2017, October, Sunday,14:50,60, Dry, N, Daylight, Right Angle, Not Injured, N, N
US,2,0,0,0,2017, October, Monday,18:20,40, Dry, N, Daylight, Right Angle, Not Injured, N, N
US,2,0,0,0,2017, October, Monday,5:40,60, Dry, N, Night, Head On, Not Injured, Y, N
US,2,0,0,0,2017, October, Monday,6:40,60, Wet, Y, Night, Right Angle, Not Injured, N, N
US,4,0,0,0,2017, October, Friday,18:20,90, Dry, N, Daylight, Side Swipe, Not Injured, N, N
US,2,0,0,0,2017, October, Monday,15:00,40, Dry, N, Daylight, Rear End, Not Injured, N, N
US,2,0,1,0,2017, October, Monday,11:40,60, Wet, Y, Daylight, Right Angle, Major Injury, N, N
US,2,0,0,0,2017, October, Tuesday,7:30,40, Dry, N, Daylight, Head On, Minor Injury, N, N
US,2,0,0,0,2017, October, Monday,0:00,40, Wet, Y, Daylight, Right Angle, Not Injured, N, N
US,3,0,1,1,2017, September, Monday,9:40,40, Dry, N, Daylight, Rear End, Major Injury, N, N
US,2,0,0,0,2017, October, Wednesday,8:20,40, Dry, N, Daylight, Side Swipe, Not Injured, N, N
US,2,0,0,0,2017, October, Monday,23:00,70, Dry, N, Night, Right Angle, Minor Injury, N, N
US,2,0,0,2,2017, October, Tuesday,15:50,70, Dry, N, Daylight, Rear End, Minor Injury, N, N
US,2,0,0,0,2017, October, Thursday,17:00,60, Wet, N, Daylight, Right Angle, Not Injured, N, N
US,2,0,0,0,2017, October, Tuesday,16:50,60, Dry, N, Daylight, Right Angle, Not Injured, N, N
US,2,0,0,0,2017, September, Thursday,18:40,60, Dry, N, Daylight, Side Swipe, Not Injured, N, N
US,2,0,0,0,2017, October, Thursday,19:00,90, Wet, Y, Night, Rear End, Minor Injury, N, N
US,3,0,0,0,2017, October, Friday,16:10,20, Dry, N, Daylight, Rear End, Not Injured, N, N
US,2,0,0,0,2017, October, Thursday,17:40,60, Dry, N, Daylight, Right Angle, Not Injured, N, N
US,3,0,0,0,2017, September, Friday,18:30,90, Dry, N, Night, Rear End, Not Injured, N, N
US,3,0,0,0,2017, October, Thursday,7:00,90, Dry, N, Daylight, Rear End, Not Injured, N, N
US,2,0,0,0,2017, October, Thursday,11:30,30, Dry, N, Daylight, Rear End, Not Injured, N, N
US,4,0,0,1,2017, October, Friday,17:20,90, Dry, N, Daylight, Rear End, Minor Injury, N, N
US,2,0,0,0,2017, October, Sunday,16:20,90, Wet, Y, Daylight, Right Angle, Minor Injury, N, N
US,2,0,0,0,2017, October, Sunday,19:30,90, Wet, Y, Night, Rear End, Not Injured, N, N
US,2,0,0,2,2017, October, Tuesday,15:10,40, Dry, N, Daylight, Rear End, Minor Injury, Y, N
US,3,0,0,1,2017, October, Tuesday,18:00,70, Dry, N, Daylight, Rear End, Minor Injury, N, N
US,2,0,0,0,2017, October, Monday,22:10,40, Wet, Y, Night, Right Angle, Minor Injury, N, N
US,2,0,0,1,2017, October, Tuesday,19:50,40, Dry, N, Night, Right Angle, Minor Injury, N, N
US,2,0,0,0,2017, October, Tuesday,21:30,60, Dry, N, Night, Rear End, Not Injured, N, N
US,2,1,0,0,2017, October, Monday,21:50,60, Dry, N, Night, Hit Pedestrian, Fatal, N, N
US,2,0,1,0,2017, October, Tuesday,0:00,40, Dry, N, Daylight, Right Angle, Major Injury, N, N
US,2,0,0,1,2017, October, Tuesday,6:50,40, Dry, N, Daylight, Rear End, Minor Injury, N, N
US,2,0,0,0,2017, October, Sunday,3:10,40, Wet, Y, Night, Rear End, Not Injured, N, N
US,2,0,0,0,2017, October, Tuesday,21:10,60, Dry, N, Night, Rear End, Not Injured, N, N
US,2,1,0,0,2017, October, Tuesday,16:10,60, Dry, N, Daylight, Right Angle, Minor Injury, N, N
US,2,0,0,0,2017, October, Tuesday,8:50,40, Dry, N, Daylight, Right Angle, Not Injured, N, N
US,2,0,0,0,2017, October, Saturday,0:30,60, Dry, N, Daylight, Rear End, Not Injured, N, N
US,2,0,0,1,2017, October, Wednesday,7:00,40, Wet, Y, Night, Hit Pedestrian, Minor Injury, N, N
US,2,0,0,0,2017, October, Wednesday,8:50,40, Wet, Y, Daylight, Hit Pedestrian, Minor Injury, N, N
US,2,0,0,0,2017, October, Wednesday,15:20,60, Dry, N, Daylight, Right Angle, Not Injured, N, N
US,3,0,0,0,2017, October, Wednesday,15:10,60, Dry, N, Daylight, Rear End, Not Injured, N, N
US,2,0,0,1,2017, October, Wednesday,17:30,40, Dry, N, Daylight, Rear End, Minor Injury, N, N
US,2,0,0,0,2017, October, Wednesday,15:00,60, Dry, N, Daylight, Right Angle, Not Injured, N, N
US,2,0,0,1,2017, October, Wednesday,17:30,40, Dry, N, Daylight, Rear End, Minor Injury, N, N
US,2,0,0,0,2017, September, Wednesday,19:10,40, Dry, N, Daylight, Right Angle, Not Injured, N, N
US,3,0,0,0,2017, October, Wednesday,19:40,60, Wet, Y, Night, Right Angle, Not Injured, N, N
US,2,0,0,0,2017, October, Wednesday,22:30,40, Wet, Y, Night, Side Swipe, Not Injured, N, N
US,2,0,0,2,2017, October, Wednesday,15:40,60, Dry, N, Daylight, Right Angle, Minor Injury, N, N
US,2,0,0,0,2017, October, Sunday,11:00,40, Dry, N, Daylight, Rear End, Not Injured, N, N
US,2,0,0,1,2017, October, Thursday,8:20,60, Dry, N, Daylight, Rear End, Minor Injury, N, N
US,2,0,0,1,2017, October, Thursday,9:20,40, Dry, N, Daylight, Right Angle, Minor Injury, N, N
US,3,0,0,0,2017, October, Thursday,10:10,60, Dry, N, Daylight, Rear End, Not Injured, N, N
US,2,0,0,0,2017, October, Thursday,0:00,60, Wet, Y, Daylight, Right Angle, Not Injured, N, N
US,2,0,0,4,2017, October, Thursday,10:40,40, Wet, Y, Daylight, Right Angle, Minor Injury, N, N
US,2,0,0,0,2017, October, Thursday,13:40,40, Dry, N, Daylight, Right Angle, Not Injured, N, N
US,2,0,0,0,2017, October, Thursday,7:10,50, Dry, N, Daylight, Hit Pedestrian, Minor Injury, N, N
US,2,0,0,0,2017, October, Thursday,13:00,40, Wet, N, Daylight, Side Swipe, Not Injured, N, N
US,2,0,0,1,2017, October, Wednesday,20:40,60, Wet, Y, Night, Rear End, Minor Injury, N, N
US,2,0,0,0,2017, October, Thursday,17:00,60, Dry, N, Daylight, Rear End, Not Injured, N, N
US,2,0,0,0,2017, October, Tuesday,20:30,40, Dry, N, Night, Right Angle, Not Injured, N, N
US,2,0,0,0,2017, October, Thursday,19:30,40, Dry, N, Night, Right Angle, Minor Injury, N, N
US,2,0,0,0,2017, October, Tuesday,17:50,70, Dry, N, Daylight, Rear End, Not Injured, N, N
US,2,0,0,0,2017, October, Thursday,16:40,60, Wet, Y, Daylight, Right Angle, Not Injured, N, N
US,2,0,0,0,2017, October, Sunday,16:30,60, Wet, Y, Daylight, Rear End, Not Injured, N, N
US,2,0,0,0,2017, October, Tuesday,6:00,40, Dry, N, Night, Right Angle, Not Injured, N, N
US,2,0,0,0,2017, October, Wednesday,20:50,20, Wet, Y, Night, Right Angle, Minor Injury, N, N
US,2,0,0,0,2017, October, Monday,19:40,60, Dry, N, Night, Rear End, Not Injured, N, N
US,2,0,0,0,2017, October, Tuesday,0:10,90, Dry, N, Daylight, Rear End, Not Injured, N, N
US,2,0,0,0,2017, June, Friday,7:40,90, Dry, N, Daylight, Rear End, Not Injured, N, N
US,2,0,0,0,2017, July, Sunday,14:30,90, Dry, N, Daylight, Right Angle, Minor Injury, N, N
US,2,0,0,0,2017, July, Friday,17:50,90, Dry, N, Daylight, Side Swipe, Not Injured, N, N
US,2,0,0,0,2017, October, Tuesday,9:30,90, Dry, N, Daylight, Right Angle, Not Injured, N, N
US,4,0,0,0,2017, October, Thursday,6:40,90, Dry, N, Daylight, Rear End, Not Injured, N, N
US,2,0,0,0,2017, October, Tuesday,16:50,90, Dry, N, Daylight, Rear End, Not Injured, N, N
US,2,0,0,0,2017, October, Thursday,15:40,90, Dry, N, Daylight, Rear End, Not Injured, N, N
US,2,0,0,0,2017, August, Tuesday,8:10,40, Dry, N, Daylight, Side Swipe, Minor Injury, N, N
US,2,0,0,0,2017, October, Thursday,8:30,40, Dry, N, Daylight, Right Angle, Not Injured, N, N
US,2,0,0,0,2017, October, Tuesday,10:30,40, Dry, N, Daylight, Right Angle, Not Injured, N, N
US,3,0,0,0,2017, October, Friday,13:50,40, Dry, N, Daylight, Side Swipe, Minor Injury, N, N
US,2,0,0,0,2017, October, Wednesday,6:40,60, Wet, Y, Night, Right Angle, Not Injured, N, N
US,2,0,0,2,2017, September, Friday,10:00,40, Dry, N, Daylight, Right Angle, Minor Injury, N, N
US,2,0,0,1,2017, October, Thursday,7:00,60, Wet, N, Night, Rear End, Minor Injury, N, N
US,2,0,0,0,2017, October, Wednesday,11:40,90, Dry, N, Daylight, Right Angle, Not Injured, N, N
US,2,0,0,1,2017, October, Thursday,5:40,90, Wet, Y, Night, Rear End, Minor Injury, N, N
US,2,0,0,2,2017, October, Friday,18:10,40, Dry, N, Daylight, Head On, Minor Injury, N, N
US,3,0,0,1,2017, October, Friday,17:40,60, Dry, N, Daylight, Right Angle, Minor Injury, N, N
US,3,1,0,1,2017, October, Friday,19:20,60, Dry, N, Night, Hit Pedestrian, Fatal, Y, N
US,3,0,0,1,2017, October, Friday,23:40,20, Dry, N, Night, Rear End, Minor Injury, N, N
US,2,0,0,0,2017, October, Friday,20:10,60, Dry, N, Night, Right Angle, Not Injured, N, N
US,2,0,0,1,2017, October, Saturday,1:40,40, Dry, N, Night, Head On, Minor Injury, N, N
US,2,0,0,0,2017, October, Saturday,3:00,40, Dry, N, Night, Right Angle, Not Injured, N, N
US,2,0,0,0,2017, October, Monday,8:20,90, Dry, N, Daylight, Rear End, Not Injured, N, N
US,2,0,0,0,2017, October, Friday,22:30,40, Dry, N, Night, Side Swipe, Not Injured, Y, N
US,3,0,0,0,2017, October, Saturday,5:20,40, Dry, N, Night, Right Angle, Not Injured, N, N
US,2,0,0,1,2017, October, Friday,7:00,60, Dry, N, Night, Rear End, Minor Injury, N, N
US,4,0,0,0,2017, October, Saturday,5:40,40, Dry, N, Night, Rear End, Not Injured, Y, N
US,2,0,0,0,2017, October, Friday,14:20,40, Dry, N, Daylight, Right Angle, Not Injured, N, N
US,2,0,0,0,2017, October, Thursday,7:40,60, Dry, Y, Daylight, Right Angle, Minor Injury, N, N
US,2,0,0,1,2017, October, Monday,0:30,50, Wet, Y, Daylight, Right Angle, Minor Injury, N, N
US,2,0,0,1,2017, October, Thursday,14:50,40, Dry, N, Daylight, Right Angle, Minor Injury, N, N
US,2,0,0,0,2017, October, Saturday,0:50,40, Dry, N, Daylight, Right Angle, Not Injured, N, N
US,3,0,0,0,2017, October, Saturday,0:50,40, Dry, N, Daylight, Rear End, Not Injured, N, N
US,3,0,0,0,2017, October, Saturday,13:20,60, Dry, N, Daylight, Rear End, Not Injured, N, N
US,2,0,0,0,2017, October, Friday,16:10,40, Dry, N, Daylight, Right Angle, Not Injured, N, N
US,2,0,0,0,2017, July, Friday,17:10,110, Dry, N, Daylight, Right Angle, Minor Injury, N, N
US,2,0,0,0,2017, October, Saturday,19:40,60, Dry, N, Night, Right Angle, Minor Injury, N, N
US,3,0,0,0,2017, October, Tuesday,13:30,90, Dry, N, Daylight, Right Angle, Minor Injury, N, N
US,2,0,0,0,2017, October, Sunday,9:20,40, Dry, N, Daylight, Right Angle, Minor Injury, N, N
US,2,0,0,0,2017, October, Saturday,13:30,60, Dry, N, Daylight, Right Angle, Not Injured, N, N
US,2,0,0,1,2017, October, Saturday,10:00,40, Dry, N, Daylight, Rear End, Minor Injury, N, N
US,2,0,0,1,2017, October, Sunday,15:30,90, Dry, N, Daylight, Side Swipe, Minor Injury, N, N
US,2,0,0,0,2017, October, Tuesday,9:30,60, Dry, N, Daylight, Right Angle, Not Injured, N, N
US,2,0,0,2,2017, October, Saturday,23:40,40, Dry, N, Night, Right Angle, Minor Injury, Y, N
US,2,0,0,0,2017, October, Sunday,17:30,60, Dry, N, Daylight, Right Angle, Not Injured, N, N
US,2,0,0,0,2017, October, Sunday,16:10,70, Dry, N, Daylight, Rear End, Not Injured, N, N
US,2,0,1,0,2017, October, Sunday,19:00,40, Wet, Y, Night, Hit Pedestrian, Major Injury, N, N
US,3,0,0,1,2017, October, Tuesday,18:10,30, Dry, N, Daylight, Side Swipe, Minor Injury, N, N
US,2,0,0,0,2017, October, Saturday,0:30,40, Dry, N, Night, Head On, Not Injured, N, N
US,2,0,0,0,2017, October, Wednesday,7:00,40, Wet, Y, Night, Right Angle, Minor Injury, N, N
US,2,0,0,0,2017, October, Sunday,8:50,40, Wet, Y, Daylight, Rear End, Minor Injury, N, N
US,2,0,0,0,2017, October, Sunday,0:50,60, Dry, N, Daylight, Right Angle, Minor Injury, N, N
US,2,0,0,0,2017, October, Tuesday,0:40,60, Dry, N, Daylight, Rear End, Not Injured, N, N
US,3,0,0,0,2017, September, Sunday,10:50,90, Dry, N, Daylight, Rear End, Not Injured, N, N
US,2,0,0,0,2017, October, Friday,11:20,40, Dry, N, Daylight, Right Angle, Not Injured, N, N
US,2,0,0,0,2017, October, Sunday,9:20,40, Dry, N, Daylight, Right Angle, Not Injured, N, N
US,2,0,0,0,2017, October, Monday,8:50,40, Dry, N, Daylight, Right Angle, Minor Injury, N, N
US,2,0,0,0,2017, October, Monday,11:00,70, Dry, N, Daylight, Rear End, Not Injured, N, N
US,2,0,0,0,2017, October, Monday,0:10,40, Dry, N, Daylight, Right Angle, Not Injured, N, N
US,2,0,0,0,2017, October, Monday,0:00,40, Dry, N, Daylight, Right Angle, Not Injured, N, N
US,2,0,0,1,2017, October, Thursday,21:10,40, Dry, N, Night, Right Angle, Minor Injury, N, N
US,2,0,0,1,2017, October, Wednesday,19:10,40, Dry, N, Night, Right Angle, Minor Injury, N, N
US,2,0,0,0,2017, October, Monday,17:00,60, Dry, N, Daylight, Right Angle, Not Injured, N, N
US,2,0,0,0,2017, October, Monday,19:00,40, Dry, N, Night, Right Angle, Not Injured, N, N
US,2,0,0,1,2017, August, Monday,17:50,40, Dry, N, Daylight, Side Swipe, Minor Injury, Y, N
US,2,0,0,0,2017, October, Monday,5:40,40, Wet, Y, Daylight, Right Angle, Not Injured, N, N
US,2,0,0,0,2017, October, Tuesday,2:00,40, Dry, N, Night, Hit Pedestrian, Minor Injury, N, N
US,4,0,0,0,2017, October, Sunday,2:20,40, Dry, N, Night, Right Angle, Not Injured, Y, N
US,2,0,0,0,2017, October, Tuesday,3:50,40, Dry, N, Night, Head On, Not Injured, N, N
US,2,0,0,0,2017, October, Thursday,6:30,60, Wet, Y, Night, Right Angle, Minor Injury, N, N
US,2,0,0,1,2017, October, Monday,15:10,60, Dry, N, Daylight, Rear End, Minor Injury, N, N
US,2,0,0,0,2017, October, Saturday,14:20,60, Dry, N, Daylight, Rear End, Minor Injury, N, N
US,2,0,0,1,2017, October, Tuesday,8:00,40, Dry, N, Daylight, Rear End, Minor Injury, N, N
US,2,0,0,0,2017, October, Wednesday,15:00,40, Dry, N, Daylight, Right Angle, Not Injured, N, N
US,2,0,0,2,2017, October, Tuesday,8:20,40, Dry, N, Daylight, Rear End, Minor Injury, N, N
US,2,0,0,0,2017, October, Monday,11:00,40, Dry, N, Daylight, Right Angle, Minor Injury, N, N