Nation,Total Units,Total Fatalities,Total Serious Injuries,Total Minor Injuries,Year,Month,Day,Time,Speed Limit,Moisture,Adverse Weather Conditions,DayNight,Crash Type,Crash Severity,Alcohol Related ,Drug Related
US,2,0,0,0,2017, October, Tuesday,9:30,40, Dry, N, Daylight, Head On, Not Injured, N, N
US,3,0,0,0,2017, October, Monday,0:00,40, Dry, N, Daylight, Side Swipe, Not Injured, N, N
US,2,0,0,0,2017, October, Tuesday,9:40,60, Dry, N, Daylight, Rear End, Not Injured, N, N
US,2,0,0,1,2017, October, Monday,11:30,40, Dry, N, Daylight, Hit Pedestrian, Minor Injury, N, N
US,2,0,0,0,2017, October, Tuesday,11:20,40, Dry, N, Daylight, Right Angle, Not Injured, N, N
US,2,0,0,0,2017, October, Tuesday,13:30,60, Dry, N, Daylight, Rear End, Minor Injury, N, N
US,2,0,0,1,2017, October, Tuesday,13:50,60, Dry, N, Daylight, Right Angle, Minor Injury, N, N
US,2,0,0,2,2017, October, Tuesday,14:00,60, Dry, N, Daylight, Right Angle, Minor Injury, N, N
US,2,0,0,0,2017, October, Tuesday,15:00,40, Dry, N, Daylight, Right Angle, Minor Injury, N, N
US,2,0,0,0,2017, October, Tuesday,13:20,40, Dry, N, Daylight, Right Angle, Minor Injury, N, N
US,2,0,0,1,2017, October, Tuesday,15:40,30, Dry, N, Daylight, Right Angle, Minor Injury, N, N
US,4,0,0,0,2017, July, Tuesday,9:40,90, Dry, N, Daylight, Rear End, Not Injured, N, N
US,2,0,0,0,2017, October, Tuesday,17:00,40, Dry, N, Daylight, Rear End, Not Injured, N, N
US,2,0,0,0,2017, October, Tuesday,17:40,40, Dry, N, Night, Right Angle, Not Injured, N, N
US,3,0,0,0,2017, August, Monday,14:10,90, Dry, N, Daylight, Rear End, Not Injured, N, N
US,3,0,0,1,2017, October, Tuesday,18:10,40, Dry, N, Night, Right Angle, Minor Injury, N, N
US,2,0,0,1,2017, October, Thursday,21:20,40, Dry, N, Night, Rear End, Minor Injury, N, N
US,2,0,0,0,2017, October, Wednesday,0:30,60, Wet, N, Night, Side Swipe, Not Injured, N, N
US,2,0,0,0,2017, September, Friday,20:10,50, Dry, N, Daylight, Head On, Not Injured, N, N
US,2,0,0,0,2017, September, Friday,9:00,60, Dry, N, Daylight, Rear End, Not Injured, N, N
US,3,0,0,0,2017, October, Tuesday,6:40,90, Dry, N, Night, Rear End, Not Injured, N, N
US,2,0,0,0,2017, October, Tuesday,7:50,40, Dry, N, Daylight, Rear End, Not Injured, N, N
US,2,0,0,0,2017, October, Wednesday,8:50,40, Dry, N, Daylight, Rear End, Not Injured, N, N
US,2,0,0,1,2017, October, Wednesday,7:40,50, Dry, N, Daylight, Right Angle, Minor Injury, N, N
US,4,0,0,0,2017, October, Wednesday,8:50,60, Dry, N, Daylight, Rear End, Not Injured, N, N
US,2,0,0,0,2017, October, Monday,13:50,60, Dry, N, Daylight, Right Angle, Not Injured, N, N
US,2,0,1,0,2017, October, Wednesday,9:40,40, Dry, N, Daylight, Side Swipe, Major Injury, N, N
US,2,0,0,0,2017, October, Wednesday,8:50,60, Dry, N, Daylight, Right Angle, Not Injured, N, N
US,2,0,0,1,2017, October, Tuesday,9:10,60, Dry, N, Daylight, Rear End, Minor Injury, N, N
US,2,0,0,0,2017, October, Wednesday,10:40,60, Dry, N, Daylight, Right Angle, Not Injured, N, N
US,2,0,0,0,2017, October, Wednesday,11:50,60, Dry, N, Daylight, Side Swipe, Not Injured, N, N
US,2,0,0,0,2017, October, Wednesday,13:20,40, Dry, N, Daylight, Right Angle, Not Injured, N, N
US,2,0,0,2,2017, October, Wednesday,0:00,50, Dry, N, Daylight, Rear End, Minor Injury, N, N
US,2,0,0,1,2017, October, Tuesday,22:20,40, Dry, N, Night, Hit Pedestrian, Minor Injury, N, N
US,2,0,0,0,2017, October, Monday,16:40,70, Dry, N, Daylight, Right Angle, Not Injured, N, N
US,2,0,0,0,2017, October, Tuesday,19:10,60, Dry, N, Night, Rear End, Not Injured, N, N
US,5,0,0,1,2017, October, Wednesday,6:30,90, Dry, N, Night, Rear End, Minor Injury, N, N
US,2,0,0,0,2017, October, Tuesday,19:20,90, Dry, N, Night, Rear End, Minor Injury, N, N
US,2,0,0,0,2017, October, Wednesday,16:20,60, Dry, N, Daylight, Rear End, Not Injured, N, N
US,2,0,0,0,2017, October, Wednesday,19:20,40, Dry, N, Night, Right Angle, Not Injured, N, N
US,2,0,0,0,2017, May, Thursday,3:40,60, Wet, Y, Night, Right Angle, Not Injured, N, N
US,3,0,0,1,2017, October, Wednesday,6:50,40, Dry, N, Daylight, Rear End, Minor Injury, N, N
US,2,0,0,0,2017, October, Wednesday,6:10,90, Dry, N, Daylight, Rear End, Minor Injury, N, N
US,3,0,0,0,2017, October, Friday,16:20,90, Dry, N, Daylight, Rear End, Not Injured, N, N
US,2,0,0,0,2017, October, Friday,16:50,90, Dry, N, Daylight, Rear End, Minor Injury, N, N
US,3,0,0,0,2017, October, Monday,6:50,90, Dry, N, Night, Rear End, Not Injured, N, N
US,4,0,0,0,2017, October, Tuesday,17:20,90, Dry, N, Daylight, Rear End, Not Injured, N, N
US,3,0,0,0,2017, October, Tuesday,15:00,60, Dry, N, Daylight, Rear End, Minor Injury, N, N
US,2,0,0,0,2017, October, Wednesday,9:50,60, Dry, N, Daylight, Right Angle, Not Injured, N, N
US,2,0,0,0,2017, October, Wednesday,0:20,70, Dry, N, Daylight, Rear End, Not Injured, N, N
US,2,0,0,0,2017, October, Monday,15:30,60, Dry, N, Daylight, Rear End, Not Injured, N, N
US,2,0,0,0,2017, October, Thursday,7:00,40, Dry, N, Night, Right Angle, Not Injured, N, N
US,3,0,0,0,2017, October, Thursday,6:50,60, Dry, N, Night, Rear End, Not Injured, N, N
US,2,0,0,0,2017, October, Wednesday,17:10,60, Dry, N, Daylight, Rear End, Not Injured, N, N
US,2,0,0,0,2017, October, Wednesday,14:00,50, Dry, N, Daylight, Right Angle, Not Injured, N, N
US,2,0,0,0,2017, October, Thursday,7:20,60, Dry, N, Daylight, Side Swipe, Not Injured, N, N
US,2,0,0,0,2017, October, Thursday,7:10,60, Dry, N, Daylight, Right Angle, Not Injured, N, N
US,2,0,0,0,2017, October, Wednesday,8:50,40, Dry, N, Daylight, Right Angle, Not Injured, N, N
US,2,0,0,0,2017, October, Thursday,8:50,70, Dry, N, Daylight, Rear End, Not Injured, N, N
US,2,0,0,0,2017, October, Wednesday,14:40,40, Dry, N, Daylight, Right Angle, Not Injured, N, N
US,2,0,0,0,2017, October, Thursday,13:20,40, Dry, N, Daylight, Right Angle, Not Injured, N, N
US,3,0,0,0,2017, October, Wednesday,21:30,40, Dry, N, Night, Side Swipe, Not Injured, N, N
US,3,0,0,0,2017, October, Thursday,15:30,60, Dry, N, Daylight, Rear End, Not Injured, N, N
US,4,0,0,0,2017, October, Wednesday,14:40,40, Dry, N, Daylight, Right Angle, Minor Injury, N, N
US,2,0,0,0,2017, September, Sunday,22:00,90, Dry, N, Night, Right Angle, Not Injured, Y, N
US,2,0,0,0,2017, October, Thursday,17:30,40, Dry, N, Daylight, Right Angle, Not Injured, N, N
US,2,0,0,0,2017, October, Thursday,18:20,60, Dry, N, Daylight, Right Angle, Not Injured, N, N
US,2,0,0,0,2017, October, Thursday,13:50,40, Dry, N, Daylight, Right Angle, Not Injured, N, N
US,2,0,0,1,2017, October, Thursday,20:50,30, Dry, N, Night, Rear End, Minor Injury, N, N
US,3,0,0,0,2017, October, Thursday,14:10,60, Dry, N, Daylight, Rear End, Not Injured, N, N
US,2,0,0,0,2017, October, Friday,7:30,60, Dry, N, Daylight, Rear End, Not Injured, N, N
US,2,0,0,0,2017, October, Thursday,14:40,40, Dry, N, Daylight, Side Swipe, Not Injured, N, N
US,2,0,0,1,2017, October, Friday,7:50,40, Dry, N, Daylight, Rear End, Minor Injury, N, N
US,3,0,0,0,2017, October, Friday,7:10,60, Dry, N, Daylight, Rear End, Not Injured, N, N
US,2,0,1,0,2017, October, Wednesday,16:50,40, Dry, N, Daylight, Rear End, Major Injury, N, N
US,2,0,0,1,2017, October, Thursday,21:50,60, Dry, N, Night, Right Angle, Minor Injury, N, N
US,2,0,0,2,2017, October, Friday,10:40,60, Dry, N, Daylight, Rear End, Minor Injury, N, N
US,2,0,0,0,2017, October, Monday,23:30,60, Wet, N, Night, Rear End, Not Injured, N, N
US,2,0,0,0,2017, October, Friday,13:40,50, Dry, N, Daylight, Right Angle, Minor Injury, N, N
US,3,0,0,0,2017, September, Monday,8:50,90, Dry, N, Daylight, Rear End, Minor Injury, N, N
US,2,0,0,0,2017, October, Friday,16:40,60, Dry, N, Daylight, Right Angle, Not Injured, N, N
US,3,0,0,0,2017, October, Friday,16:50,60, Dry, N, Daylight, Right Angle, Not Injured, N, N
US,2,0,0,0,2017, October, Friday,18:50,40, Dry, N, Night, Right Angle, Not Injured, N, N
US,2,0,0,1,2017, October, Friday,19:10,40, Dry, N, Night, Head On, Minor Injury, N, N
US,2,0,0,2,2017, October, Friday,15:00,60, Dry, N, Daylight, Head On, Minor Injury, N, N
US,2,0,0,0,2017, October, Friday,17:50,60, Dry, N, Daylight, Side Swipe, Not Injured, Y, N
US,2,0,0,0,2017, October, Friday,13:20,60, Dry, N, Daylight, Side Swipe, Not Injured, N, N
US,3,0,0,0,2017, October, Thursday,18:50,40, Dry, N, Night, Right Angle, Not Injured, N, N
US,2,0,0,0,2017, October, Friday,13:10,70, Dry, N, Daylight, Rear End, Not Injured, N, N
US,2,0,0,0,2017, October, Thursday,0:00,40, Dry, N, Daylight, Right Angle, Not Injured, N, N
US,2,0,0,1,2017, October, Tuesday,0:50,40, Dry, N, Daylight, Rear End, Minor Injury, N, N
US,3,0,0,2,2017, October, Saturday,11:30,60, Dry, N, Daylight, Rear End, Minor Injury, N, N
US,2,0,0,0,2017, October, Saturday,10:50,60, Dry, N, Daylight, Rear End, Not Injured, N, N
US,2,0,0,0,2017, October, Saturday,0:50,40, Dry, N, Daylight, Right Angle, Not Injured, N, N
US,2,0,0,1,2017, October, Thursday,18:00,40, Dry, N, Daylight, Right Angle, Minor Injury, N, N
US,2,0,0,0,2017, October, Saturday,17:10,40, Dry, N, Daylight, Side Swipe, Minor Injury, N, N
US,2,0,0,0,2017, October, Monday,20:30,70, Dry, N, Night, Right Angle, Minor Injury, N, N
US,2,0,0,0,2017, October, Tuesday,10:00,40, Dry, N, Daylight, Right Angle, Not Injured, N, N
US,2,0,0,0,2017, October, Saturday,22:40,40, Dry, N, Night, Right Angle, Not Injured, N, N
US,2,0,0,0,2017, October, Friday,14:10,60, Dry, N, Daylight, Rear End, Not Injured, N, N
US,2,0,0,0,2017, October, Saturday,11:00,60, Dry, N, Daylight, Right Angle, Not Injured, N, N
US,2,0,0,0,2017, October, Sunday,6:00,40, Dry, N, Night, Rear End, Not Injured, Y, N
US,3,0,1,2,2017, October, Wednesday,8:00,60, Dry, N, Daylight, Rear End, Major Injury, N, N
US,2,0,0,0,2017, October, Saturday,14:40,40, Dry, N, Daylight, Head On, Minor Injury, N, N
US,2,0,0,2,2017, October, Sunday,11:40,60, Dry, N, Daylight, Right Angle, Minor Injury, N, N
US,2,0,0,1,2017, October, Sunday,7:50,60, Dry, N, Daylight, Rear End, Minor Injury, N, N
US,2,0,0,0,2017, October, Saturday,19:30,60, Dry, N, Night, Right Angle, Not Injured, N, N
US,2,0,0,0,2017, October, Friday,19:30,60, Dry, N, Night, Right Angle, Not Injured, N, N
US,2,0,0,0,2017, October, Sunday,16:10,40, Dry, N, Daylight, Right Angle, Not Injured, N, N
US,2,0,0,0,2017, October, Monday,6:30,90, Dry, N, Night, Rear End, Not Injured, N, N
US,3,0,0,2,2017, October, Wednesday,7:10,90, Dry, N, Daylight, Rear End, Minor Injury, N, N
US,3,0,0,0,2017, October, Sunday,20:30,70, Dry, N, Night, Rear End, Not Injured, N, N
US,2,0,0,0,2017, October, Saturday,19:10,60, Dry, N, Night, Rear End, Not Injured, N, N
US,2,0,0,0,2017, October, Sunday,2:30,90, Dry, N, Night, Rear End, Minor Injury, Y, N
US,2,0,0,0,2017, October, Sunday,20:20,60, Dry, N, Night, Rear End, Not Injured, N, N
US,2,0,0,0,2017, October, Saturday,10:30,60, Dry, N, Daylight, Right Angle, Not Injured, N, N
US,4,0,0,0,2017, October, Sunday,0:00,60, Dry, N, Night, Right Angle, Not Injured, Y, N
US,2,0,0,0,2017, October, Monday,0:00,40, Dry, N, Night, Rear End, Not Injured, N, N
US,2,0,0,0,2017, October, Saturday,20:20,60, Dry, N, Night, Side Swipe, Minor Injury, N, N
US,2,0,0,0,2017, October, Monday,7:50,60, Wet, Y, Daylight, Head On, Not Injured, N, N
US,2,0,0,0,2017, October, Friday,7:50,60, Dry, N, Daylight, Rear End, Not Injured, N, N
US,4,0,0,0,2017, October, Monday,15:10,60, Wet, Y, Daylight, Rear End, Not Injured, N, N
US,2,0,0,0,2017, October, Thursday,20:50,60, Dry, N, Night, Rear End, Not Injured, N, N
US,2,0,0,0,2017, October, Monday,16:10,60, Wet, Y, Daylight, Right Angle, Not Injured, N, N
US,3,1,0,0,2017, October, Thursday,13:20,90, Dry, N, Daylight, Hit Pedestrian, Fatal, N, N
US,3,0,0,1,2017, October, Monday,15:50,40, Wet, Y, Daylight, Right Angle, Minor Injury, N, N
US,3,0,0,1,2017, October, Friday,6:30,90, Dry, N, Night, Rear End, Minor Injury, N, N
US,2,0,0,0,2017, October, Monday,18:30,40, Wet, Y, Night, Right Angle, Not Injured, N, N
US,2,0,0,0,2017, October, Monday,16:40,40, Wet, Y, Daylight, Right Angle, Not Injured, N, N
US,2,0,0,0,2017, October, Monday,20:10,40, Wet, Y, Night, Right Angle, Not Injured, N, N
US,2,0,0,0,2017, October, Saturday,18:30,70, Dry, N, Night, Rear End, Not Injured, N, N
US,2,0,0,1,2017, October, Saturday,20:40,60, Dry, N, Night, Right Angle, Minor Injury, N, N
US,3,0,0,0,2017, October, Tuesday,0:10,40, Wet, N, Night, Right Angle, Not Injured, Y, N
US,2,0,0,0,2017, October, Tuesday,4:40,40, Wet, N, Night, Hit Pedestrian, Minor Injury, N, N
US,3,0,0,1,2017, October, Thursday,8:00,90, Dry, N, Daylight, Rear End, Minor Injury, N, N
US,2,0,0,0,2017, October, Sunday,2:40,40, Wet, Y, Night, Right Angle, Not Injured, N, N
US,2,0,0,0,2017, October, Thursday,6:50,90, Dry, N, Daylight, Side Swipe, Not Injured, N, N
US,2,0,0,0,2017, October, Sunday,10:20,40, Dry, N, Daylight, Right Angle, Not Injured, N, N
US,5,0,0,4,2017, October, Tuesday,6:10,70, Wet, Y, Night, Hit Pedestrian, Minor Injury, N, N
US,2,0,0,0,2017, October, Tuesday,7:20,40, Wet, N, Daylight, Rear End, Not Injured, N, N
US,2,0,0,0,2017, October, Tuesday,9:00,60, Wet, Y, Daylight, Rear End, Not Injured, N, N
US,3,0,0,0,2017, October, Thursday,19:10,40, Dry, N, Night, Rear End, Not Injured, N, N
US,2,0,0,1,2017, October, Tuesday,15:30,40, Dry, N, Daylight, Side Swipe, Minor Injury, N, N
US,2,0,0,0,2017, October, Tuesday,17:00,60, Dry, N, Daylight, Rear End, Not Injured, N, N
US,2,0,0,0,2017, October, Tuesday,16:10,60, Dry, N, Daylight, Right Angle, Not Injured, N, N
US,2,0,1,0,2017, October, Monday,16:40,60, Wet, Y, Daylight, Hit Pedestrian, Major Injury, N, N
US,3,0,0,0,2017, October, Tuesday,17:10,40, Dry, N, Daylight, Rear End, Not Injured, N, N
US,2,0,0,0,2017, October, Tuesday,17:40,60, Wet, Y, Daylight, Rear End, Not Injured, N, N
US,2,0,0,0,2017, October, Tuesday,19:10,90, Dry, N, Night, Right Angle, Minor Injury, N, N
US,3,0,0,0,2017, October, Tuesday,19:00,40, Dry, N, Daylight, Right Angle, Not Injured, N, N
US,2,0,0,0,2017, October, Tuesday,20:50,40, Dry, N, Night, Rear End, Not Injured, N, N
US,2,0,0,0,2017, October, Tuesday,15:40,40, Dry, N, Daylight, Right Angle, Not Injured, N, N
US,2,0,0,0,2017, October, Friday,22:20,90, Dry, N, Night, Rear End, Not Injured, N, N
US,2,0,0,0,2017, October, Saturday,21:50,40, Dry, N, Night, Right Angle, Not Injured, N, N
US,2,0,0,1,2017, October, Wednesday,9:30,40, Dry, N, Daylight, Rear End, Minor Injury, N, N
US,2,0,0,0,2017, October, Saturday,9:00,60, Dry, N, Daylight, Rear End, Not Injured, N, N
US,2,0,0,0,2017, October, Tuesday,0:40,40, Dry, N, Daylight, Head On, Not Injured, N, N
US,2,0,0,0,2017, October, Wednesday,11:50,40, Dry, N, Daylight, Right Angle, Not Injured, N, N
US,3,0,0,3,2017, October, Wednesday,0:10,60, Dry, N, Daylight, Rear End, Minor Injury, N, N
US,2,0,0,0,2017, October, Wednesday,14:00,20, Wet, Y, Daylight, Right Angle, Not Injured, N, N
US,2,0,0,1,2017, October, Wednesday,15:50,60, Dry, N, Daylight, Hit Pedestrian, Minor Injury, N, N
US,2,0,0,1,2017, October, Wednesday,15:20,40, Wet, Y, Daylight, Rear End, Minor Injury, N, N
US,2,0,0,2,2017, October, Wednesday,16:30,50, Wet, Y, Daylight, Rear End, Minor Injury, N, N
US,2,0,0,0,2017, October, Wednesday,15:00,30, Wet, Y, Daylight, Rear End, Not Injured, N, N
US,2,0,0,1,2017, October, Wednesday,16:30,50, Wet, Y, Daylight, Rear End, Minor Injury, N, N
US,4,1,0,0,2017, October, Friday,18:30,40, Dry, N, Daylight, Side Swipe, Fatal, N, N
US,2,0,0,0,2017, October, Monday,16:40,40, Dry, N, Daylight, Hit Pedestrian, Minor Injury, N, N
US,4,0,0,1,2017, October, Tuesday,16:50,40, Dry, N, Daylight, Rear End, Minor Injury, N, N
US,2,0,0,0,2017, October, Wednesday,8:00,110, Dry, N, Daylight, Rear End, Not Injured, N, N
US,2,0,0,0,2017, October, Tuesday,7:40,90, Wet, Y, Daylight, Rear End, Not Injured, N, N
US,2,0,0,0,2017, October, Wednesday,18:10,70, Wet, Y, Daylight, Rear End, Not Injured, N, N
US,2,0,0,0,2017, October, Wednesday,16:40,40, Dry, N, Daylight, Right Angle, Not Injured, N, N
US,2,0,0,0,2017, October, Wednesday,17:00,60, Wet, Y, Daylight, Rear End, Not Injured, N, N
US,3,0,0,0,2017, October, Wednesday,17:30,40, Wet, Y, Daylight, Rear End, Not Injured, N, N
US,2,0,0,1,2017, October, Wednesday,21:00,40, Dry, N, Night, Right Angle, Minor Injury, N, N
US,2,0,0,0,2017, October, Wednesday,15:10,50, Dry, N, Daylight, Hit Pedestrian, Minor Injury, N, N
US,2,0,0,0,2017, October, Saturday,11:20,30, Dry, N, Daylight, Rear End, Not Injured, N, N
US,2,0,0,0,2017, September, Sunday,18:50,90, Dry, N, Night, Rear End, Minor Injury, N, N
US,4,0,0,0,2017, October, Wednesday,17:30,90, Dry, N, Daylight, Rear End, Not Injured, N, N
US,2,0,0,0,2017, October, Friday,7:10,90, Dry, N, Daylight, Rear End, Not Injured, N, N
US,2,0,0,0,2017, October, Friday,23:10,90, Dry, N, Night, Rear End, Not Injured, N, N
US,2,0,0,0,2017, August, Tuesday,6:40,90, Dry, N, Daylight, Rear End, Not Injured, N, N
US,4,0,0,0,2017, August, Wednesday,15:40,70, Dry, N, Daylight, Side Swipe, Not Injured, N, N
US,2,0,0,0,2017, October, Sunday,13:20,90, Dry, N, Daylight, Rear End, Not Injured, N, N
US,2,0,0,0,2017, August, Tuesday,6:20,90, Dry, N, Daylight, Rear End, Not Injured, N, N
US,2,0,0,0,2017, October, Thursday,7:30,60, Dry, N, Daylight, Right Angle, Not Injured, N, N
US,2,0,0,0,2017, October, Saturday,23:50,60, Dry, N, Night, Rear End, Not Injured, N, N
US,2,0,0,0,2017, October, Saturday,10:10,60, Dry, N, Daylight, Right Angle, Not Injured, N, N
US,2,0,0,0,2017, October, Thursday,8:40,40, Dry, N, Daylight, Right Angle, Not Injured, N, N
US,2,0,0,0,2017, October, Thursday,9:30,40, Dry, N, Daylight, Right Angle, Not Injured, N, N
US,3,0,0,1,2017, October, Thursday,8:20,40, Dry, N, Daylight, Rear End, Minor Injury, N, N
US,2,0,0,0,2017, October, Thursday,9:50,60, Dry, N, Daylight, Right Angle, Not Injured, N, N
US,2,0,0,0,2017, October, Friday,21:10,60, Dry, N, Night, Right Angle, Not Injured, N, N
US,2,0,0,0,2017, October, Sunday,14:00,40, Dry, N, Daylight, Right Angle, Not Injured, N, N
US,2,0,0,2,2017, July, Monday,14:50,40, Dry, N, Daylight, Head On, Minor Injury, N, N
US,2,0,0,0,2017, August, Friday,8:40,40, Dry, N, Daylight, Side Swipe, Not Injured, N, N
US,3,0,0,0,2017, August, Saturday,1:20,40, Dry, N, Night, Rear End, Not Injured, Y, N
US,3,0,0,0,2017, August, Tuesday,18:00,40, Wet, Y, Daylight, Rear End, Not Injured, N, N
US,2,0,1,0,2017, September, Thursday,11:50,60, Dry, N, Daylight, Rear End, Major Injury, N, N
US,2,0,0,1,2017, September, Saturday,21:10,40, Dry, N, Night, Right Angle, Minor Injury, N, N
US,2,0,0,0,2017, October, Tuesday,14:00,40, Dry, N, Daylight, Right Angle, Not Injured, N, N
US,2,0,0,0,2017, October, Monday,6:30,60, Wet, Y, Night, Right Angle, Not Injured, N, N
US,2,0,0,0,2017, October, Monday,14:20,40, Wet, Y, Daylight, Head On, Not Injured, N, N
US,2,0,0,0,2017, October, Wednesday,16:10,40, Wet, Y, Daylight, Right Angle, Not Injured, N, N
US,2,0,0,0,2017, October, Thursday,8:20,60, Dry, N, Daylight, Rear End, Not Injured, N, N
US,2,0,0,0,2017, October, Tuesday,21:20,40, Wet, Y, Night, Right Angle, Not Injured, N, N
US,2,0,0,0,2017, October, Thursday,15:40,40, Dry, N, Daylight, Head On, Not Injured, N, N
US,2,0,0,0,2017, October, Thursday,16:00,40, Dry, N, Daylight, Head On, Not Injured, N, N
US,3,0,0,0,2017, October, Thursday,16:40,40, Dry, N, Daylight, Right Angle, Not Injured, N, N
US,2,0,0,0,2017, October, Wednesday,19:00,60, Wet, Y, Night, Hit Pedestrian, Minor Injury, N, N
US,4,0,0,0,2017, October, Tuesday,15:40,90, Dry, N, Daylight, Rear End, Minor Injury, N, N
US,3,0,0,0,2017, October, Thursday,17:00,60, Dry, N, Daylight, Rear End, Not Injured, N, N
US,2,0,0,0,2017, October, Monday,7:50,30, Wet, Y, Daylight, Right Angle, Not Injured, N, N
US,2,0,0,1,2017, October, Thursday,18:00,40, Dry, N, Daylight, Hit Pedestrian, Minor Injury, N, N
US,2,0,0,0,2017, October, Thursday,23:00,110, Dry, N, Night, Rear End, Minor Injury, Y, N
US,2,0,0,0,2017, October, Thursday,17:20,40, Dry, N, Daylight, Rear End, Not Injured, N, N
US,2,0,0,0,2017, October, Thursday,19:10,60, Dry, N, Night, Rear End, Minor Injury, N, N
US,2,0,0,0,2017, October, Sunday,22:00,20, Dry, N, Night, Right Angle, Not Injured, N, N
US,2,0,0,0,2017, October, Thursday,20:20,40, Dry, N, Night, Side Swipe, Not Injured, N, N
US,3,0,0,0,2017, October, Wednesday,5:50,40, Dry, N, Night, Side Swipe, Not Injured, N, N
US,2,0,0,1,2017, October, Sunday,2:00,40, Dry, N, Night, Right Angle, Minor Injury, N, N
US,2,0,0,0,2017, October, Thursday,8:40,40, Dry, N, Daylight, Right Angle, Not Injured, N, N
US,2,0,0,0,2017, October, Wednesday,7:20,40, Dry, N, Daylight, Right Angle, Not Injured, N, N
US,4,0,0,1,2017, October, Tuesday,9:30,60, Dry, N, Daylight, Rear End, Minor Injury, N, N
US,2,0,0,1,2017, October, Thursday,7:10,60, Dry, N, Night, Rear End, Minor Injury, N, N
US,2,0,0,0,2017, October, Wednesday,17:00,50, Wet, Y, Daylight, Head On, Not Injured, N, N
US,2,0,0,0,2017, October, Thursday,17:40,40, Dry, N, Daylight, Rear End, Not Injured, N, N
US,3,0,0,0,2017, October, Friday,8:30,60, Dry, N, Daylight, Rear End, Not Injured, N, N
US,2,0,0,0,2017, October, Friday,13:10,60, Dry, N, Daylight, Right Angle, Not Injured, N, N
US,3,0,0,0,2017, October, Friday,13:40,60, Dry, N, Daylight, Rear End, Not Injured, N, N
US,2,0,0,0,2017, October, Friday,13:30,60, Dry, N, Daylight, Right Angle, Not Injured, N, N
US,2,0,0,0,2017, October, Friday,15:50,60, Dry, N, Daylight, Rear End, Not Injured, N, N
US,2,0,0,1,2017, October, Tuesday,15:10,40, Dry, N, Daylight, Right Angle, Minor Injury, N, N
US,3,0,0,0,2017, October, Friday,17:10,50, Dry, N, Daylight, Rear End, Not Injured, N, N
US,2,0,0,6,2017, October, Thursday,19:00,40, Dry, N, Night, Side Swipe, Minor Injury, N, N
US,2,0,0,1,2017, September, Friday,13:20,90, Dry, N, Daylight, Right Angle, Minor Injury, N, N
US,2,0,0,1,2017, September, Saturday,21:00,90, Dry, N, Night, Rear End, Minor Injury, N, N
US,2,0,0,0,2017, October, Friday,16:50,40, Dry, N, Daylight, Right Angle, Not Injured, N, N
US,2,0,0,1,2017, October, Friday,18:50,40, Dry, N, Night, Right Angle, Minor Injury, N, N
US,2,0,0,0,2017, October, Thursday,16:30,60, Dry, N, Daylight, Side Swipe, Not Injured, N, N
US,2,0,0,0,2017, October, Friday,15:30,40, Dry, N, Daylight, Head On, Not Injured, N, N
US,2,0,0,1,2017, October, Friday,16:20,60, Dry, N, Daylight, Rear End, Minor Injury, N, N
US,2,0,0,0,2017, October, Saturday,0:40,40, Dry, N, Night, Right Angle, Not Injured, N, N
US,2,0,0,0,2017, October, Friday,21:20,40, Dry, N, Night, Side Swipe, Not Injured, N, N
US,2,0,0,0,2017, October, Friday,19:20,60, Dry, N, Night, Right Angle, Not Injured, N, N
US,2,0,0,0,2017, October, Sunday,14:20,50, Dry, N, Daylight, Right Angle, Minor Injury, N, N
US,3,0,0,0,2017, October, Saturday,9:10,40, Wet, Y, Daylight, Rear End, Not Injured, N, N
US,2,0,0,0,2017, October, Friday,15:30,60, Dry, N, Daylight, Rear End, Not Injured, N, N
US,2,0,0,0,2017, October, Monday,3:20,20, Dry, N, Night, Side Swipe, Not Injured, Y, N
US,2,0,0,1,2017, October, Friday,17:00,40, Dry, N, Daylight, Right Angle, Minor Injury, N, N
US,2,0,0,0,2017, October, Saturday,11:30,40, Wet, Y, Daylight, Side Swipe, Not Injured, N, N
US,2,0,0,0,2017, October, Saturday,0:30,60, Wet, Y, Daylight, Rear End, Minor Injury, N, N
US,2,0,0,0,2017, October, Friday,18:00,40, Dry, N, Daylight, Right Angle, Not Injured, N, N
US,2,0,0,1,2017, October, Saturday,0:50,40, Wet, Y, Daylight, Right Angle, Minor Injury, N, N
US,3,0,0,0,2017, October, Friday,15:50,30, Dry, N, Daylight, Rear End, Minor Injury, N, N