Nation,Total Units,Total Fatalities,Total Serious Injuries,Total Minor Injuries,Year,Month,Day,Time,Speed Limit,Moisture,Adverse Weather Conditions,DayNight,Crash Type,Crash Severity,Alcohol Related ,Drug Related
US,2,0,0,0,2017, November, Thursday,13:10,60, Dry, N, Daylight, Right Angle, Not Injured, N, N
US,2,0,0,2,2017, November, Friday,13:50,60, Dry, N, Daylight, Rear End, Minor Injury, N, N
US,2,0,0,0,2017, November, Friday,13:40,40, Dry, N, Daylight, Rear End, Not Injured, N, N
US,3,0,0,0,2017, November, Wednesday,16:00,60, Dry, N, Daylight, Rear End, Not Injured, N, N
US,2,0,0,0,2017, November, Thursday,20:00,40, Dry, N, Night, Right Angle, Not Injured, N, N
US,2,0,0,0,2017, November, Friday,18:00,60, Dry, N, Night, Head On, Minor Injury, N, N
US,2,0,0,0,2017, November, Friday,18:00,70, Dry, N, Night, Rear End, Not Injured, N, N
US,2,0,0,0,2017, November, Friday,17:30,30, Dry, N, Night, Right Angle, Not Injured, N, N
US,2,0,0,1,2017, November, Friday,19:20,40, Dry, N, Night, Right Angle, Minor Injury, N, N
US,2,0,0,0,2017, November, Friday,19:40,60, Dry, N, Night, Rear End, Minor Injury, Y, N
US,3,0,0,0,2017, November, Friday,20:10,40, Dry, N, Night, Right Angle, Not Injured, Y, N
US,2,0,0,1,2017, November, Friday,20:40,60, Dry, N, Night, Rear End, Minor Injury, Y, N
US,2,0,0,0,2017, November, Friday,6:20,60, Dry, N, Daylight, Right Angle, Not Injured, N, N
US,2,0,0,0,2017, November, Friday,7:50,40, Dry, N, Daylight, Right Angle, Not Injured, N, N
US,2,0,0,0,2017, November, Wednesday,15:40,30, Dry, N, Daylight, Rear End, Not Injured, N, N
US,2,0,0,0,2017, November, Saturday,2:20,60, Dry, N, Night, Right Angle, Not Injured, Y, N
US,4,0,0,0,2017, November, Wednesday,8:20,110, Dry, N, Daylight, Rear End, Not Injured, N, N
US,2,0,0,0,2017, November, Friday,0:30,90, Dry, N, Daylight, Rear End, Not Injured, N, N
US,2,0,0,0,2017, November, Friday,22:40,90, Dry, N, Night, Rear End, Minor Injury, N, N
US,2,0,0,0,2017, November, Saturday,4:40,60, Dry, N, Night, Rear End, Not Injured, Y, N
US,2,0,0,0,2017, November, Saturday,9:10,60, Dry, N, Daylight, Right Angle, Not Injured, N, N
US,2,0,0,0,2017, November, Saturday,8:50,40, Dry, N, Daylight, Side Swipe, Not Injured, N, N
US,2,0,0,0,2017, November, Saturday,10:10,40, Dry, N, Daylight, Rear End, Not Injured, N, N
US,2,0,0,0,2017, November, Saturday,8:40,60, Dry, N, Daylight, Rear End, Not Injured, N, N
US,2,0,0,0,2017, November, Saturday,11:30,40, Dry, N, Daylight, Head On, Minor Injury, N, N
US,2,0,0,1,2017, November, Friday,18:00,30, Dry, N, Night, Side Swipe, Minor Injury, N, N
US,3,0,0,0,2017, November, Friday,19:00,60, Dry, N, Night, Rear End, Not Injured, N, N
US,2,0,0,0,2017, November, Saturday,15:00,70, Dry, N, Daylight, Rear End, Not Injured, N, N
US,2,0,0,0,2017, November, Saturday,15:50,40, Dry, N, Daylight, Right Angle, Not Injured, N, N
US,2,0,0,1,2017, November, Friday,18:30,40, Dry, N, Night, Rear End, Minor Injury, Y, N
US,2,0,0,0,2017, November, Saturday,15:00,60, Dry, N, Daylight, Head On, Not Injured, N, N
US,3,0,0,0,2017, October, Monday,15:30,40, Wet, N, Daylight, Rear End, Minor Injury, N, N
US,2,0,0,1,2017, October, Friday,7:10,90, Dry, N, Night, Rear End, Minor Injury, N, N
US,2,0,0,0,2017, November, Wednesday,20:00,70, Dry, N, Night, Rear End, Not Injured, N, N
US,2,0,0,0,2017, November, Thursday,14:00,60, Dry, N, Daylight, Rear End, Not Injured, N, N
US,2,0,0,0,2017, November, Saturday,20:30,40, Dry, N, Night, Head On, Not Injured, N, N
US,2,0,0,0,2017, November, Saturday,18:40,60, Dry, N, Night, Right Angle, Not Injured, N, N
US,2,0,0,0,2017, November, Saturday,5:50,40, Dry, N, Night, Side Swipe, Not Injured, N, N
US,2,0,0,0,2017, November, Friday,0:30,40, Dry, N, Daylight, Rear End, Not Injured, N, N
US,2,0,0,0,2017, June, Sunday,0:50,90, Dry, N, Night, Rear End, Not Injured, N, N
US,2,0,0,0,2017, October, Wednesday,0:40,40, Dry, N, Daylight, Right Angle, Not Injured, N, N
US,2,0,0,0,2017, November, Saturday,14:30,60, Dry, N, Daylight, Right Angle, Not Injured, N, N
US,2,0,0,0,2017, November, Sunday,11:20,60, Dry, N, Daylight, Right Angle, Not Injured, N, N
US,2,0,0,0,2017, November, Friday,18:40,70, Dry, N, Night, Rear End, Not Injured, N, N
US,6,0,0,1,2017, November, Sunday,0:20,60, Dry, N, Daylight, Rear End, Minor Injury, N, N
US,2,0,0,0,2017, November, Sunday,13:30,40, Dry, N, Daylight, Rear End, Not Injured, N, N
US,2,0,0,1,2017, November, Sunday,13:30,60, Dry, N, Daylight, Right Angle, Minor Injury, N, N
US,2,0,0,0,2017, November, Friday,18:20,60, Dry, N, Night, Right Angle, Not Injured, N, N
US,2,0,0,1,2017, November, Sunday,16:00,40, Dry, N, Daylight, Right Angle, Minor Injury, N, N
US,2,0,0,1,2017, November, Wednesday,7:40,60, Wet, Y, Night, Rear End, Minor Injury, N, N
US,2,0,0,0,2017, November, Tuesday,6:50,40, Dry, N, Daylight, Head On, Not Injured, N, N
US,2,0,0,1,2017, November, Wednesday,15:00,60, Wet, Y, Daylight, Rear End, Minor Injury, N, N
US,2,0,0,0,2017, November, Saturday,21:20,40, Dry, N, Night, Hit Pedestrian, Minor Injury, N, N
US,2,0,0,0,2017, November, Sunday,18:40,60, Dry, N, Night, Rear End, Not Injured, N, N
US,2,0,0,0,2017, November, Sunday,19:00,40, Dry, N, Night, Head On, Not Injured, N, N
US,2,0,0,0,2017, November, Sunday,18:00,60, Dry, N, Night, Head On, Minor Injury, N, N
US,2,0,0,0,2017, November, Sunday,16:40,40, Dry, N, Daylight, Side Swipe, Not Injured, N, N
US,2,0,0,0,2017, November, Friday,0:10,40, Dry, N, Night, Right Angle, Not Injured, N, N
US,3,0,0,0,2017, November, Monday,0:30,40, Wet, Y, Night, Right Angle, Not Injured, N, N
US,2,0,0,0,2017, November, Saturday,3:10,60, Dry, N, Night, Side Swipe, Not Injured, Y, N
US,2,0,0,1,2017, November, Thursday,8:20,40, Dry, N, Daylight, Head On, Minor Injury, N, N
US,2,1,1,0,2017, September, Wednesday,22:40,60, Dry, N, Night, Hit Pedestrian, Major Injury, Y, N
US,2,0,0,0,2017, November, Thursday,8:20,60, Dry, N, Daylight, Right Angle, Not Injured, N, N
US,2,0,0,0,2017, November, Wednesday,11:10,60, Dry, N, Daylight, Right Angle, Minor Injury, N, N
US,2,0,0,0,2017, November, Monday,6:50,40, Wet, N, Daylight, Hit Pedestrian, Minor Injury, Y, N
US,2,0,0,0,2017, November, Friday,13:50,60, Dry, N, Daylight, Right Angle, Not Injured, N, N
US,2,0,0,1,2017, November, Monday,8:20,70, Wet, Y, Daylight, Rear End, Minor Injury, N, N
US,2,0,0,0,2017, November, Friday,16:30,60, Dry, N, Daylight, Rear End, Not Injured, N, N
US,2,0,0,0,2017, November, Monday,14:10,40, Dry, N, Daylight, Head On, Not Injured, N, N
US,2,0,0,0,2017, November, Monday,16:40,40, Dry, N, Daylight, Rear End, Not Injured, N, N
US,2,0,0,0,2017, November, Monday,16:30,40, Dry, N, Daylight, Right Angle, Not Injured, N, N
US,2,0,0,2,2017, November, Monday,17:10,60, Dry, N, Night, Rear End, Minor Injury, N, N
US,2,0,0,1,2017, November, Friday,17:40,80, Dry, N, Night, Rear End, Minor Injury, N, N
US,2,0,0,0,2017, October, Sunday,0:40,90, Wet, N, Daylight, Side Swipe, Minor Injury, N, N
US,2,0,0,0,2017, November, Monday,17:10,70, Dry, N, Night, Rear End, Not Injured, N, N
US,3,0,0,3,2017, October, Friday,16:20,90, Dry, N, Daylight, Rear End, Minor Injury, N, N
US,2,0,0,0,2017, October, Monday,18:10,60, Wet, Y, Night, Rear End, Minor Injury, N, N
US,2,0,0,0,2017, November, Monday,17:00,30, Dry, N, Night, Right Angle, Minor Injury, N, N
US,3,0,0,0,2017, November, Monday,6:50,40, Dry, N, Daylight, Side Swipe, Minor Injury, N, N
US,2,0,0,0,2017, November, Monday,5:30,40, Wet, N, Night, Right Angle, Not Injured, N, N
US,2,0,0,0,2017, November, Friday,18:10,40, Dry, N, Night, Right Angle, Not Injured, N, N
US,2,0,0,0,2017, November, Sunday,13:30,40, Dry, N, Daylight, Right Angle, Not Injured, N, N
US,2,0,1,0,2017, November, Wednesday,19:00,60, Dry, N, Night, Hit Pedestrian, Major Injury, Y, N
US,2,0,0,0,2017, November, Monday,0:10,60, Dry, N, Daylight, Head On, Not Injured, N, N
US,2,0,0,1,2017, November, Tuesday,11:40,40, Dry, N, Daylight, Right Angle, Minor Injury, N, N
US,2,0,0,0,2017, November, Tuesday,10:30,50, Dry, N, Daylight, Rear End, Not Injured, N, N
US,2,0,0,0,2017, November, Tuesday,6:40,60, Dry, N, Daylight, Rear End, Not Injured, N, N
US,2,0,0,0,2017, November, Tuesday,0:40,40, Dry, N, Daylight, Side Swipe, Not Injured, N, N
US,2,0,0,0,2017, November, Tuesday,0:50,60, Dry, N, Daylight, Side Swipe, Not Injured, N, N
US,2,0,0,0,2017, November, Tuesday,13:50,40, Dry, N, Daylight, Right Angle, Not Injured, N, N
US,2,0,0,0,2017, November, Monday,18:00,60, Dry, N, Night, Side Swipe, Not Injured, N, N
US,2,0,0,0,2017, November, Tuesday,16:20,40, Dry, N, Daylight, Rear End, Not Injured, N, N
US,2,0,0,0,2017, November, Monday,17:40,60, Dry, N, Night, Right Angle, Not Injured, N, N
US,2,0,0,0,2017, November, Tuesday,17:30,60, Dry, N, Night, Right Angle, Not Injured, N, N
US,2,0,0,0,2017, November, Tuesday,18:00,40, Dry, N, Night, Rear End, Not Injured, N, N
US,2,0,0,0,2017, November, Tuesday,16:20,60, Dry, N, Daylight, Rear End, Not Injured, N, N
US,2,0,0,0,2017, November, Tuesday,19:10,40, Dry, N, Night, Head On, Not Injured, N, N
US,2,0,0,0,2017, November, Tuesday,19:00,60, Dry, N, Night, Side Swipe, Not Injured, N, N
US,2,0,0,0,2017, November, Monday,20:30,40, Dry, N, Night, Head On, Not Injured, N, N
US,2,0,0,0,2017, November, Monday,18:40,60, Wet, Y, Night, Rear End, Not Injured, N, N
US,2,0,0,0,2017, October, Thursday,8:20,60, Dry, N, Daylight, Rear End, Not Injured, N, N
US,2,0,0,0,2017, November, Tuesday,19:00,40, Dry, N, Night, Right Angle, Minor Injury, N, N
US,2,0,1,0,2017, November, Tuesday,23:20,40, Dry, N, Night, Rear End, Major Injury, Y, N
US,2,0,0,0,2017, November, Friday,7:10,110, Dry, N, Daylight, Side Swipe, Minor Injury, N, N
US,2,0,0,0,2017, November, Tuesday,13:30,40, Dry, N, Daylight, Right Angle, Not Injured, N, N
US,2,0,0,2,2017, November, Wednesday,8:30,40, Dry, N, Daylight, Right Angle, Minor Injury, N, N
US,2,0,0,0,2017, November, Wednesday,7:50,60, Dry, N, Daylight, Side Swipe, Not Injured, N, N
US,2,0,0,1,2017, November, Wednesday,9:00,40, Dry, N, Daylight, Hit Pedestrian, Minor Injury, N, N
US,2,0,0,0,2017, November, Saturday,8:10,60, Wet, N, Daylight, Head On, Not Injured, N, N
US,2,0,0,0,2017, November, Monday,14:40,40, Wet, N, Daylight, Rear End, Not Injured, N, N
US,2,0,0,0,2017, November, Tuesday,19:30,70, Dry, N, Night, Right Angle, Not Injured, N, N
US,2,0,0,0,2017, November, Wednesday,9:20,90, Dry, N, Daylight, Rear End, Minor Injury, N, N
US,2,0,0,0,2017, November, Monday,6:40,90, Wet, N, Night, Rear End, Not Injured, N, N
US,2,0,0,1,2017, November, Wednesday,23:00,60, Wet, N, Night, Rear End, Minor Injury, N, N
US,4,0,0,0,2017, November, Wednesday,23:20,40, Wet, Y, Night, Rear End, Not Injured, N, N
US,2,0,0,0,2017, November, Sunday,13:30,40, Dry, N, Daylight, Right Angle, Not Injured, N, N
US,2,0,0,0,2017, November, Wednesday,7:00,40, Dry, N, Daylight, Right Angle, Not Injured, N, N
US,2,0,0,0,2017, November, Tuesday,7:10,110, Dry, N, Daylight, Rear End, Not Injured, N, N
US,3,0,0,0,2017, November, Thursday,7:20,40, Wet, N, Daylight, Right Angle, Not Injured, N, N
US,2,0,0,1,2017, November, Thursday,10:00,40, Dry, N, Daylight, Right Angle, Minor Injury, N, N
US,2,0,0,1,2017, November, Wednesday,14:40,40, Dry, N, Daylight, Hit Pedestrian, Minor Injury, N, N
US,2,0,0,0,2017, November, Saturday,18:30,40, Dry, N, Night, Right Angle, Not Injured, N, N
US,2,0,0,1,2017, November, Thursday,15:10,20, Wet, Y, Daylight, Right Angle, Minor Injury, N, N
US,2,0,0,0,2017, November, Tuesday,15:10,80, Dry, N, Daylight, Right Angle, Not Injured, N, N
US,2,0,0,0,2017, November, Thursday,17:40,60, Dry, N, Night, Right Angle, Not Injured, N, N
US,2,0,0,0,2017, November, Thursday,17:30,40, Dry, N, Night, Right Angle, Not Injured, N, N
US,2,0,0,0,2017, November, Thursday,18:20,60, Dry, N, Night, Right Angle, Not Injured, N, N
US,2,0,0,0,2017, November, Thursday,18:50,60, Dry, N, Night, Rear End, Not Injured, N, N
US,2,0,0,0,2017, November, Thursday,19:40,60, Dry, N, Night, Rear End, Minor Injury, N, N
US,2,0,0,0,2017, November, Thursday,18:40,40, Dry, N, Night, Hit Pedestrian, Minor Injury, N, N
US,2,0,0,1,2017, November, Thursday,22:00,20, Dry, N, Night, Rear End, Minor Injury, N, N
US,3,0,0,0,2017, November, Friday,0:20,60, Dry, N, Night, Side Swipe, Not Injured, N, N
US,2,0,0,1,2017, November, Thursday,22:00,60, Dry, N, Night, Hit Pedestrian, Minor Injury, N, N
US,2,0,0,1,2017, November, Thursday,23:40,60, Dry, N, Night, Right Angle, Minor Injury, N, N
US,3,0,0,0,2017, November, Thursday,11:20,60, Dry, N, Daylight, Right Angle, Not Injured, N, N
US,4,0,0,0,2017, October, Sunday,15:30,20, Dry, N, Daylight, Rear End, Not Injured, N, N
US,2,0,0,0,2017, November, Friday,13:00,60, Dry, N, Daylight, Rear End, Minor Injury, N, N
US,2,0,1,0,2017, November, Tuesday,17:40,40, Dry, N, Night, Hit Pedestrian, Major Injury, N, N
US,2,0,0,0,2017, November, Friday,11:30,60, Dry, N, Daylight, Right Angle, Not Injured, N, N
US,2,0,0,0,2017, November, Thursday,18:00,40, Dry, N, Night, Side Swipe, Not Injured, N, N
US,2,0,0,0,2017, November, Friday,15:00,40, Dry, N, Daylight, Side Swipe, Not Injured, N, N
US,2,0,0,0,2017, November, Monday,15:00,60, Dry, N, Daylight, Rear End, Not Injured, N, N
US,4,0,0,2,2017, November, Wednesday,17:20,60, Dry, N, Night, Rear End, Minor Injury, N, N
US,2,0,0,1,2017, November, Friday,23:50,40, Dry, N, Night, Rear End, Minor Injury, N, N
US,2,0,0,0,2017, November, Friday,22:40,40, Dry, N, Night, Rear End, Not Injured, Y, N
US,2,0,0,0,2017, November, Saturday,1:20,40, Dry, N, Night, Rear End, Not Injured, N, N
US,2,0,0,0,2017, November, Saturday,1:10,40, Dry, N, Night, Rear End, Not Injured, Y, N
US,2,0,0,0,2017, November, Friday,7:10,90, Dry, N, Daylight, Right Angle, Not Injured, N, N
US,2,0,0,0,2017, October, Monday,0:40,90, Dry, N, Night, Rear End, Not Injured, N, N
US,2,0,0,2,2017, November, Monday,8:40,90, Wet, N, Daylight, Rear End, Minor Injury, N, N
US,3,0,0,0,2017, November, Friday,15:00,90, Dry, N, Daylight, Rear End, Not Injured, N, N
US,3,0,0,0,2017, November, Wednesday,17:20,60, Dry, N, Night, Rear End, Not Injured, Y, N
US,2,0,0,0,2017, November, Saturday,6:00,40, Wet, Y, Night, Head On, Not Injured, Y, N
US,2,0,0,0,2017, November, Friday,8:40,70, Wet, Y, Daylight, Rear End, Not Injured, N, N
US,2,0,0,2,2017, November, Friday,6:50,60, Wet, Y, Night, Rear End, Minor Injury, Y, N
US,2,0,0,0,2017, November, Saturday,11:10,40, Wet, Y, Daylight, Right Angle, Not Injured, N, N
US,2,0,0,0,2017, November, Saturday,10:10,40, Wet, Y, Daylight, Right Angle, Not Injured, N, N
US,2,0,0,0,2017, November, Tuesday,14:00,60, Dry, N, Daylight, Right Angle, Not Injured, N, N
US,2,0,0,1,2017, November, Saturday,15:50,40, Wet, Y, Daylight, Side Swipe, Minor Injury, N, N
US,2,0,0,0,2017, September, Friday,18:00,90, Dry, N, Daylight, Rear End, Minor Injury, N, N
US,4,0,0,0,2017, November, Thursday,17:20,90, Dry, N, Night, Rear End, Not Injured, N, N
US,3,0,0,0,2017, November, Thursday,18:10,90, Dry, N, Night, Rear End, Not Injured, N, N
US,2,0,0,0,2017, November, Wednesday,0:10,90, Dry, N, Night, Rear End, Minor Injury, Y, N
US,2,0,0,0,2017, November, Wednesday,7:20,90, Dry, N, Daylight, Rear End, Not Injured, N, N
US,2,0,0,2,2017, November, Saturday,16:10,40, Dry, Y, Daylight, Right Angle, Minor Injury, N, N
US,2,0,0,2,2017, November, Saturday,20:20,40, Wet, Y, Night, Right Angle, Minor Injury, N, N
US,2,0,0,0,2017, November, Friday,18:30,60, Dry, N, Night, Right Angle, Not Injured, Y, N
US,3,0,0,0,2017, November, Saturday,23:20,20, Wet, Y, Night, Right Angle, Not Injured, N, N
US,2,0,0,0,2017, November, Saturday,22:10,60, Dry, N, Night, Rear End, Not Injured, N, N
US,4,0,0,0,2017, November, Sunday,0:10,60, Wet, Y, Night, Rear End, Not Injured, N, N
US,3,0,0,0,2017, November, Saturday,23:40,40, Wet, Y, Night, Rear End, Not Injured, Y, N
US,4,0,0,0,2017, November, Saturday,14:20,60, Wet, N, Daylight, Rear End, Not Injured, N, N
US,2,0,0,1,2017, November, Sunday,8:30,40, Wet, Y, Daylight, Right Angle, Minor Injury, N, N
US,2,0,0,0,2017, November, Saturday,14:00,70, Wet, N, Daylight, Rear End, Not Injured, N, N
US,2,0,0,1,2017, November, Thursday,7:10,60, Dry, N, Daylight, Right Angle, Minor Injury, N, N
US,2,0,0,0,2017, November, Saturday,11:50,60, Dry, N, Daylight, Rear End, Minor Injury, N, N
US,2,1,0,0,2017, November, Thursday,16:00,60, Dry, N, Daylight, Head On, Fatal, N, N
US,2,0,0,3,2017, November, Saturday,22:40,40, Wet, Y, Night, Rear End, Minor Injury, N, N
US,2,0,0,0,2017, November, Monday,17:30,40, Wet, Y, Night, Right Angle, Not Injured, N, N
US,3,0,0,0,2017, November, Saturday,19:20,70, Wet, Y, Night, Rear End, Not Injured, N, N
US,2,0,0,0,2017, November, Sunday,16:20,60, Wet, Y, Daylight, Rear End, Not Injured, N, N
US,2,0,0,0,2017, November, Saturday,5:50,40, Wet, Y, Night, Right Angle, Not Injured, N, N
US,2,0,0,0,2017, November, Wednesday,8:10,90, Dry, N, Daylight, Right Angle, Not Injured, N, N
US,2,0,0,0,2017, November, Thursday,8:10,90, Dry, N, Daylight, Rear End, Minor Injury, N, N
US,2,0,0,0,2017, November, Friday,21:50,90, Dry, N, Night, Rear End, Not Injured, N, N
US,3,0,0,0,2017, November, Saturday,11:50,90, Dry, Y, Daylight, Rear End, Not Injured, N, N
US,2,0,0,0,2017, November, Thursday,15:10,60, Dry, N, Daylight, Right Angle, Not Injured, N, N
US,2,0,0,1,2017, November, Sunday,0:00,60, Wet, N, Daylight, Rear End, Minor Injury, N, N
US,2,0,0,0,2017, November, Wednesday,22:00,60, Dry, N, Night, Right Angle, Not Injured, N, N
US,4,0,1,0,2017, October, Tuesday,16:50,90, Dry, N, Daylight, Rear End, Major Injury, N, N
US,3,0,0,0,2017, November, Wednesday,14:00,40, Dry, N, Daylight, Head On, Not Injured, N, N
US,2,0,0,0,2017, November, Monday,7:40,40, Dry, N, Daylight, Right Angle, Not Injured, N, N
US,2,0,0,0,2017, November, Wednesday,7:50,60, Dry, N, Daylight, Right Angle, Minor Injury, N, N
US,2,0,0,0,2017, November, Thursday,18:00,40, Dry, N, Night, Right Angle, Not Injured, N, N
US,2,0,0,0,2017, November, Monday,10:50,40, Dry, N, Daylight, Rear End, Not Injured, N, N
US,2,0,0,0,2017, November, Thursday,17:30,40, Dry, N, Night, Right Angle, Not Injured, N, N
US,2,0,0,0,2017, November, Monday,11:50,40, Dry, N, Daylight, Right Angle, Not Injured, N, N
US,2,0,0,0,2017, November, Monday,0:10,60, Wet, N, Daylight, Side Swipe, Not Injured, N, N
US,2,0,0,0,2017, November, Wednesday,0:00,60, Dry, N, Daylight, Rear End, Not Injured, N, N
US,2,0,0,0,2017, November, Monday,16:40,60, Dry, N, Daylight, Rear End, Not Injured, N, N
US,2,0,0,0,2017, November, Monday,15:40,40, Dry, N, Daylight, Side Swipe, Not Injured, N, N
US,2,0,0,0,2017, November, Wednesday,0:00,60, Dry, N, Daylight, Rear End, Minor Injury, N, N
US,2,0,0,0,2017, November, Tuesday,17:30,40, Dry, N, Night, Right Angle, Not Injured, Y, N
US,2,0,0,0,2017, November, Friday,18:40,40, Dry, N, Night, Rear End, Not Injured, N, N
US,3,0,0,0,2017, November, Monday,18:30,40, Dry, N, Night, Head On, Minor Injury, N, N
US,2,0,0,0,2017, November, Monday,18:10,60, Dry, N, Night, Right Angle, Not Injured, N, N
US,2,0,0,0,2017, November, Saturday,22:10,40, Wet, Y, Night, Right Angle, Not Injured, N, N
US,2,0,0,1,2017, November, Monday,19:10,60, Dry, N, Night, Rear End, Minor Injury, N, N
US,2,0,0,0,2017, October, Sunday,19:10,60, Wet, Y, Night, Right Angle, Not Injured, N, N
US,2,0,1,0,2017, November, Monday,22:20,40, Dry, N, Night, Hit Pedestrian, Major Injury, N, N
US,2,0,0,0,2017, November, Saturday,0:30,60, Dry, N, Night, Rear End, Not Injured, Y, N
US,2,0,0,0,2017, November, Tuesday,5:10,40, Dry, N, Night, Side Swipe, Not Injured, N, N
US,2,0,0,0,2017, November, Thursday,14:50,60, Dry, N, Daylight, Right Angle, Not Injured, N, N
US,2,0,0,0,2017, November, Friday,20:50,40, Dry, N, Night, Rear End, Minor Injury, N, N
US,3,0,0,2,2017, November, Monday,17:10,40, Dry, N, Night, Side Swipe, Minor Injury, N, N
US,2,0,0,1,2017, November, Monday,18:20,60, Dry, N, Night, Rear End, Minor Injury, N, N
US,2,0,0,1,2017, November, Wednesday,13:40,70, Dry, N, Daylight, Right Angle, Minor Injury, N, N
US,2,0,0,0,2017, November, Monday,9:20,40, Dry, N, Daylight, Right Angle, Not Injured, N, N
US,2,0,0,0,2017, November, Tuesday,9:00,40, Dry, N, Daylight, Right Angle, Not Injured, N, N
US,3,0,0,0,2017, November, Tuesday,8:10,60, Dry, N, Daylight, Side Swipe, Not Injured, N, N
US,2,0,0,0,2017, November, Friday,19:50,60, Dry, N, Night, Rear End, Not Injured, N, N
US,2,0,0,0,2017, November, Tuesday,11:20,60, Dry, N, Daylight, Rear End, Not Injured, N, N
US,2,0,0,0,2017, November, Tuesday,14:00,60, Dry, N, Daylight, Rear End, Not Injured, N, N
US,2,0,0,0,2017, November, Tuesday,15:10,40, Dry, N, Daylight, Right Angle, Not Injured, N, N
US,2,0,0,0,2017, November, Tuesday,15:30,60, Dry, N, Daylight, Side Swipe, Not Injured, N, N
US,3,0,0,0,2017, November, Monday,16:40,40, Dry, N, Daylight, Side Swipe, Not Injured, N, N
US,2,0,0,0,2017, November, Wednesday,19:40,40, Wet, N, Night, Right Angle, Not Injured, N, N
US,2,0,0,0,2017, November, Monday,18:10,60, Dry, N, Night, Rear End, Not Injured, N, N
US,2,0,0,0,2017, November, Tuesday,17:30,40, Dry, N, Night, Hit Pedestrian, Minor Injury, N, N
US,2,0,0,0,2017, November, Sunday,1:50,40, Wet, Y, Night, Head On, Not Injured, N, N
US,2,0,0,0,2017, November, Tuesday,17:40,60, Wet, N, Night, Rear End, Not Injured, N, N
US,2,0,0,0,2017, November, Wednesday,16:00,60, Dry, N, Daylight, Rear End, Not Injured, N, N
US,3,0,0,0,2017, November, Monday,18:10,90, Dry, N, Night, Rear End, Minor Injury, N, N
US,4,0,0,0,2017, November, Thursday,13:40,90, Dry, N, Daylight, Rear End, Minor Injury, N, N
US,4,0,0,0,2017, November, Tuesday,8:30,90, Dry, N, Daylight, Rear End, Minor Injury, N, N
US,2,0,0,0,2017, November, Tuesday,14:20,40, Dry, N, Daylight, Side Swipe, Not Injured, N, N
US,2,0,0,0,2017, November, Wednesday,6:50,40, Wet, Y, Night, Hit Pedestrian, Minor Injury, N, N
US,2,0,0,1,2017, November, Thursday,9:20,60, Dry, N, Daylight, Side Swipe, Minor Injury, N, N
US,2,0,0,0,2017, November, Wednesday,10:10,40, Dry, N, Daylight, Right Angle, Not Injured, N, N
US,2,0,0,0,2017, November, Wednesday,11:00,40, Wet, N, Daylight, Side Swipe, Not Injured, N, N
US,2,0,0,0,2017, November, Wednesday,0:00,40, Dry, N, Daylight, Rear End, Not Injured, N, N
US,4,0,1,0,2017, November, Wednesday,13:20,60, Dry, N, Daylight, Side Swipe, Major Injury, N, N
US,2,0,0,0,2017, November, Wednesday,13:10,90, Dry, N, Daylight, Side Swipe, Not Injured, N, N
US,2,0,0,1,2017, November, Wednesday,0:00,60, Dry, N, Daylight, Right Angle, Minor Injury, N, N
US,2,0,0,1,2017, November, Tuesday,22:10,40, Dry, N, Night, Rear End, Minor Injury, N, N
US,2,0,0,0,2017, November, Wednesday,14:30,40, Dry, N, Daylight, Head On, Not Injured, N, N
US,2,0,0,0,2017, November, Wednesday,15:30,60, Dry, N, Daylight, Side Swipe, Not Injured, N, N
US,2,0,0,0,2017, November, Wednesday,16:40,40, Dry, N, Night, Right Angle, Not Injured, N, N
US,2,0,0,0,2017, November, Tuesday,15:40,40, Dry, N, Daylight, Rear End, Not Injured, N, N
US,2,0,0,1,2017, November, Wednesday,16:10,40, Dry, N, Daylight, Right Angle, Minor Injury, N, N
US,2,0,0,1,2017, November, Wednesday,17:30,60, Dry, N, Night, Head On, Minor Injury, N, N
US,2,0,0,0,2017, November, Monday,16:20,70, Dry, N, Daylight, Side Swipe, Not Injured, N, N
US,2,0,0,0,2017, November, Sunday,5:50,40, Dry, N, Night, Rear End, Not Injured, N, N
US,3,0,0,0,2017, November, Wednesday,19:50,40, Dry, N, Night, Side Swipe, Minor Injury, N, N
US,2,0,0,0,2017, November, Sunday,1:10,40, Dry, N, Night, Right Angle, Not Injured, N, N