Nation,Total Units,Total Fatalities,Total Serious Injuries,Total Minor Injuries,Year,Month,Day,Time,Speed Limit,Moisture,Adverse Weather Conditions,DayNight,Crash Type,Crash Severity,Alcohol Related ,Drug Related
US,2,0,0,1,2017, November, Wednesday,16:10,90, Dry, N, Daylight, Rear End, Minor Injury, N, N
US,2,0,0,0,2017, November, Wednesday,7:40,60, Wet, Y, Daylight, Rear End, Not Injured, N, N
US,2,0,0,0,2017, November, Thursday,10:30,40, Dry, N, Daylight, Rear End, Not Injured, N, N
US,2,0,0,0,2017, November, Monday,9:50,40, Dry, N, Daylight, Right Angle, Not Injured, N, N
US,2,0,0,0,2017, November, Thursday,9:40,40, Dry, N, Daylight, Right Angle, Not Injured, N, N
US,2,0,1,2,2017, November, Thursday,15:50,60, Dry, N, Daylight, Right Angle, Major Injury, N, N
US,2,0,0,1,2017, November, Monday,8:00,40, Dry, N, Daylight, Right Angle, Minor Injury, N, N
US,2,0,0,0,2017, November, Wednesday,22:30,60, Dry, N, Night, Right Angle, Not Injured, N, N
US,2,0,0,1,2017, November, Wednesday,0:20,40, Dry, N, Night, Rear End, Minor Injury, N, N
US,2,0,0,0,2017, November, Friday,0:30,40, Dry, N, Night, Right Angle, Not Injured, N, N
US,2,0,0,0,2017, November, Friday,18:30,90, Dry, N, Night, Rear End, Not Injured, N, N
US,2,0,0,0,2017, November, Wednesday,19:00,90, Dry, N, Night, Rear End, Not Injured, N, N
US,2,0,0,0,2017, November, Friday,17:40,90, Dry, N, Night, Rear End, Not Injured, N, N
US,2,0,0,0,2017, November, Friday,7:00,60, Dry, N, Daylight, Side Swipe, Not Injured, N, N
US,2,0,0,0,2017, November, Friday,16:20,20, Dry, N, Daylight, Right Angle, Not Injured, N, N
US,2,0,0,1,2017, November, Friday,15:20,40, Dry, N, Daylight, Right Angle, Minor Injury, N, N
US,2,0,0,0,2017, November, Friday,17:40,40, Dry, N, Night, Side Swipe, Not Injured, N, N
US,2,0,0,0,2017, November, Friday,19:40,40, Dry, N, Night, Rear End, Not Injured, N, N
US,2,0,0,0,2017, November, Friday,20:20,40, Dry, N, Night, Right Angle, Not Injured, N, N
US,2,0,0,0,2017, November, Tuesday,20:50,60, Dry, N, Night, Side Swipe, Not Injured, N, N
US,2,0,0,1,2017, November, Saturday,1:00,40, Dry, N, Night, Rear End, Minor Injury, N, N
US,2,0,0,0,2017, November, Tuesday,18:10,60, Dry, N, Night, Rear End, Minor Injury, Y, N
US,3,0,0,0,2017, November, Friday,16:30,60, Dry, N, Daylight, Rear End, Not Injured, N, N
US,3,0,0,0,2017, November, Tuesday,17:10,90, Dry, N, Night, Rear End, Not Injured, N, N
US,4,0,0,0,2017, November, Monday,6:50,90, Wet, N, Daylight, Head On, Not Injured, N, N
US,2,0,0,0,2017, November, Thursday,17:20,90, Dry, N, Night, Rear End, Not Injured, N, N
US,2,0,0,0,2017, November, Thursday,18:40,110, Wet, Y, Night, Rear End, Not Injured, N, N
US,2,0,0,0,2017, November, Wednesday,0:20,40, Dry, N, Daylight, Right Angle, Not Injured, N, N
US,2,0,0,0,2017, November, Saturday,9:50,60, Dry, N, Daylight, Side Swipe, Minor Injury, N, N
US,2,0,0,0,2017, November, Saturday,0:20,40, Dry, N, Daylight, Right Angle, Not Injured, N, N
US,2,0,0,0,2017, November, Saturday,15:20,40, Dry, N, Daylight, Right Angle, Not Injured, N, N
US,2,0,0,0,2017, November, Thursday,19:20,40, Dry, N, Night, Right Angle, Not Injured, N, N
US,2,0,0,0,2017, November, Saturday,15:50,60, Dry, N, Daylight, Head On, Not Injured, N, N
US,2,0,0,0,2017, November, Wednesday,5:20,60, Wet, Y, Night, Side Swipe, Not Injured, N, N
US,2,0,0,0,2017, November, Sunday,2:20,40, Dry, N, Night, Right Angle, Not Injured, N, N
US,2,0,0,0,2017, November, Sunday,2:40,60, Dry, N, Night, Right Angle, Minor Injury, N, N
US,2,0,1,0,2017, November, Saturday,11:50,60, Dry, N, Daylight, Rear End, Major Injury, N, N
US,3,0,0,1,2017, November, Monday,7:20,50, Dry, N, Daylight, Right Angle, Minor Injury, N, N
US,2,0,0,0,2017, November, Friday,14:40,40, Dry, N, Daylight, Rear End, Not Injured, N, N
US,2,0,0,0,2017, November, Wednesday,18:30,60, Dry, N, Night, Side Swipe, Not Injured, N, N
US,2,0,0,0,2017, November, Sunday,16:20,70, Dry, N, Daylight, Rear End, Not Injured, N, N
US,3,0,0,0,2017, November, Sunday,6:00,40, Dry, N, Night, Head On, Not Injured, N, N
US,2,0,0,0,2017, November, Sunday,23:10,60, Dry, N, Night, Right Angle, Not Injured, N, N
US,2,0,0,1,2017, November, Sunday,4:50,40, Dry, N, Night, Head On, Minor Injury, Y, N
US,3,0,0,0,2017, November, Wednesday,12:00,40, Dry, N, Night, Rear End, Not Injured, Y, N
US,2,0,0,0,2017, November, Sunday,1:30,60, Dry, N, Night, Hit Pedestrian, Minor Injury, Y, N
US,2,0,0,0,2017, November, Monday,8:10,40, Dry, N, Daylight, Right Angle, Not Injured, N, N
US,2,0,0,0,2017, November, Monday,8:00,40, Dry, N, Daylight, Rear End, Minor Injury, N, N
US,2,0,0,0,2017, November, Tuesday,13:20,60, Dry, N, Daylight, Right Angle, Not Injured, N, N
US,2,0,0,0,2017, November, Tuesday,15:20,40, Dry, N, Daylight, Right Angle, Not Injured, N, N
US,2,0,0,0,2017, November, Saturday,0:40,60, Dry, N, Daylight, Rear End, Not Injured, N, N
US,2,0,0,0,2017, November, Monday,0:10,50, Dry, N, Daylight, Side Swipe, Minor Injury, N, N
US,3,0,0,0,2017, November, Tuesday,21:40,40, Dry, N, Night, Rear End, Not Injured, N, N
US,2,0,0,0,2017, November, Monday,15:40,40, Dry, N, Daylight, Right Angle, Not Injured, N, N
US,2,0,0,1,2017, November, Sunday,20:50,40, Dry, N, Night, Rear End, Minor Injury, Y, N
US,4,0,0,0,2017, November, Sunday,17:50,40, Dry, N, Night, Side Swipe, Not Injured, N, N
US,2,0,0,0,2017, November, Monday,17:40,40, Dry, N, Night, Rear End, Not Injured, N, N
US,2,0,0,1,2017, November, Monday,17:50,60, Dry, N, Night, Right Angle, Minor Injury, N, N
US,2,0,0,0,2017, November, Monday,17:30,40, Dry, N, Night, Head On, Not Injured, Y, N
US,2,0,0,0,2017, November, Monday,16:20,60, Dry, N, Daylight, Rear End, Not Injured, N, N
US,2,0,0,0,2017, November, Monday,21:00,30, Dry, N, Night, Rear End, Not Injured, N, N
US,2,0,0,0,2017, November, Monday,20:20,60, Dry, N, Night, Right Angle, Not Injured, N, N
US,2,0,0,1,2017, November, Monday,23:00,30, Dry, N, Night, Right Angle, Minor Injury, N, N
US,2,0,0,0,2017, November, Saturday,1:30,50, Dry, N, Night, Rear End, Not Injured, N, N
US,2,0,0,0,2017, November, Monday,11:20,70, Dry, N, Daylight, Right Angle, Not Injured, N, N
US,3,0,0,0,2017, September, Sunday,14:20,90, Dry, N, Daylight, Rear End, Not Injured, N, N
US,2,0,0,0,2017, November, Saturday,13:20,60, Dry, N, Daylight, Rear End, Not Injured, N, N
US,2,0,0,0,2017, November, Sunday,16:00,40, Dry, N, Daylight, Hit Pedestrian, Minor Injury, N, N
US,2,0,0,0,2017, November, Monday,10:10,40, Dry, N, Daylight, Right Angle, Not Injured, N, N
US,2,0,0,0,2017, September, Tuesday,14:40,90, Dry, N, Daylight, Rear End, Minor Injury, N, N
US,3,0,0,0,2017, November, Sunday,16:10,90, Dry, N, Night, Rear End, Not Injured, N, N
US,2,0,0,1,2017, November, Tuesday,6:00,40, Dry, N, Daylight, Hit Pedestrian, Minor Injury, N, N
US,2,1,0,0,2017, November, Friday,5:30,40, Dry, N, Night, Head On, Fatal, N, N
US,2,0,0,0,2017, November, Tuesday,8:10,40, Dry, N, Daylight, Side Swipe, Not Injured, N, N
US,2,0,0,0,2017, November, Friday,7:50,40, Dry, N, Daylight, Head On, Not Injured, N, N
US,2,0,0,1,2017, November, Tuesday,8:10,40, Dry, N, Daylight, Side Swipe, Minor Injury, N, N
US,2,0,1,0,2017, November, Tuesday,8:40,60, Dry, N, Daylight, Hit Pedestrian, Major Injury, N, N
US,3,0,0,0,2017, November, Tuesday,8:30,60, Dry, N, Daylight, Rear End, Not Injured, N, N
US,2,0,0,0,2017, November, Thursday,0:30,60, Dry, N, Night, Right Angle, Not Injured, N, N
US,3,0,0,0,2017, November, Tuesday,15:40,40, Dry, N, Daylight, Rear End, Minor Injury, N, N
US,2,0,0,2,2017, November, Tuesday,15:00,60, Dry, N, Daylight, Right Angle, Minor Injury, N, N
US,2,0,0,0,2017, November, Friday,18:10,60, Dry, N, Night, Rear End, Not Injured, N, N
US,2,0,0,0,2017, November, Tuesday,16:10,70, Dry, N, Daylight, Rear End, Not Injured, N, N
US,3,0,0,0,2017, November, Tuesday,16:10,40, Dry, N, Daylight, Rear End, Not Injured, N, N
US,2,0,0,0,2017, November, Saturday,7:10,110, Dry, N, Night, Rear End, Not Injured, N, N
US,3,0,0,0,2017, November, Tuesday,17:20,50, Dry, N, Night, Rear End, Not Injured, N, N
US,3,0,0,0,2017, November, Tuesday,17:20,50, Dry, N, Night, Rear End, Not Injured, N, N
US,2,0,0,0,2017, November, Tuesday,18:30,40, Dry, N, Night, Right Angle, Not Injured, N, N
US,2,0,0,0,2017, November, Wednesday,17:20,60, Dry, N, Night, Right Angle, Not Injured, N, N
US,2,0,0,0,2017, November, Tuesday,10:40,60, Dry, N, Daylight, Side Swipe, Not Injured, N, N
US,2,0,0,1,2017, November, Tuesday,18:20,60, Dry, N, Night, Rear End, Minor Injury, N, N
US,2,0,0,0,2017, November, Monday,2:00,70, Dry, N, Night, Rear End, Not Injured, Y, N
US,3,0,0,0,2017, August, Wednesday,17:30,90, Dry, N, Daylight, Rear End, Not Injured, N, N
US,2,0,0,1,2017, November, Wednesday,14:40,60, Dry, N, Daylight, Side Swipe, Minor Injury, N, N
US,2,0,0,1,2017, November, Monday,16:30,60, Dry, N, Daylight, Right Angle, Minor Injury, N, N
US,2,0,1,0,2017, November, Wednesday,18:30,70, Dry, N, Night, Hit Pedestrian, Major Injury, N, N
US,2,0,0,0,2017, November, Monday,22:50,90, Dry, N, Night, Rear End, Not Injured, N, N
US,4,0,0,0,2017, November, Tuesday,6:00,90, Dry, N, Daylight, Rear End, Not Injured, N, N
US,2,0,0,0,2017, November, Wednesday,9:10,40, Dry, N, Daylight, Rear End, Not Injured, N, N
US,2,0,0,0,2017, November, Wednesday,10:50,40, Dry, N, Daylight, Right Angle, Not Injured, N, N
US,2,0,0,0,2017, November, Wednesday,10:20,60, Dry, N, Daylight, Right Angle, Not Injured, N, N
US,2,0,0,0,2017, November, Wednesday,0:10,40, Dry, N, Daylight, Right Angle, Not Injured, N, N
US,2,0,0,0,2017, November, Wednesday,13:40,60, Dry, N, Daylight, Rear End, Not Injured, N, N
US,2,0,0,0,2017, November, Wednesday,14:40,80, Dry, N, Daylight, Rear End, Minor Injury, N, N
US,2,0,0,1,2017, November, Wednesday,11:30,60, Dry, N, Daylight, Right Angle, Minor Injury, N, N
US,2,0,0,0,2017, November, Wednesday,14:10,60, Dry, N, Daylight, Side Swipe, Not Injured, N, N
US,2,0,0,0,2017, November, Tuesday,15:50,60, Dry, N, Daylight, Side Swipe, Not Injured, N, N
US,2,0,0,0,2017, November, Wednesday,14:50,60, Dry, N, Daylight, Rear End, Not Injured, N, N
US,2,0,0,0,2017, September, Monday,6:50,90, Dry, N, Daylight, Right Angle, Minor Injury, N, N
US,3,0,0,1,2017, November, Wednesday,17:00,50, Dry, N, Night, Rear End, Minor Injury, N, N
US,2,0,0,0,2017, November, Tuesday,17:30,60, Dry, N, Night, Right Angle, Not Injured, N, N
US,2,0,0,0,2017, November, Friday,10:50,60, Dry, N, Daylight, Right Angle, Not Injured, N, N
US,2,0,0,0,2017, November, Wednesday,17:50,40, Dry, N, Night, Right Angle, Not Injured, N, N
US,2,0,0,0,2017, November, Wednesday,17:20,30, Dry, N, Night, Rear End, Not Injured, N, N
US,3,0,0,1,2017, November, Monday,14:00,90, Dry, N, Daylight, Rear End, Minor Injury, N, N
US,2,0,0,0,2017, November, Wednesday,17:10,40, Dry, N, Night, Right Angle, Minor Injury, N, N
US,2,0,2,0,2017, November, Monday,13:40,60, Dry, N, Daylight, Right Angle, Major Injury, N, N
US,2,0,0,0,2017, November, Wednesday,18:50,90, Dry, N, Night, Right Angle, Not Injured, N, N
US,2,0,0,0,2017, November, Wednesday,17:30,40, Dry, N, Night, Right Angle, Not Injured, N, N
US,2,0,0,1,2017, November, Tuesday,19:30,70, Dry, N, Night, Head On, Minor Injury, Y, N
US,2,0,0,0,2017, November, Sunday,0:20,40, Dry, N, Night, Side Swipe, Not Injured, Y, N
US,2,1,0,0,2017, November, Monday,4:50,70, Dry, N, Night, Hit Pedestrian, Fatal, Y, N
US,2,0,0,0,2017, October, Thursday,15:40,110, Wet, Y, Daylight, Rear End, Not Injured, N, N
US,2,0,0,0,2017, November, Thursday,5:20,40, Dry, N, Night, Side Swipe, Not Injured, N, N
US,2,0,0,0,2017, November, Tuesday,7:00,90, Dry, N, Daylight, Rear End, Not Injured, N, N
US,4,0,0,0,2017, November, Thursday,8:30,60, Dry, N, Daylight, Rear End, Not Injured, N, N
US,2,0,0,0,2017, November, Thursday,8:30,60, Dry, N, Daylight, Rear End, Not Injured, N, N
US,2,0,0,0,2017, November, Wednesday,13:20,70, Dry, N, Daylight, Rear End, Not Injured, N, N
US,2,0,0,0,2017, November, Thursday,11:40,40, Dry, N, Daylight, Side Swipe, Not Injured, N, N
US,2,0,0,0,2017, November, Sunday,0:50,60, Dry, N, Daylight, Right Angle, Not Injured, N, N
US,2,0,0,0,2017, November, Thursday,16:00,20, Wet, Y, Daylight, Rear End, Minor Injury, N, N
US,2,0,0,0,2017, November, Thursday,16:30,40, Wet, Y, Night, Right Angle, Not Injured, N, N
US,2,0,0,0,2017, October, Wednesday,14:50,90, Dry, N, Daylight, Rear End, Not Injured, Y, N
US,6,0,0,0,2017, November, Tuesday,7:00,90, Dry, N, Daylight, Rear End, Not Injured, N, N
US,2,0,0,0,2017, November, Tuesday,7:10,90, Dry, N, Daylight, Rear End, Not Injured, N, N
US,3,0,0,0,2017, November, Tuesday,9:00,90, Dry, N, Daylight, Rear End, Not Injured, N, N
US,4,0,0,0,2017, November, Thursday,17:30,40, Wet, Y, Night, Rear End, Not Injured, N, N
US,3,0,0,0,2017, November, Saturday,11:50,60, Dry, N, Daylight, Rear End, Not Injured, N, N
US,2,0,0,0,2017, November, Tuesday,6:50,30, Dry, N, Daylight, Rear End, Not Injured, N, N
US,2,0,0,1,2017, November, Thursday,17:50,40, Wet, Y, Night, Right Angle, Minor Injury, N, N
US,2,0,0,1,2017, November, Thursday,17:40,40, Wet, Y, Night, Rear End, Minor Injury, N, N
US,2,0,0,0,2017, November, Thursday,18:40,60, Wet, Y, Night, Rear End, Not Injured, N, N
US,2,0,0,0,2017, December, Friday,2:10,60, Dry, N, Night, Side Swipe, Not Injured, Y, N
US,2,0,0,0,2017, December, Friday,2:40,40, Dry, N, Night, Side Swipe, Not Injured, Y, N
US,2,0,0,0,2017, November, Thursday,7:50,60, Wet, N, Daylight, Right Angle, Minor Injury, N, N
US,3,1,0,0,2017, November, Sunday,22:00,40, Dry, N, Night, Hit Pedestrian, Fatal, N, N
US,2,0,0,0,2017, November, Thursday,10:00,40, Dry, N, Daylight, Hit Pedestrian, Minor Injury, N, N
US,3,0,0,0,2017, December, Friday,7:40,60, Dry, N, Daylight, Rear End, Not Injured, N, N
US,2,0,0,0,2017, November, Thursday,14:40,40, Dry, N, Daylight, Right Angle, Not Injured, N, N
US,2,0,0,1,2017, December, Friday,8:10,40, Dry, N, Daylight, Right Angle, Minor Injury, N, N
US,3,0,0,0,2017, December, Friday,8:50,60, Dry, Y, Daylight, Right Angle, Not Injured, N, N
US,3,0,0,0,2017, December, Friday,9:40,60, Dry, Y, Daylight, Rear End, Minor Injury, N, N
US,2,0,0,1,2017, November, Thursday,14:00,40, Dry, N, Daylight, Hit Pedestrian, Minor Injury, N, N
US,2,0,0,0,2017, December, Friday,15:20,60, Dry, N, Daylight, Right Angle, Not Injured, N, N
US,3,0,0,0,2017, December, Friday,15:40,30, Dry, N, Daylight, Head On, Minor Injury, N, N
US,2,0,0,0,2017, September, Saturday,23:00,90, Dry, N, Night, Rear End, Not Injured, Y, N
US,3,0,0,0,2017, December, Friday,19:30,30, Dry, N, Night, Rear End, Not Injured, N, N
US,2,0,0,0,2017, December, Friday,20:20,40, Dry, N, Night, Hit Pedestrian, Minor Injury, N, N
US,2,0,0,0,2017, December, Friday,19:30,40, Dry, N, Night, Side Swipe, Not Injured, N, N
US,2,0,0,0,2017, December, Saturday,2:10,40, Dry, N, Night, Side Swipe, Not Injured, Y, N
US,2,0,1,0,2017, December, Friday,13:40,60, Dry, N, Daylight, Head On, Major Injury, N, N
US,3,0,0,0,2017, December, Friday,10:30,60, Dry, N, Daylight, Rear End, Not Injured, N, N
US,2,0,0,0,2017, December, Saturday,7:40,60, Dry, N, Daylight, Rear End, Not Injured, N, N
US,2,0,0,1,2017, December, Saturday,8:40,60, Dry, N, Daylight, Rear End, Minor Injury, N, N
US,2,0,0,0,2017, November, Thursday,8:00,40, Dry, N, Daylight, Right Angle, Not Injured, N, N
US,2,0,0,0,2017, December, Saturday,0:20,40, Dry, N, Daylight, Right Angle, Not Injured, N, N
US,2,0,0,0,2017, November, Saturday,18:20,70, Dry, N, Night, Right Angle, Not Injured, N, N
US,2,0,0,1,2017, December, Saturday,13:50,40, Dry, N, Daylight, Side Swipe, Minor Injury, N, N
US,2,0,0,0,2017, December, Saturday,15:30,20, Dry, N, Daylight, Side Swipe, Not Injured, N, N
US,2,0,0,0,2017, December, Saturday,2:30,60, Dry, N, Night, Right Angle, Not Injured, Y, N
US,2,0,0,0,2017, December, Friday,19:30,70, Dry, N, Night, Side Swipe, Not Injured, N, N
US,2,0,0,0,2017, December, Saturday,19:50,40, Dry, N, Night, Hit Pedestrian, Minor Injury, N, N
US,2,0,0,0,2017, December, Saturday,21:30,40, Dry, N, Night, Rear End, Not Injured, N, N
US,4,0,0,1,2017, December, Friday,17:10,70, Dry, N, Night, Rear End, Minor Injury, N, N
US,2,0,0,1,2017, December, Saturday,20:00,40, Dry, N, Night, Head On, Minor Injury, N, N
US,2,0,0,1,2017, December, Friday,20:30,60, Dry, N, Night, Rear End, Minor Injury, N, N
US,3,0,0,0,2017, December, Sunday,0:30,50, Dry, N, Night, Head On, Not Injured, Y, N
US,3,0,0,1,2017, December, Sunday,2:00,40, Dry, N, Night, Head On, Minor Injury, N, N
US,2,0,0,0,2017, December, Sunday,1:40,40, Dry, N, Night, Right Angle, Not Injured, N, N
US,2,0,0,0,2017, November, Wednesday,18:30,90, Wet, Y, Night, Rear End, Minor Injury, N, N
US,3,0,0,8,2017, November, Friday,14:20,90, Dry, N, Daylight, Rear End, Minor Injury, N, N
US,3,0,0,4,2017, November, Wednesday,21:00,90, Dry, N, Night, Rear End, Minor Injury, N, N
US,2,0,0,0,2017, November, Thursday,11:30,60, Dry, N, Daylight, Right Angle, Not Injured, N, N
US,2,0,0,1,2017, December, Saturday,13:10,40, Dry, N, Daylight, Side Swipe, Minor Injury, N, N
US,2,0,0,1,2017, November, Sunday,13:00,40, Dry, N, Daylight, Right Angle, Minor Injury, N, N
US,2,0,0,0,2017, December, Sunday,11:20,40, Dry, N, Daylight, Head On, Not Injured, N, N
US,2,0,0,0,2017, November, Saturday,14:00,70, Dry, N, Daylight, Rear End, Not Injured, N, N
US,2,0,0,0,2017, December, Friday,20:10,40, Dry, N, Night, Rear End, Not Injured, N, N
US,2,0,0,1,2017, December, Sunday,15:40,40, Dry, N, Daylight, Hit Pedestrian, Minor Injury, N, N
US,2,0,0,1,2017, December, Sunday,0:50,60, Dry, N, Daylight, Rear End, Minor Injury, N, N
US,3,0,0,0,2017, December, Sunday,17:00,60, Dry, N, Night, Rear End, Minor Injury, N, N
US,2,0,0,0,2017, December, Saturday,18:30,60, Dry, N, Night, Head On, Not Injured, N, N
US,2,0,0,0,2017, November, Thursday,18:20,50, Wet, Y, Night, Rear End, Not Injured, N, N
US,3,0,0,0,2017, December, Sunday,17:30,40, Dry, N, Night, Side Swipe, Minor Injury, N, N
US,3,0,0,0,2017, December, Sunday,19:40,40, Dry, N, Night, Head On, Not Injured, N, N
US,2,0,0,0,2017, November, Monday,18:50,60, Dry, N, Night, Rear End, Not Injured, N, N
US,2,0,0,0,2017, December, Sunday,3:50,40, Dry, N, Night, Rear End, Not Injured, N, N
US,2,0,0,0,2017, December, Monday,5:30,40, Dry, N, Night, Right Angle, Minor Injury, N, N
US,2,0,0,0,2017, December, Monday,7:20,60, Dry, N, Daylight, Right Angle, Not Injured, N, N
US,2,0,0,0,2017, November, Wednesday,16:40,60, Dry, N, Daylight, Rear End, Not Injured, N, N
US,2,0,0,1,2017, December, Sunday,13:30,60, Dry, N, Daylight, Right Angle, Minor Injury, N, N
US,2,0,0,0,2017, December, Monday,0:00,40, Dry, N, Daylight, Right Angle, Not Injured, N, N
US,2,0,0,0,2017, December, Monday,15:40,60, Dry, N, Daylight, Right Angle, Not Injured, N, N
US,2,0,0,1,2017, December, Monday,16:20,60, Dry, N, Daylight, Right Angle, Minor Injury, N, N
US,2,0,0,0,2017, December, Monday,17:30,40, Dry, N, Daylight, Right Angle, Not Injured, N, N
US,2,0,0,0,2017, November, Wednesday,0:20,40, Dry, N, Daylight, Right Angle, Not Injured, N, N
US,2,0,0,0,2017, November, Wednesday,19:10,40, Dry, N, Night, Right Angle, Not Injured, N, N
US,3,0,0,0,2017, December, Monday,19:10,30, Dry, N, Night, Rear End, Minor Injury, N, N
US,3,0,0,0,2017, December, Monday,18:00,40, Dry, N, Night, Rear End, Not Injured, N, N
US,3,0,0,0,2017, December, Monday,17:30,60, Dry, N, Night, Right Angle, Not Injured, N, N
US,2,0,0,1,2017, December, Monday,17:50,40, Dry, N, Night, Hit Pedestrian, Minor Injury, N, N
US,2,0,0,0,2017, December, Monday,23:40,40, Dry, N, Night, Side Swipe, Not Injured, N, N
US,2,0,0,0,2017, November, Monday,18:10,70, Dry, N, Night, Side Swipe, Not Injured, N, N
US,2,0,1,1,2017, December, Sunday,16:20,40, Dry, N, Night, Head On, Major Injury, N, N
US,2,0,0,3,2017, November, Thursday,18:10,40, Dry, N, Night, Right Angle, Minor Injury, Y, N
US,2,0,0,0,2017, December, Tuesday,8:40,40, Wet, Y, Daylight, Right Angle, Not Injured, N, N
US,4,0,0,0,2017, December, Friday,14:50,60, Dry, N, Daylight, Rear End, Not Injured, N, N
US,2,0,0,0,2017, December, Tuesday,14:40,40, Wet, Y, Daylight, Right Angle, Not Injured, N, N
US,4,0,0,0,2017, December, Tuesday,16:20,40, Wet, Y, Night, Rear End, Not Injured, N, N
US,2,0,0,0,2017, December, Tuesday,16:30,40, Wet, Y, Night, Right Angle, Not Injured, N, N
US,2,0,0,0,2017, December, Friday,14:30,60, Dry, N, Daylight, Rear End, Minor Injury, N, N
US,2,0,0,0,2017, October, Tuesday,20:20,110, Dry, N, Night, Rear End, Not Injured, N, N
US,6,0,0,0,2017, November, Monday,15:30,90, Dry, N, Daylight, Rear End, Minor Injury, N, N
US,2,0,0,0,2017, December, Friday,16:10,90, Dry, N, Daylight, Rear End, Not Injured, N, N
US,2,0,0,0,2017, December, Tuesday,18:10,60, Wet, Y, Night, Right Angle, Not Injured, N, N
US,2,0,0,0,2017, November, Monday,9:00,40, Dry, N, Daylight, Side Swipe, Not Injured, N, N
US,2,0,0,0,2017, December, Tuesday,19:50,60, Wet, Y, Night, Rear End, Not Injured, N, N
US,2,0,0,0,2017, December, Tuesday,19:10,70, Wet, Y, Night, Rear End, Not Injured, N, N
US,2,0,0,0,2017, December, Tuesday,18:40,60, Wet, Y, Night, Rear End, Not Injured, N, N
US,2,0,0,1,2017, December, Tuesday,17:00,60, Wet, Y, Daylight, Side Swipe, Minor Injury, N, N
US,3,0,0,0,2017, December, Tuesday,16:10,60, Dry, N, Night, Rear End, Minor Injury, N, N
US,2,0,0,0,2017, December, Sunday,1:30,60, Dry, N, Night, Side Swipe, Not Injured, N, N
US,2,0,0,0,2017, November, Sunday,18:20,40, Dry, N, Night, Side Swipe, Not Injured, Y, N
US,2,0,0,0,2017, November, Sunday,13:10,60, Dry, N, Daylight, Right Angle, Minor Injury, N, N
US,2,0,0,0,2017, December, Wednesday,7:00,40, Dry, N, Daylight, Head On, Minor Injury, N, N
US,2,0,0,2,2017, December, Wednesday,8:30,40, Dry, N, Daylight, Right Angle, Minor Injury, N, N
US,2,0,0,0,2017, December, Wednesday,8:30,40, Dry, N, Daylight, Right Angle, Not Injured, N, N
US,2,0,0,0,2017, November, Wednesday,16:50,60, Dry, N, Daylight, Rear End, Not Injured, N, N
US,2,0,0,0,2017, December, Wednesday,0:10,40, Dry, N, Daylight, Right Angle, Not Injured, N, N
US,2,0,0,0,2017, December, Tuesday,19:40,30, Wet, N, Night, Rear End, Not Injured, N, N
US,2,0,0,1,2017, December, Monday,15:10,110, Dry, N, Daylight, Rear End, Minor Injury, N, N
US,2,0,0,0,2017, December, Wednesday,18:10,60, Dry, N, Night, Right Angle, Not Injured, N, N
US,2,0,0,0,2017, December, Wednesday,5:10,40, Dry, N, Night, Right Angle, Minor Injury, N, N
US,2,0,0,0,2017, December, Thursday,5:00,40, Dry, N, Night, Right Angle, Not Injured, N, N
US,2,0,0,1,2017, November, Thursday,17:00,40, Wet, Y, Night, Hit Pedestrian, Minor Injury, N, N
US,2,0,0,0,2017, December, Saturday,9:30,60, Dry, N, Daylight, Rear End, Minor Injury, N, N
US,2,0,0,0,2017, December, Sunday,18:10,60, Dry, N, Night, Right Angle, Not Injured, Y, N
US,2,0,0,1,2017, December, Wednesday,8:40,40, Dry, N, Daylight, Hit Pedestrian, Minor Injury, N, N
US,2,0,0,0,2017, November, Friday,15:00,90, Dry, N, Daylight, Rear End, Not Injured, N, N
US,2,0,0,0,2017, December, Wednesday,0:40,40, Dry, N, Daylight, Head On, Not Injured, N, N
US,2,0,0,0,2017, December, Thursday,9:20,40, Dry, N, Daylight, Right Angle, Not Injured, N, N
US,2,0,0,1,2017, December, Tuesday,14:50,40, Dry, N, Daylight, Right Angle, Minor Injury, N, N
US,2,0,0,0,2017, December, Thursday,8:30,40, Dry, N, Daylight, Right Angle, Not Injured, Y, N
US,2,0,0,0,2017, December, Thursday,9:20,40, Dry, N, Daylight, Rear End, Minor Injury, N, N
US,2,0,0,0,2017, November, Thursday,11:40,80, Dry, N, Daylight, Rear End, Not Injured, N, N